"Step","resnet-8 - val/auc_w/ttH","resnet-8 - val/auc_w/ttH__MIN","resnet-8 - val/auc_w/ttH__MAX","resnet-8-embed-nan-w - val/auc_w/ttH","resnet-8-embed-nan-w - val/auc_w/ttH__MIN","resnet-8-embed-nan-w - val/auc_w/ttH__MAX","resnet-8-embed - val/auc_w/ttH","resnet-8-embed - val/auc_w/ttH__MIN","resnet-8-embed - val/auc_w/ttH__MAX","resnet-8-nan-w - val/auc_w/ttH","resnet-8-nan-w - val/auc_w/ttH__MIN","resnet-8-nan-w - val/auc_w/ttH__MAX"
"1","0.634422753267553","0.634422753267553","0.634422753267553","0.6182463454008158","0.6182463454008158","0.6182463454008158","0.5882183618412177","0.5882183618412177","0.5882183618412177","0.6274532004580389","0.6274532004580389","0.6274532004580389"
"2","0.6225912157254851","0.6225912157254851","0.6225912157254851","0.6436646350022487","0.6436646350022487","0.6436646350022487","0.6282876991082665","0.6282876991082665","0.6282876991082665","0.6444499766480203","0.6444499766480203","0.6444499766480203"
"3","0.6437088109291776","0.6437088109291776","0.6437088109291776","0.6448364331202101","0.6448364331202101","0.6448364331202101","0.6335541470254835","0.6335541470254835","0.6335541470254835","0.6460767554275784","0.6460767554275784","0.6460767554275784"
"4","0.6419983201501615","0.6419983201501615","0.6419983201501615","0.6330860568870481","0.6330860568870481","0.6330860568870481","0.6489914727030242","0.6489914727030242","0.6489914727030242","0.652460053080289","0.652460053080289","0.652460053080289"
"5","0.6459739594739135","0.6459739594739135","0.6459739594739135","0.6344423550224108","0.6344423550224108","0.6344423550224108","0.6510826294955262","0.6510826294955262","0.6510826294955262","0.6560637880896714","0.6560637880896714","0.6560637880896714"
"6","0.6456827389000696","0.6456827389000696","0.6456827389000696","0.6461346416073968","0.6461346416073968","0.6461346416073968","0.6393796844057446","0.6393796844057446","0.6393796844057446","0.6431850211818393","0.6431850211818393","0.6431850211818393"
"7","0.6491494079522522","0.6491494079522522","0.6491494079522522","0.6453744125650027","0.6453744125650027","0.6453744125650027","0.655815689488864","0.655815689488864","0.655815689488864","0.6595356435276925","0.6595356435276925","0.6595356435276925"
"8","0.6527539684681422","0.6527539684681422","0.6527539684681422","0.6428009377997443","0.6428009377997443","0.6428009377997443","0.6516706108724315","0.6516706108724315","0.6516706108724315","0.6563557246231766","0.6563557246231766","0.6563557246231766"
"9","0.6497616327736986","0.6497616327736986","0.6497616327736986","0.6422731526205464","0.6422731526205464","0.6422731526205464","0.6531639039342042","0.6531639039342042","0.6531639039342042","0.6453214079252126","0.6453214079252126","0.6453214079252126"
"10","0.6540989938361365","0.6540989938361365","0.6540989938361365","0.6465755724773445","0.6465755724773445","0.6465755724773445","0.6593024184344948","0.6593024184344948","0.6593024184344948","0.6478439050095639","0.6478439050095639","0.6478439050095639"
"11","0.6656178024574155","0.6656178024574155","0.6656178024574155","0.6488526163850137","0.6488526163850137","0.6488526163850137","0.6429335556148149","0.6429335556148149","0.6429335556148149","0.6720709582509445","0.6720709582509445","0.6720709582509445"
"12","0.6516133271403726","0.6516133271403726","0.6516133271403726","0.6193655667608756","0.6193655667608756","0.6193655667608756","0.6395208100463894","0.6395208100463894","0.6395208100463894","0.6782912009184037","0.6782912009184037","0.6782912009184037"
"13","0.6716743481079166","0.6716743481079166","0.6716743481079166","0.637053995785188","0.637053995785188","0.637053995785188","0.6488436039717358","0.6488436039717358","0.6488436039717358","0.703715293314378","0.703715293314378","0.703715293314378"
"14","0.6897225658076402","0.6897225658076402","0.6897225658076402","0.6195414932882262","0.6195414932882262","0.6195414932882262","0.6580551402171375","0.6580551402171375","0.6580551402171375","0.6866078120096181","0.6866078120096181","0.6866078120096181"
"15","0.692783984898005","0.692783984898005","0.692783984898005","0.6500890014754086","0.6500890014754086","0.6500890014754086","0.6658480370946469","0.6658480370946469","0.6658480370946469","0.6942273274577561","0.6942273274577561","0.6942273274577561"
"16","0.7049459498084757","0.7049459498084757","0.7049459498084757","0.6541458109460299","0.6541458109460299","0.6541458109460299","0.6629369926240425","0.6629369926240425","0.6629369926240425","0.7007017342898709","0.7007017342898709","0.7007017342898709"
"17","0.7052188900433529","0.7052188900433529","0.7052188900433529","0.658827203899186","0.658827203899186","0.658827203899186","0.6669176548906026","0.6669176548906026","0.6669176548906026","0.6711485878153614","0.6711485878153614","0.6711485878153614"
"18","0.7179299986564242","0.7179299986564242","0.7179299986564242","0.6511084644101176","0.6511084644101176","0.6511084644101176","0.661010367984786","0.661010367984786","0.661010367984786","0.6771360232285848","0.6771360232285848","0.6771360232285848"
"19","0.7129811865739833","0.7129811865739833","0.7129811865739833","0.6561599306471781","0.6561599306471781","0.6561599306471781","0.6618803496548908","0.6618803496548908","0.6618803496548908","0.7055784363877596","0.7055784363877596","0.7055784363877596"
"20","0.6862586003727879","0.6862586003727879","0.6862586003727879","0.6618369452409969","0.6618369452409969","0.6618369452409969","0.6827747013305656","0.6827747013305656","0.6827747013305656","0.6811940501968619","0.6811940501968619","0.6811940501968619"
"21","0.7161456572567156","0.7161456572567156","0.7161456572567156","0.6714507147575428","0.6714507147575428","0.6714507147575428","0.6728220282573587","0.6728220282573587","0.6728220282573587","0.7027847707559179","0.7027847707559179","0.7027847707559179"
"22","0.7113582816982766","0.7113582816982766","0.7113582816982766","0.6899192103100211","0.6899192103100211","0.6899192103100211","0.7039292756079872","0.7039292756079872","0.7039292756079872","0.693732055602067","0.693732055602067","0.693732055602067"
"23","0.717146114207944","0.717146114207944","0.717146114207944","0.6967610939649894","0.6967610939649894","0.6967610939649894","0.6843318971581238","0.6843318971581238","0.6843318971581238","0.6952851684637281","0.6952851684637281","0.6952851684637281"
"24","0.7335113506979638","0.7335113506979638","0.7335113506979638","0.6778989274267989","0.6778989274267989","0.6778989274267989","0.7118905553244732","0.7118905553244732","0.7118905553244732","0.6969500316006106","0.6969500316006106","0.6969500316006106"
"25","0.7166684297885859","0.7166684297885859","0.7166684297885859","0.6710958202884548","0.6710958202884548","0.6710958202884548","0.713135034898541","0.713135034898541","0.713135034898541","0.7268225257616463","0.7268225257616463","0.7268225257616463"
"26","0.712951149663934","0.712951149663934","0.712951149663934","0.6797254740695845","0.6797254740695845","0.6797254740695845","0.7250796908634409","0.7250796908634409","0.7250796908634409","0.7234453991989582","0.7234453991989582","0.7234453991989582"
"27","0.7000497287643952","0.7000497287643952","0.7000497287643952","0.6838801292137189","0.6838801292137189","0.6838801292137189","0.7107348261748447","0.7107348261748447","0.7107348261748447","0.7157083976136924","0.7157083976136924","0.7157083976136924"
"28","0.7173244737959634","0.7173244737959634","0.7173244737959634","0.6674218284216666","0.6674218284216666","0.6674218284216666","0.6988363623157771","0.6988363623157771","0.6988363623157771","0.7243977822065016","0.7243977822065016","0.7243977822065016"
"29","0.7136191112105519","0.7136191112105519","0.7136191112105519","0.6804880340806877","0.6804880340806877","0.6804880340806877","0.7061176157235232","0.7061176157235232","0.7061176157235232","0.6886818166256693","0.6886818166256693","0.6886818166256693"
"30","0.6960201602560262","0.6960201602560262","0.6960201602560262","0.6694419879955449","0.6694419879955449","0.6694419879955449","0.7076351688574192","0.7076351688574192","0.7076351688574192","0.7170784382935442","0.7170784382935442","0.7170784382935442"
"31","0.7121233700781208","0.7121233700781208","0.7121233700781208","0.7047589939531809","0.7047589939531809","0.7047589939531809","0.6964904753582373","0.6964904753582373","0.6964904753582373","0.6975084377604523","0.6975084377604523","0.6975084377604523"
"32","0.7219220090021377","0.7219220090021377","0.7219220090021377","0.6856825303978573","0.6856825303978573","0.6856825303978573","0.6792750437086446","0.6792750437086446","0.6792750437086446","0.7046639653131805","0.7046639653131805","0.7046639653131805"
"33","0.7113592220619538","0.7113592220619538","0.7113592220619538","0.6915199413229735","0.6915199413229735","0.6915199413229735","0.676464886421515","0.676464886421515","0.676464886421515","0.6829133640322357","0.6829133640322357","0.6829133640322357"
"34","0.7150806617907783","0.7150806617907783","0.7150806617907783","0.6913033944596606","0.6913033944596606","0.6913033944596606","0.7069106844428525","0.7069106844428525","0.7069106844428525","0.6905014045901847","0.6905014045901847","0.6905014045901847"
"35","0.72551651620495","0.72551651620495","0.72551651620495","0.6818357852923805","0.6818357852923805","0.6818357852923805","0.7083581957269215","0.7083581957269215","0.7083581957269215","0.7023772427118228","0.7023772427118228","0.7023772427118228"
"36","0.7391482204245725","0.7391482204245725","0.7391482204245725","0.7031894205483149","0.7031894205483149","0.7031894205483149","0.722541063543195","0.722541063543195","0.722541063543195","0.6938354520085079","0.6938354520085079","0.6938354520085079"
"37","0.7209969012795254","0.7209969012795254","0.7209969012795254","0.6976232894641519","0.6976232894641519","0.6976232894641519","0.7170772701715136","0.7170772701715136","0.7170772701715136","0.7004143004184394","0.7004143004184394","0.7004143004184394"
"38","0.7128940620207517","0.7128940620207517","0.7128940620207517","0.6563796028986821","0.6563796028986821","0.6563796028986821","0.7111769564422235","0.7111769564422235","0.7111769564422235","0.6935442151468902","0.6935442151468902","0.6935442151468902"
"39","0.7083752811292187","0.7083752811292187","0.7083752811292187","0.6799659440278425","0.6799659440278425","0.6799659440278425","0.7172542433249299","0.7172542433249299","0.7172542433249299","0.6987701721801864","0.6987701721801864","0.6987701721801864"
"40","0.7267455474385816","0.7267455474385816","0.7267455474385816","0.6843022283259825","0.6843022283259825","0.6843022283259825","0.708609768730475","0.708609768730475","0.708609768730475","0.6916159864121069","0.6916159864121069","0.6916159864121069"
"41","0.7232952171919923","0.7232952171919923","0.7232952171919923","0.6982740140956625","0.6982740140956625","0.6982740140956625","0.6990659914614179","0.6990659914614179","0.6990659914614179","0.6715102549767424","0.6715102549767424","0.6715102549767424"
"42","0.7135614628232596","0.7135614628232596","0.7135614628232596","0.6560866613420937","0.6560866613420937","0.6560866613420937","0.7121435543237215","0.7121435543237215","0.7121435543237215","0.6758829331925202","0.6758829331925202","0.6758829331925202"
"43","0.6874296368494934","0.6874296368494934","0.6874296368494934","0.7017288956372165","0.7017288956372165","0.7017288956372165","0.6879763007292367","0.6879763007292367","0.6879763007292367","0.6926756443884363","0.6926756443884363","0.6926756443884363"
"44","0.7077108852337297","0.7077108852337297","0.7077108852337297","0.6742797196144988","0.6742797196144988","0.6742797196144988","0.7074355607939271","0.7074355607939271","0.7074355607939271","0.6697944197011758","0.6697944197011758","0.6697944197011758"
"45","0.7046417092609287","0.7046417092609287","0.7046417092609287","0.6876046309709833","0.6876046309709833","0.6876046309709833","0.6958967364655824","0.6958967364655824","0.6958967364655824","0.701201697232045","0.701201697232045","0.701201697232045"
"46","0.6909053799206019","0.6909053799206019","0.6909053799206019","0.6960229252025538","0.6960229252025538","0.6960229252025538","0.7024330661522812","0.7024330661522812","0.7024330661522812","0.6789065973426822","0.6789065973426822","0.6789065973426822"
"47","0.7079903866707755","0.7079903866707755","0.7079903866707755","0.6904811605071551","0.6904811605071551","0.6904811605071551","0.6782083495058792","0.6782083495058792","0.6782083495058792","0.6861774453047997","0.6861774453047997","0.6861774453047997"
"48","0.6985492300681642","0.6985492300681642","0.6985492300681642","0.6901388338323796","0.6901388338323796","0.6901388338323796","0.7062729270940713","0.7062729270940713","0.7062729270940713","0.684368348731999","0.684368348731999","0.684368348731999"
"49","0.7113235617990403","0.7113235617990403","0.7113235617990403","0.695886229378829","0.695886229378829","0.695886229378829","0.6951481008630579","0.6951481008630579","0.6951481008630579","0.658269276497329","0.658269276497329","0.658269276497329"
"50","0.6920611917394431","0.6920611917394431","0.6920611917394431","0.6416351591936464","0.6416351591936464","0.6416351591936464","0.6941937395329629","0.6941937395329629","0.6941937395329629","0.6600954345836971","0.6600954345836971","0.6600954345836971"
"51","0.6842597086355016","0.6842597086355016","0.6842597086355016","0.6746742210170944","0.6746742210170944","0.6746742210170944","0.6941519425199495","0.6941519425199495","0.6941519425199495","0.6290872278421096","0.6290872278421096","0.6290872278421096"
"52","0.6845337577925428","0.6845337577925428","0.6845337577925428","0.6924446648766291","0.6924446648766291","0.6924446648766291","0.6829520740291737","0.6829520740291737","0.6829520740291737","0.6776548720243256","0.6776548720243256","0.6776548720243256"
"53","0.701371927080892","0.701371927080892","0.701371927080892","0.6654655626811536","0.6654655626811536","0.6654655626811536","0.7051937499897165","0.7051937499897165","0.7051937499897165","0.6647613031841694","0.6647613031841694","0.6647613031841694"
"54","0.6842657910763983","0.6842657910763983","0.6842657910763983","0.6692610435453981","0.6692610435453981","0.6692610435453981","0.6896151690815093","0.6896151690815093","0.6896151690815093","0.6732624845321314","0.6732624845321314","0.6732624845321314"
"55","0.7179826253952664","0.7179826253952664","0.7179826253952664","0.6762072415599082","0.6762072415599082","0.6762072415599082","0.6669822754780041","0.6669822754780041","0.6669822754780041","0.6789703053812954","0.6789703053812954","0.6789703053812954"
"56","0.689823884521769","0.689823884521769","0.689823884521769","0.6808024074933801","0.6808024074933801","0.6808024074933801","0.6946817560266066","0.6946817560266066","0.6946817560266066","0.6483694573796105","0.6483694573796105","0.6483694573796105"
"57","0.6751574532550644","0.6751574532550644","0.6751574532550644","0.6294675778572296","0.6294675778572296","0.6294675778572296","0.683923447246484","0.683923447246484","0.683923447246484","0.641975461847868","0.641975461847868","0.641975461847868"
"58","0.6773006888984451","0.6773006888984451","0.6773006888984451","0.6884700453160247","0.6884700453160247","0.6884700453160247","0.6960212660557668","0.6960212660557668","0.6960212660557668","0.679353620240572","0.679353620240572","0.679353620240572"
"59","0.7087577222532425","0.7087577222532425","0.7087577222532425","0.6517807608634099","0.6517807608634099","0.6517807608634099","0.695923709117934","0.695923709117934","0.695923709117934","0.6716851537073687","0.6716851537073687","0.6716851537073687"
"60","0.6685179413447396","0.6685179413447396","0.6685179413447396","0.6571352839273846","0.6571352839273846","0.6571352839273846","0.6871927664826418","0.6871927664826418","0.6871927664826418","0.6530342512469145","0.6530342512469145","0.6530342512469145"
"61","0.6802530919367844","0.6802530919367844","0.6802530919367844","0.6544543460754622","0.6544543460754622","0.6544543460754622","0.6749680312852127","0.6749680312852127","0.6749680312852127","0.6333462831983","0.6333462831983","0.6333462831983"
"62","0.7019859086371287","0.7019859086371287","0.7019859086371287","0.6623285589226195","0.6623285589226195","0.6623285589226195","0.672383043467236","0.672383043467236","0.672383043467236","0.6667185261650076","0.6667185261650076","0.6667185261650076"
"63","0.6825854323273968","0.6825854323273968","0.6825854323273968","0.6518598202364253","0.6518598202364253","0.6518598202364253","0.6822257355454012","0.6822257355454012","0.6822257355454012","0.6496272474441225","0.6496272474441225","0.6496272474441225"
"64","0.6860527006691034","0.6860527006691034","0.6860527006691034","0.6453604699474981","0.6453604699474981","0.6453604699474981","0.6815767190858284","0.6815767190858284","0.6815767190858284","0.6412313310665844","0.6412313310665844","0.6412313310665844"
"65","0.6718916985757011","0.6718916985757011","0.6718916985757011","0.6751627464812959","0.6751627464812959","0.6751627464812959","0.6480311777483858","0.6480311777483858","0.6480311777483858","0.6541794509597695","0.6541794509597695","0.6541794509597695"
"66","0.6673613578390942","0.6673613578390942","0.6673613578390942","0.6165641678080032","0.6165641678080032","0.6165641678080032","0.6869465170188154","0.6869465170188154","0.6869465170188154","0.6274482823366612","0.6274482823366612","0.6274482823366612"
"67","0.6626961154503166","0.6626961154503166","0.6626961154503166","0.6478980771853465","0.6478980771853465","0.6478980771853465","0.6495864346930919","0.6495864346930919","0.6495864346930919","0.6567837988431687","0.6567837988431687","0.6567837988431687"
"68","0.6674429043703063","0.6674429043703063","0.6674429043703063","0.6342095767191811","0.6342095767191811","0.6342095767191811","0.6639952625216806","0.6639952625216806","0.6639952625216806","0.6523550674064389","0.6523550674064389","0.6523550674064389"
"69","0.6786993439487942","0.6786993439487942","0.6786993439487942","0.6190250604254565","0.6190250604254565","0.6190250604254565","0.6708213729005057","0.6708213729005057","0.6708213729005057","0.6524836621417942","0.6524836621417942","0.6524836621417942"
"70","0.6547315687549772","0.6547315687549772","0.6547315687549772","0.6491246056433928","0.6491246056433928","0.6491246056433928","0.6684095632620483","0.6684095632620483","0.6684095632620483","0.6428858115056368","0.6428858115056368","0.6428858115056368"
"71","0.6832472388600149","0.6832472388600149","0.6832472388600149","0.630791336817717","0.630791336817717","0.630791336817717","0.6780488719303671","0.6780488719303671","0.6780488719303671","0.6609874447192778","0.6609874447192778","0.6609874447192778"
"72","0.6647499496734068","0.6647499496734068","0.6647499496734068","0.6522698228224268","0.6522698228224268","0.6522698228224268","0.6610215566853936","0.6610215566853936","0.6610215566853936","0.6336519273449696","0.6336519273449696","0.6336519273449696"
"73","0.6733923183310808","0.6733923183310808","0.6733923183310808","0.6434364450099365","0.6434364450099365","0.6434364450099365","0.6745285685482122","0.6745285685482122","0.6745285685482122","0.6531762917265943","0.6531762917265943","0.6531762917265943"
"74","0.6807876183535","0.6807876183535","0.6807876183535","0.6410190998325652","0.6410190998325652","0.6410190998325652","0.6665991855438738","0.6665991855438738","0.6665991855438738","0.6433140129453795","0.6433140129453795","0.6433140129453795"
"75","0.6673552320453365","0.6673552320453365","0.6673552320453365","0.6447690596993297","0.6447690596993297","0.6447690596993297","0.6569114668444554","0.6569114668444554","0.6569114668444554","0.6506080387844221","0.6506080387844221","0.6506080387844221"
"76","0.661348223858102","0.661348223858102","0.661348223858102","0.6514768886342516","0.6514768886342516","0.6514768886342516","0.674240579855296","0.674240579855296","0.674240579855296","0.6433663237934678","0.6433663237934678","0.6433663237934678"
"77","0.6484880660259108","0.6484880660259108","0.6484880660259108","0.6454489933047307","0.6454489933047307","0.6454489933047307","0.6610058286893488","0.6610058286893488","0.6610058286893488","0.6250037608025807","0.6250037608025807","0.6250037608025807"
"78","0.6757802982313549","0.6757802982313549","0.6757802982313549","0.6681164160090216","0.6681164160090216","0.6681164160090216","0.6772048556123427","0.6772048556123427","0.6772048556123427","0.6240525418595567","0.6240525418595567","0.6240525418595567"
"79","0.6606507816960373","0.6606507816960373","0.6606507816960373","0.6460778314197267","0.6460778314197267","0.6460778314197267","0.6629021415499905","0.6629021415499905","0.6629021415499905","0.6288158670983998","0.6288158670983998","0.6288158670983998"
"80","0.6607560426230052","0.6607560426230052","0.6607560426230052","0.6450782532863304","0.6450782532863304","0.6450782532863304","0.6521594217663644","0.6521594217663644","0.6521594217663644","0.6527305366733933","0.6527305366733933","0.6527305366733933"
"81","0.6512977054787271","0.6512977054787271","0.6512977054787271","0.651542147632425","0.651542147632425","0.651542147632425","0.6616423922454449","0.6616423922454449","0.6616423922454449","0.6073135491680444","0.6073135491680444","0.6073135491680444"
"82","0.6526833302391563","0.6526833302391563","0.6526833302391563","0.6375585501750081","0.6375585501750081","0.6375585501750081","0.6667335025755006","0.6667335025755006","0.6667335025755006","0.6465873047304025","0.6465873047304025","0.6465873047304025"
"83","0.6540579473724792","0.6540579473724792","0.6540579473724792","0.6531948941683532","0.6531948941683532","0.6531948941683532","0.6616129240418736","0.6616129240418736","0.6616129240418736","0.6392193991921216","0.6392193991921216","0.6392193991921216"
"84","0.6704007042842478","0.6704007042842478","0.6704007042842478","0.6223797560107932","0.6223797560107932","0.6223797560107932","0.6520289108328069","0.6520289108328069","0.6520289108328069","0.6429523965707405","0.6429523965707405","0.6429523965707405"
"85","0.6416642083242535","0.6416642083242535","0.6416642083242535","0.6297110972328869","0.6297110972328869","0.6297110972328869","0.6460155723855537","0.6460155723855537","0.6460155723855537","0.6448785067953082","0.6448785067953082","0.6448785067953082"
"86","0.6547527459466725","0.6547527459466725","0.6547527459466725","0.6538959560272614","0.6538959560272614","0.6538959560272614","0.6629560393230963","0.6629560393230963","0.6629560393230963","0.6335283642833217","0.6335283642833217","0.6335283642833217"
"87","0.6583603917445313","0.6583603917445313","0.6583603917445313","0.6556671474194088","0.6556671474194088","0.6556671474194088","0.6562016952503612","0.6562016952503612","0.6562016952503612","0.6527062391162922","0.6527062391162922","0.6527062391162922"
"88","0.6492028647046273","0.6492028647046273","0.6492028647046273","0.6308768517239624","0.6308768517239624","0.6308768517239624","0.6245800836081794","0.6245800836081794","0.6245800836081794","0.6027188883452163","0.6027188883452163","0.6027188883452163"
"89","0.6482166589164261","0.6482166589164261","0.6482166589164261","0.6304821769917234","0.6304821769917234","0.6304821769917234","0.6535468742819057","0.6535468742819057","0.6535468742819057","0.6430886146085001","0.6430886146085001","0.6430886146085001"
"90","0.6539402883564607","0.6539402883564607","0.6539402883564607","0.6138276706212075","0.6138276706212075","0.6138276706212075","0.659396884733276","0.659396884733276","0.659396884733276","0.6595090251955978","0.6595090251955978","0.6595090251955978"
"91","0.6599377068430862","0.6599377068430862","0.6599377068430862","0.6425368771128386","0.6425368771128386","0.6425368771128386","0.6536192530357774","0.6536192530357774","0.6536192530357774","0.6333350677809626","0.6333350677809626","0.6333350677809626"
"92","0.6527118425914935","0.6527118425914935","0.6527118425914935","0.6407851078286241","0.6407851078286241","0.6407851078286241","0.6728579447086349","0.6728579447086349","0.6728579447086349","0.6438133745173877","0.6438133745173877","0.6438133745173877"
"93","0.6426778544839625","0.6426778544839625","0.6426778544839625","0.6384093426328614","0.6384093426328614","0.6384093426328614","0.6632104756338014","0.6632104756338014","0.6632104756338014","0.6547790770008652","0.6547790770008652","0.6547790770008652"
"94","0.655376797867395","0.655376797867395","0.655376797867395","0.6477830030445588","0.6477830030445588","0.6477830030445588","0.6589138113730916","0.6589138113730916","0.6589138113730916","0.5932534902085441","0.5932534902085441","0.5932534902085441"
"95","0.6520715524339493","0.6520715524339493","0.6520715524339493","0.6616602119346698","0.6616602119346698","0.6616602119346698","0.6463903865319441","0.6463903865319441","0.6463903865319441","0.6223342471223","0.6223342471223","0.6223342471223"
"96","0.6565355108868127","0.6565355108868127","0.6565355108868127","0.6481227365664992","0.6481227365664992","0.6481227365664992","0.6541811328394944","0.6541811328394944","0.6541811328394944","0.6408484398219292","0.6408484398219292","0.6408484398219292"
"97","0.6519933201045278","0.6519933201045278","0.6519933201045278","0.6264402955188497","0.6264402955188497","0.6264402955188497","0.6502512184313504","0.6502512184313504","0.6502512184313504","0.6188505959450041","0.6188505959450041","0.6188505959450041"
"98","0.6505678492115071","0.6505678492115071","0.6505678492115071","0.6234238408266326","0.6234238408266326","0.6234238408266326","0.6542810342540727","0.6542810342540727","0.6542810342540727","0.6398098410078119","0.6398098410078119","0.6398098410078119"
"99","0.6435561117367643","0.6435561117367643","0.6435561117367643","0.6429663570259146","0.6429663570259146","0.6429663570259146","0.6475925156426665","0.6475925156426665","0.6475925156426665","0.6450848251313259","0.6450848251313259","0.6450848251313259"
"100","0.6433927676904975","0.6433927676904975","0.6433927676904975","0.6364122682910823","0.6364122682910823","0.6364122682910823","0.6591248719024049","0.6591248719024049","0.6591248719024049","0.647377078839494","0.647377078839494","0.647377078839494"
"101","","","","0.6357795847994931","0.6357795847994931","0.6357795847994931","0.6552075269551134","0.6552075269551134","0.6552075269551134","0.6468516463408668","0.6468516463408668","0.6468516463408668"
"102","","","","0.6107323251414426","0.6107323251414426","0.6107323251414426","0.6504894274091688","0.6504894274091688","0.6504894274091688","0.626425411154177","0.626425411154177","0.626425411154177"
"103","","","","0.608351585451326","0.608351585451326","0.608351585451326","0.6442823563329443","0.6442823563329443","0.6442823563329443","0.6246923020164697","0.6246923020164697","0.6246923020164697"
"104","","","","0.6333053690287765","0.6333053690287765","0.6333053690287765","0.6396899536723222","0.6396899536723222","0.6396899536723222","0.6151102964180818","0.6151102964180818","0.6151102964180818"
"105","","","","0.6426118695045007","0.6426118695045007","0.6426118695045007","0.6636934649659271","0.6636934649659271","0.6636934649659271","0.6479363129966433","0.6479363129966433","0.6479363129966433"
"106","","","","0.625439874523362","0.625439874523362","0.625439874523362","0.6752743260525793","0.6752743260525793","0.6752743260525793","0.6237460120954721","0.6237460120954721","0.6237460120954721"
"107","","","","0.6471777293915277","0.6471777293915277","0.6471777293915277","0.6463388736810451","0.6463388736810451","0.6463388736810451","0.6291465018117184","0.6291465018117184","0.6291465018117184"
"108","","","","0.6091663529103737","0.6091663529103737","0.6091663529103737","0.652427917315961","0.652427917315961","0.652427917315961","0.6414905802353402","0.6414905802353402","0.6414905802353402"
"109","","","","0.6240367860187094","0.6240367860187094","0.6240367860187094","0.6509055636775578","0.6509055636775578","0.6509055636775578","0.6376811432308522","0.6376811432308522","0.6376811432308522"
"110","","","","0.6401672940276623","0.6401672940276623","0.6401672940276623","0.6614604142073766","0.6614604142073766","0.6614604142073766","0.6337798848351168","0.6337798848351168","0.6337798848351168"
"111","","","","0.6102683552883746","0.6102683552883746","0.6102683552883746","0.6529526436685382","0.6529526436685382","0.6529526436685382","0.6433556314260275","0.6433556314260275","0.6433556314260275"
"112","","","","0.6244339469682352","0.6244339469682352","0.6244339469682352","0.6575050058481741","0.6575050058481741","0.6575050058481741","0.6369305218988986","0.6369305218988986","0.6369305218988986"
"113","","","","0.6201218110253927","0.6201218110253927","0.6201218110253927","0.6658916841714562","0.6658916841714562","0.6658916841714562","0.6491701899176076","0.6491701899176076","0.6491701899176076"
"114","","","","0.6152860087492309","0.6152860087492309","0.6152860087492309","0.6550195975786577","0.6550195975786577","0.6550195975786577","0.6109170516962589","0.6109170516962589","0.6109170516962589"
"115","","","","0.6354224405946973","0.6354224405946973","0.6354224405946973","0.6470969579077918","0.6470969579077918","0.6470969579077918","0.6264744185826489","0.6264744185826489","0.6264744185826489"
"116","","","","0.6053015065763985","0.6053015065763985","0.6053015065763985","0.6607549077542954","0.6607549077542954","0.6607549077542954","0.6327491858394663","0.6327491858394663","0.6327491858394663"
"117","","","","0.6391920701879973","0.6391920701879973","0.6391920701879973","0.6438475171235537","0.6438475171235537","0.6438475171235537","0.6423469953572155","0.6423469953572155","0.6423469953572155"
"118","","","","0.6233371407361025","0.6233371407361025","0.6233371407361025","0.6435681934909859","0.6435681934909859","0.6435681934909859","0.6212116699890646","0.6212116699890646","0.6212116699890646"
"119","","","","0.6018651003259095","0.6018651003259095","0.6018651003259095","0.6412887695044358","0.6412887695044358","0.6412887695044358","0.6494470837306678","0.6494470837306678","0.6494470837306678"
"120","","","","0.6205510734940354","0.6205510734940354","0.6205510734940354","0.6479042728376005","0.6479042728376005","0.6479042728376005","0.6418430930978796","0.6418430930978796","0.6418430930978796"
"121","","","","0.6303822449312744","0.6303822449312744","0.6303822449312744","0.6595088741312631","0.6595088741312631","0.6595088741312631","0.6363722277831851","0.6363722277831851","0.6363722277831851"
"122","","","","0.6149153505050277","0.6149153505050277","0.6149153505050277","0.6549454337999228","0.6549454337999228","0.6549454337999228","0.6089441290419222","0.6089441290419222","0.6089441290419222"
"123","","","","0.6085748475059476","0.6085748475059476","0.6085748475059476","0.6547868887538677","0.6547868887538677","0.6547868887538677","0.6322194590960416","0.6322194590960416","0.6322194590960416"
"124","","","","0.5961282336925553","0.5961282336925553","0.5961282336925553","0.6459504268318207","0.6459504268318207","0.6459504268318207","0.6336344287019451","0.6336344287019451","0.6336344287019451"
"125","","","","0.5966485991849702","0.5966485991849702","0.5966485991849702","0.6465470131356064","0.6465470131356064","0.6465470131356064","0.6055156275479278","0.6055156275479278","0.6055156275479278"
"126","","","","0.6285144579984916","0.6285144579984916","0.6285144579984916","0.6529706417998191","0.6529706417998191","0.6529706417998191","0.5980068392643272","0.5980068392643272","0.5980068392643272"
"127","","","","0.6186735569666224","0.6186735569666224","0.6186735569666224","0.6500957900053708","0.6500957900053708","0.6500957900053708","0.6208566576309843","0.6208566576309843","0.6208566576309843"
"128","","","","0.6184595823448793","0.6184595823448793","0.6184595823448793","0.641079574007227","0.641079574007227","0.641079574007227","0.6257352580176916","0.6257352580176916","0.6257352580176916"
"129","","","","0.6002425332297383","0.6002425332297383","0.6002425332297383","0.6427274010341877","0.6427274010341877","0.6427274010341877","0.6383186014115174","0.6383186014115174","0.6383186014115174"
"130","","","","0.6097588350314168","0.6097588350314168","0.6097588350314168","0.6595988756734336","0.6595988756734336","0.6595988756734336","0.6340768383248335","0.6340768383248335","0.6340768383248335"
"131","","","","0.6073296329674371","0.6073296329674371","0.6073296329674371","0.6415956327696014","0.6415956327696014","0.6415956327696014","0.6352612994048511","0.6352612994048511","0.6352612994048511"
"132","","","","0.6149684274833181","0.6149684274833181","0.6149684274833181","0.6346188194644292","0.6346188194644292","0.6346188194644292","0.6480562036203473","0.6480562036203473","0.6480562036203473"
"133","","","","0.6197297034863875","0.6197297034863875","0.6197297034863875","0.6561968403398031","0.6561968403398031","0.6561968403398031","0.640191785717035","0.640191785717035","0.640191785717035"
"134","","","","0.6253293200895709","0.6253293200895709","0.6253293200895709","0.6540185433143337","0.6540185433143337","0.6540185433143337","0.6454090018854246","0.6454090018854246","0.6454090018854246"
"135","","","","0.6046349926554614","0.6046349926554614","0.6046349926554614","0.6344428351425635","0.6344428351425635","0.6344428351425635","0.6338093006253108","0.6338093006253108","0.6338093006253108"
"136","","","","0.6251975690734959","0.6251975690734959","0.6251975690734959","0.6378926039686873","0.6378926039686873","0.6378926039686873","0.6452867664756126","0.6452867664756126","0.6452867664756126"
"137","","","","0.6032356848526539","0.6032356848526539","0.6032356848526539","0.6604205695378159","0.6604205695378159","0.6604205695378159","0.6385336631394907","0.6385336631394907","0.6385336631394907"
"138","","","","0.6051594219397338","0.6051594219397338","0.6051594219397338","0.6582558840670569","0.6582558840670569","0.6582558840670569","0.642032915783567","0.642032915783567","0.642032915783567"
"139","","","","0.6088727303108425","0.6088727303108425","0.6088727303108425","0.6435679904949236","0.6435679904949236","0.6435679904949236","0.6407203695927628","0.6407203695927628","0.6407203695927628"
"140","","","","0.6162009373409916","0.6162009373409916","0.6162009373409916","0.6650356935186849","0.6650356935186849","0.6650356935186849","0.6390613990927203","0.6390613990927203","0.6390613990927203"
"141","","","","0.6063583825051745","0.6063583825051745","0.6063583825051745","0.6543184696874592","0.6543184696874592","0.6543184696874592","0.6355541057793914","0.6355541057793914","0.6355541057793914"
"142","","","","0.6089643692063351","0.6089643692063351","0.6089643692063351","0.65805673237691","0.65805673237691","0.65805673237691","0.6323147000263871","0.6323147000263871","0.6323147000263871"
"143","","","","0.6039625210620546","0.6039625210620546","0.6039625210620546","0.6543466965472705","0.6543466965472705","0.6543466965472705","0.6331021384886578","0.6331021384886578","0.6331021384886578"
"144","","","","0.6279065970081135","0.6279065970081135","0.6279065970081135","0.6505451212336059","0.6505451212336059","0.6505451212336059","0.6292579357665731","0.6292579357665731","0.6292579357665731"
"145","","","","0.6342714287719007","0.6342714287719007","0.6342714287719007","0.6658380443533813","0.6658380443533813","0.6658380443533813","0.6279239057465371","0.6279239057465371","0.6279239057465371"
"146","","","","0.6264159386224578","0.6264159386224578","0.6264159386224578","0.645491140664633","0.645491140664633","0.645491140664633","0.6232265622940255","0.6232265622940255","0.6232265622940255"
"147","","","","0.6028999659978931","0.6028999659978931","0.6028999659978931","0.6528002518496857","0.6528002518496857","0.6528002518496857","0.6202457888189958","0.6202457888189958","0.6202457888189958"
"148","","","","0.596249807893501","0.596249807893501","0.596249807893501","0.6429035057934076","0.6429035057934076","0.6429035057934076","0.6337743030846497","0.6337743030846497","0.6337743030846497"
"149","","","","0.614320623559794","0.614320623559794","0.614320623559794","0.648722009780383","0.648722009780383","0.648722009780383","0.6478470299957034","0.6478470299957034","0.6478470299957034"
"150","","","","0.5977277032749513","0.5977277032749513","0.5977277032749513","0.652386220633241","0.652386220633241","0.652386220633241","0.6226583053675196","0.6226583053675196","0.6226583053675196"
"151","","","","0.6298888232611964","0.6298888232611964","0.6298888232611964","0.6497579621723967","0.6497579621723967","0.6497579621723967","0.6308569764285963","0.6308569764285963","0.6308569764285963"
"152","","","","0.6254573989933782","0.6254573989933782","0.6254573989933782","0.6523025563390896","0.6523025563390896","0.6523025563390896","0.6382810622956523","0.6382810622956523","0.6382810622956523"
"153","","","","0.6441171482052042","0.6441171482052042","0.6441171482052042","0.6637191816983032","0.6637191816983032","0.6637191816983032","0.609615562854096","0.609615562854096","0.609615562854096"
"154","","","","0.6444789964671014","0.6444789964671014","0.6444789964671014","0.6430947081444599","0.6430947081444599","0.6430947081444599","0.6265753806915833","0.6265753806915833","0.6265753806915833"
"155","","","","0.6421664354990757","0.6421664354990757","0.6421664354990757","0.6533209982323334","0.6533209982323334","0.6533209982323334","0.6457160922474545","0.6457160922474545","0.6457160922474545"
"156","","","","0.6357438374573381","0.6357438374573381","0.6357438374573381","0.6594977232825726","0.6594977232825726","0.6594977232825726","0.6315984189027688","0.6315984189027688","0.6315984189027688"
"157","","","","0.6282865626721323","0.6282865626721323","0.6282865626721323","0.647903407301357","0.647903407301357","0.647903407301357","0.6245180813620796","0.6245180813620796","0.6245180813620796"
"158","","","","0.6421348802487724","0.6421348802487724","0.6421348802487724","0.6592118052765097","0.6592118052765097","0.6592118052765097","0.6199972668909135","0.6199972668909135","0.6199972668909135"
"159","","","","0.6371526638683491","0.6371526638683491","0.6371526638683491","0.6462765973066285","0.6462765973066285","0.6462765973066285","0.6300310801036997","0.6300310801036997","0.6300310801036997"
"160","","","","0.6256737784454774","0.6256737784454774","0.6256737784454774","0.6532066392872297","0.6532066392872297","0.6532066392872297","0.6345833544793736","0.6345833544793736","0.6345833544793736"
"161","","","","0.6348272687703786","0.6348272687703786","0.6348272687703786","0.6469757146311523","0.6469757146311523","0.6469757146311523","0.6266372713684499","0.6266372713684499","0.6266372713684499"
"162","","","","0.6329707086979166","0.6329707086979166","0.6329707086979166","0.6545827427537615","0.6545827427537615","0.6545827427537615","0.6479329542065562","0.6479329542065562","0.6479329542065562"
"163","","","","0.6254882983384242","0.6254882983384242","0.6254882983384242","0.6500573886089566","0.6500573886089566","0.6500573886089566","0.6265909275683904","0.6265909275683904","0.6265909275683904"
"164","","","","0.603772262179679","0.603772262179679","0.603772262179679","0.651333631458539","0.651333631458539","0.651333631458539","0.6311135336296273","0.6311135336296273","0.6311135336296273"
"165","","","","0.6041263485060223","0.6041263485060223","0.6041263485060223","0.6527189284022147","0.6527189284022147","0.6527189284022147","0.6298528789659126","0.6298528789659126","0.6298528789659126"
"166","","","","0.6123260184919415","0.6123260184919415","0.6123260184919415","0.6552545454365675","0.6552545454365675","0.6552545454365675","0.6267339911628335","0.6267339911628335","0.6267339911628335"
"167","","","","0.6096657136099203","0.6096657136099203","0.6096657136099203","0.6640623003301307","0.6640623003301307","0.6640623003301307","0.6320598324593754","0.6320598324593754","0.6320598324593754"
"168","","","","0.605874325754092","0.605874325754092","0.605874325754092","0.6605414903739137","0.6605414903739137","0.6605414903739137","0.6354543597650991","0.6354543597650991","0.6354543597650991"
"169","","","","0.6227165944362233","0.6227165944362233","0.6227165944362233","0.6607792220797808","0.6607792220797808","0.6607792220797808","0.6386706538481514","0.6386706538481514","0.6386706538481514"
"170","","","","0.622996843782636","0.622996843782636","0.622996843782636","0.6438411561203693","0.6438411561203693","0.6438411561203693","0.6356217739525555","0.6356217739525555","0.6356217739525555"
"171","","","","0.6159546444651263","0.6159546444651263","0.6159546444651263","0.6316277559085339","0.6316277559085339","0.6316277559085339","0.6430697215474857","0.6430697215474857","0.6430697215474857"
"172","","","","0.612948211904565","0.612948211904565","0.612948211904565","0.6511785535944669","0.6511785535944669","0.6511785535944669","0.6200839121626261","0.6200839121626261","0.6200839121626261"
"173","","","","0.610871859432387","0.610871859432387","0.610871859432387","0.6440037771424808","0.6440037771424808","0.6440037771424808","0.6306658789877472","0.6306658789877472","0.6306658789877472"
"174","","","","0.6312597083174805","0.6312597083174805","0.6312597083174805","0.6395639032038017","0.6395639032038017","0.6395639032038017","0.6300949759146411","0.6300949759146411","0.6300949759146411"
"175","","","","0.6387024486008909","0.6387024486008909","0.6387024486008909","0.6531918104192485","0.6531918104192485","0.6531918104192485","0.6385861621712251","0.6385861621712251","0.6385861621712251"
"176","","","","0.6429363034705795","0.6429363034705795","0.6429363034705795","0.645363844218199","0.645363844218199","0.645363844218199","0.6217685567948348","0.6217685567948348","0.6217685567948348"
"177","","","","0.6378963645483766","0.6378963645483766","0.6378963645483766","0.6492964173590493","0.6492964173590493","0.6492964173590493","0.6181888899167896","0.6181888899167896","0.6181888899167896"
"178","","","","0.603217751009516","0.603217751009516","0.603217751009516","0.6426950476254254","0.6426950476254254","0.6426950476254254","0.6282268560275145","0.6282268560275145","0.6282268560275145"
"179","","","","0.6296555346327443","0.6296555346327443","0.6296555346327443","0.6390137279364717","0.6390137279364717","0.6390137279364717","0.6288955509533405","0.6288955509533405","0.6288955509533405"
"180","","","","0.6216746076511466","0.6216746076511466","0.6216746076511466","0.6681093774133298","0.6681093774133298","0.6681093774133298","0.6285662005543846","0.6285662005543846","0.6285662005543846"
"181","","","","0.6168535150929935","0.6168535150929935","0.6168535150929935","0.6569674022157176","0.6569674022157176","0.6569674022157176","0.6285782963040523","0.6285782963040523","0.6285782963040523"
"182","","","","0.6267472346271029","0.6267472346271029","0.6267472346271029","0.6608706750183234","0.6608706750183234","0.6608706750183234","0.6394026198194653","0.6394026198194653","0.6394026198194653"
"183","","","","0.6267449338250377","0.6267449338250377","0.6267449338250377","0.6455890037541362","0.6455890037541362","0.6455890037541362","0.6340256697132016","0.6340256697132016","0.6340256697132016"
"184","","","","0.624629685407085","0.624629685407085","0.624629685407085","0.6341637749512404","0.6341637749512404","0.6341637749512404","0.6260922982332673","0.6260922982332673","0.6260922982332673"
"185","","","","0.6348038748094124","0.6348038748094124","0.6348038748094124","0.650693366769958","0.650693366769958","0.650693366769958","0.6242322091714653","0.6242322091714653","0.6242322091714653"
"186","","","","0.6423641672230581","0.6423641672230581","0.6423641672230581","0.6359953102861426","0.6359953102861426","0.6359953102861426","0.6255950119138827","0.6255950119138827","0.6255950119138827"
"187","","","","0.6098476767481911","0.6098476767481911","0.6098476767481911","0.6406677057838682","0.6406677057838682","0.6406677057838682","0.6381847332124266","0.6381847332124266","0.6381847332124266"
"188","","","","0.6338320670325195","0.6338320670325195","0.6338320670325195","0.6503249241709274","0.6503249241709274","0.6503249241709274","0.6415828689636869","0.6415828689636869","0.6415828689636869"
"189","","","","0.6397595189820058","0.6397595189820058","0.6397595189820058","0.6482657147169384","0.6482657147169384","0.6482657147169384","0.6481446985877637","0.6481446985877637","0.6481446985877637"
"190","","","","0.6237403353868893","0.6237403353868893","0.6237403353868893","0.6425476376815066","0.6425476376815066","0.6425476376815066","0.6396789789032926","0.6396789789032926","0.6396789789032926"
"191","","","","0.6314019941764305","0.6314019941764305","0.6314019941764305","0.6437958242658955","0.6437958242658955","0.6437958242658955","0.6328100751669641","0.6328100751669641","0.6328100751669641"
"192","","","","0.6260383589695036","0.6260383589695036","0.6260383589695036","0.6481033141253404","0.6481033141253404","0.6481033141253404","0.6331141893627319","0.6331141893627319","0.6331141893627319"
"193","","","","0.6273081690824759","0.6273081690824759","0.6273081690824759","0.6608827227364754","0.6608827227364754","0.6608827227364754","0.6314349107016411","0.6314349107016411","0.6314349107016411"
"194","","","","0.6394025920015125","0.6394025920015125","0.6394025920015125","0.6348882395646539","0.6348882395646539","0.6348882395646539","0.6507939224916224","0.6507939224916224","0.6507939224916224"
"195","","","","0.6288172405608029","0.6288172405608029","0.6288172405608029","0.6645292249369334","0.6645292249369334","0.6645292249369334","0.6275547726943178","0.6275547726943178","0.6275547726943178"
"196","","","","0.638356222644175","0.638356222644175","0.638356222644175","0.6569477225345908","0.6569477225345908","0.6569477225345908","0.6320886926333882","0.6320886926333882","0.6320886926333882"
"197","","","","0.6365904616223041","0.6365904616223041","0.6365904616223041","0.6540076579997001","0.6540076579997001","0.6540076579997001","0.6282439182203023","0.6282439182203023","0.6282439182203023"
"198","","","","0.633830282097861","0.633830282097861","0.633830282097861","0.6569269247836355","0.6569269247836355","0.6569269247836355","0.6325928781079762","0.6325928781079762","0.6325928781079762"
"199","","","","0.6207286723571227","0.6207286723571227","0.6207286723571227","0.6472589850834672","0.6472589850834672","0.6472589850834672","0.630678012466179","0.630678012466179","0.630678012466179"
"200","","","","0.6315127988373958","0.6315127988373958","0.6315127988373958","0.6396377058605223","0.6396377058605223","0.6396377058605223","0.630623310159416","0.630623310159416","0.630623310159416"