"epoch","transformer-2-w-sample-class-weighted - _step","transformer-2-w-sample-class-weighted - _step__MIN","transformer-2-w-sample-class-weighted - _step__MAX","transformer-2-w-sample-class-weighted - val/acc/bin","transformer-2-w-sample-class-weighted - val/acc/bin__MIN","transformer-2-w-sample-class-weighted - val/acc/bin__MAX","transformer-2-w-sample-class-raw - _step","transformer-2-w-sample-class-raw - _step__MIN","transformer-2-w-sample-class-raw - _step__MAX","transformer-2-w-sample-class-raw - val/acc/bin","transformer-2-w-sample-class-raw - val/acc/bin__MIN","transformer-2-w-sample-class-raw - val/acc/bin__MAX","transformer-2-w-class-raw - _step","transformer-2-w-class-raw - _step__MIN","transformer-2-w-class-raw - _step__MAX","transformer-2-w-class-raw - val/acc/bin","transformer-2-w-class-raw - val/acc/bin__MIN","transformer-2-w-class-raw - val/acc/bin__MAX","transformer-2-w-class-weighted - _step","transformer-2-w-class-weighted - _step__MIN","transformer-2-w-class-weighted - _step__MAX","transformer-2-w-class-weighted - val/acc/bin","transformer-2-w-class-weighted - val/acc/bin__MIN","transformer-2-w-class-weighted - val/acc/bin__MAX","transformer-2-w-sample-unnorm - _step","transformer-2-w-sample-unnorm - _step__MIN","transformer-2-w-sample-unnorm - _step__MAX","transformer-2-w-sample-unnorm - val/acc/bin","transformer-2-w-sample-unnorm - val/acc/bin__MIN","transformer-2-w-sample-unnorm - val/acc/bin__MAX","transformer-2-w-sample - _step","transformer-2-w-sample - _step__MIN","transformer-2-w-sample - _step__MAX","transformer-2-w-sample - val/acc/bin","transformer-2-w-sample - val/acc/bin__MIN","transformer-2-w-sample - val/acc/bin__MAX","transformer-2 - _step","transformer-2 - _step__MIN","transformer-2 - _step__MAX","transformer-2 - val/acc/bin","transformer-2 - val/acc/bin__MIN","transformer-2 - val/acc/bin__MAX"
"1","1.5","1","2","0.6220346689224243","0.6064585447311401","0.6376107931137085","1.5","1","2","0.6064476370811462","0.6064367294311523","0.6064585447311401","1.5","1","2","0.6220346689224243","0.6064585447311401","0.6376107931137085","1.5","1","2","0.6220346391201019","0.6064585447311401","0.6376107335090637","1.5","1","2","0.4844239056110382","0.3623892664909363","0.6064585447311401","1.5","1","2","0.4844239056110382","0.3623892664909363","0.6064585447311401","1","1","1","0.3623892664909363","0.3623892664909363","0.3623892664909363"
"2","3","3","3","0.6376107931137085","0.6376107931137085","0.6376107931137085","3","3","3","0.6064367294311523","0.6064367294311523","0.6064367294311523","3","3","3","0.6376107335090637","0.6376107335090637","0.6376107335090637","3","3","3","0.6376107335090637","0.6376107335090637","0.6376107335090637","3","3","3","0.5235017538070679","0.5235017538070679","0.5235017538070679","3","3","3","0.5222576260566711","0.5222576260566711","0.5222576260566711","2","2","2","0.40346720814704895","0.40346720814704895","0.40346720814704895"
"3","4","4","4","0.6376107335090637","0.6376107335090637","0.6376107335090637","4","4","4","0.6066335439682007","0.6066335439682007","0.6066335439682007","4","4","4","0.6376107931137085","0.6376107931137085","0.6376107931137085","4","4","4","0.6376551985740662","0.6376551985740662","0.6376551985740662","4","4","4","0.48828306794166565","0.48828306794166565","0.48828306794166565","4","4","4","0.4908119738101959","0.4908119738101959","0.4908119738101959","3","3","3","0.45386046171188354","0.45386046171188354","0.45386046171188354"
"4","5","5","5","0.6376107931137085","0.6376107931137085","0.6376107931137085","5","5","5","0.6067894697189331","0.6067894697189331","0.6067894697189331","5","5","5","0.6356001496315002","0.6356001496315002","0.6356001496315002","5","5","5","0.6380410194396973","0.6380410194396973","0.6380410194396973","5","5","5","0.6077785491943359","0.6077785491943359","0.6077785491943359","5","5","5","0.6085618138313293","0.6085618138313293","0.6085618138313293","4","4","4","0.5342989563941956","0.5342989563941956","0.5342989563941956"
"5","6","6","6","0.6376578211784363","0.6376578211784363","0.6376578211784363","6","6","6","0.6067894697189331","0.6067894697189331","0.6067894697189331","6","6","6","0.6408007144927979","0.6408007144927979","0.6408007144927979","6","6","6","0.6352246999740601","0.6352246999740601","0.6352246999740601","6","6","6","0.6103460788726807","0.6103460788726807","0.6103460788726807","6","6","6","0.6086521148681641","0.6086521148681641","0.6086521148681641","5","5","5","0.5027936100959778","0.5027936100959778","0.5027936100959778"
"6","7","7","7","0.6376107931137085","0.6376107931137085","0.6376107931137085","7","7","7","0.6067894697189331","0.6067894697189331","0.6067894697189331","7","7","7","0.6333872079849243","0.6333872079849243","0.6333872079849243","7","7","7","0.6376484632492065","0.6376484632492065","0.6376484632492065","7","7","7","0.6049203872680664","0.6049203872680664","0.6049203872680664","7","7","7","0.6138180494308472","0.6138180494308472","0.6138180494308472","6","6","6","0.5274261236190796","0.5274261236190796","0.5274261236190796"
"7","8","8","8","0.6376107931137085","0.6376107931137085","0.6376107931137085","8","8","8","0.606522262096405","0.606522262096405","0.606522262096405","8","8","8","0.6350222826004028","0.6350222826004028","0.6350222826004028","8","8","8","0.6375700235366821","0.6375700235366821","0.6375700235366821","8","8","8","0.6373217701911926","0.6373217701911926","0.6373217701911926","8","8","8","0.6418150663375854","0.6418150663375854","0.6418150663375854","7","7","7","0.5001555681228638","0.5001555681228638","0.5001555681228638"
"8","9","9","9","0.6376107335090637","0.6376107335090637","0.6376107335090637","9","9","9","0.6067894697189331","0.6067894697189331","0.6067894697189331","9","9","9","0.6397448182106018","0.6397448182106018","0.6397448182106018","9","9","9","0.6375566124916077","0.6375566124916077","0.6375566124916077","9","9","9","0.6307826638221741","0.6307826638221741","0.6307826638221741","9","9","9","0.6188894510269165","0.6188894510269165","0.6188894510269165","8","8","8","0.48208749294281006","0.48208749294281006","0.48208749294281006"
"9","10","10","10","0.6376107931137085","0.6376107931137085","0.6376107931137085","10","10","10","0.6071170568466187","0.6071170568466187","0.6071170568466187","10","10","10","0.6371013522148132","0.6371013522148132","0.6371013522148132","10","10","10","0.6397821307182312","0.6397821307182312","0.6397821307182312","10","10","10","0.5897846817970276","0.5897846817970276","0.5897846817970276","10","10","10","0.5967949628829956","0.5967949628829956","0.5967949628829956","9","9","9","0.5099435448646545","0.5099435448646545","0.5099435448646545"
"10","11","11","11","0.6376107931137085","0.6376107931137085","0.6376107931137085","11","11","11","0.6068498492240906","0.6068498492240906","0.6068498492240906","11","11","11","0.6442556381225586","0.6442556381225586","0.6442556381225586","11","11","11","0.6402390003204346","0.6402390003204346","0.6402390003204346","11","11","11","0.5819565057754517","0.5819565057754517","0.5819565057754517","11","11","11","0.6150015592575073","0.6150015592575073","0.6150015592575073","10","10","10","0.5563300848007202","0.5563300848007202","0.5563300848007202"
"11","12","12","12","0.6376107931137085","0.6376107931137085","0.6376107931137085","12","12","12","0.6068498492240906","0.6068498492240906","0.6068498492240906","12","12","12","0.6392537951469421","0.6392537951469421","0.6392537951469421","12","12","12","0.6366264224052429","0.6366264224052429","0.6366264224052429","12","12","12","0.6219863891601562","0.6219863891601562","0.6219863891601562","12","12","12","0.6231231689453125","0.6231231689453125","0.6231231689453125","11","11","11","0.5138360261917114","0.5138360261917114","0.5138360261917114"
"12","13","13","13","0.6376107931137085","0.6376107931137085","0.6376107931137085","13","13","13","0.6071170568466187","0.6071170568466187","0.6071170568466187","13","13","13","0.6348715424537659","0.6348715424537659","0.6348715424537659","13","13","13","0.6376107931137085","0.6376107931137085","0.6376107931137085","13","13","13","0.6378166079521179","0.6378166079521179","0.6378166079521179","13","13","13","0.6308079957962036","0.6308079957962036","0.6308079957962036","12","12","12","0.5076635479927063","0.5076635479927063","0.5076635479927063"
"13","14","14","14","0.6376107335090637","0.6376107335090637","0.6376107335090637","14","14","14","0.6071527004241943","0.6071527004241943","0.6071527004241943","14","14","14","0.6459248065948486","0.6459248065948486","0.6459248065948486","14","14","14","0.6378559470176697","0.6378559470176697","0.6378559470176697","14","14","14","0.6090248823165894","0.6090248823165894","0.6090248823165894","14","14","14","0.6146358847618103","0.6146358847618103","0.6146358847618103","13","13","13","0.5267713069915771","0.5267713069915771","0.5267713069915771"
"14","15","15","15","0.6376107931137085","0.6376107931137085","0.6376107931137085","15","15","15","0.6068854928016663","0.6068854928016663","0.6068854928016663","15","15","15","0.6393423676490784","0.6393423676490784","0.6393423676490784","15","15","15","0.6329212784767151","0.6329212784767151","0.6329212784767151","15","15","15","0.6255240440368652","0.6255240440368652","0.6255240440368652","15","15","15","0.6291524767875671","0.6291524767875671","0.6291524767875671","14","14","14","0.5564927458763123","0.5564927458763123","0.5564927458763123"
"15","16","16","16","0.6373488306999207","0.6373488306999207","0.6373488306999207","16","16","16","0.6071526408195496","0.6071526408195496","0.6071526408195496","16","16","16","0.6411436200141907","0.6411436200141907","0.6411436200141907","16","16","16","0.637610673904419","0.637610673904419","0.637610673904419","16","16","16","0.6429014205932617","0.6429014205932617","0.6429014205932617","16","16","16","0.6358609795570374","0.6358609795570374","0.6358609795570374","15","15","15","0.5666236877441406","0.5666236877441406","0.5666236877441406"
"16","17","17","17","0.6376107931137085","0.6376107931137085","0.6376107931137085","17","17","17","0.6071527004241943","0.6071527004241943","0.6071527004241943","17","17","17","0.6398740410804749","0.6398740410804749","0.6398740410804749","17","17","17","0.6368955373764038","0.6368955373764038","0.6368955373764038","17","17","17","0.6534663438796997","0.6534663438796997","0.6534663438796997","17","17","17","0.6365386247634888","0.6365386247634888","0.6365386247634888","16","16","16","0.5515995025634766","0.5515995025634766","0.5515995025634766"
"17","18","18","18","0.6380447149276733","0.6380447149276733","0.6380447149276733","18","18","18","0.6068854928016663","0.6068854928016663","0.6068854928016663","18","18","18","0.6419352293014526","0.6419352293014526","0.6419352293014526","18","18","18","0.6353558897972107","0.6353558897972107","0.6353558897972107","18","18","18","0.6383239030838013","0.6383239030838013","0.6383239030838013","18","18","18","0.625194787979126","0.625194787979126","0.625194787979126","17","17","17","0.5666689872741699","0.5666689872741699","0.5666689872741699"
"18","19","19","19","0.6378882527351379","0.6378882527351379","0.6378882527351379","19","19","19","0.6068854928016663","0.6068854928016663","0.6068854928016663","19","19","19","0.650219202041626","0.650219202041626","0.650219202041626","19","19","19","0.6318796277046204","0.6318796277046204","0.6318796277046204","19","19","19","0.6389359831809998","0.6389359831809998","0.6389359831809998","19","19","19","0.651999294757843","0.651999294757843","0.651999294757843","18","18","18","0.6378515958786011","0.6378515958786011","0.6378515958786011"
"19","20","20","20","0.633664071559906","0.633664071559906","0.633664071559906","20","20","20","0.6068540215492249","0.6068540215492249","0.6068540215492249","20","20","20","0.6445224285125732","0.6445224285125732","0.6445224285125732","20","20","20","0.6376107931137085","0.6376107931137085","0.6376107931137085","20","20","20","0.5798532366752625","0.5798532366752625","0.5798532366752625","20","20","20","0.618338406085968","0.618338406085968","0.618338406085968","19","19","19","0.5651638507843018","0.5651638507843018","0.5651638507843018"
"20","21","21","21","0.6337566375732422","0.6337566375732422","0.6337566375732422","21","21","21","0.60659259557724","0.60659259557724","0.60659259557724","21","21","21","0.6492754817008972","0.6492754817008972","0.6492754817008972","21","21","21","0.6386637687683105","0.6386637687683105","0.6386637687683105","21","21","21","0.6557663679122925","0.6557663679122925","0.6557663679122925","21","21","21","0.655968189239502","0.655968189239502","0.655968189239502","20","20","20","0.6260014176368713","0.6260014176368713","0.6260014176368713"
"21","22","22","22","0.6373029351234436","0.6373029351234436","0.6373029351234436","22","22","22","0.6068540215492249","0.6068540215492249","0.6068540215492249","22","22","22","0.661099910736084","0.661099910736084","0.661099910736084","22","22","22","0.6391711235046387","0.6391711235046387","0.6391711235046387","22","22","22","0.6400210857391357","0.6400210857391357","0.6400210857391357","22","22","22","0.6318128705024719","0.6318128705024719","0.6318128705024719","21","21","21","0.6538960933685303","0.6538960933685303","0.6538960933685303"
"22","23","23","23","0.6378447413444519","0.6378447413444519","0.6378447413444519","23","23","23","0.606805145740509","0.606805145740509","0.606805145740509","23","23","23","0.6449099183082581","0.6449099183082581","0.6449099183082581","23","23","23","0.6334429383277893","0.6334429383277893","0.6334429383277893","23","23","23","0.6138843894004822","0.6138843894004822","0.6138843894004822","23","23","23","0.5991824865341187","0.5991824865341187","0.5991824865341187","22","22","22","0.5885054469108582","0.5885054469108582","0.5885054469108582"
"23","24","24","24","0.6350551843643188","0.6350551843643188","0.6350551843643188","24","24","24","0.60659259557724","0.60659259557724","0.60659259557724","24","24","24","0.6481183171272278","0.6481183171272278","0.6481183171272278","24","24","24","0.6382060050964355","0.6382060050964355","0.6382060050964355","24","24","24","0.6427086591720581","0.6427086591720581","0.6427086591720581","24","24","24","0.6595865488052368","0.6595865488052368","0.6595865488052368","23","23","23","0.6413971185684204","0.6413971185684204","0.6413971185684204"
"24","25","25","25","0.639797568321228","0.639797568321228","0.639797568321228","25","25","25","0.606805145740509","0.606805145740509","0.606805145740509","25","25","25","0.6472848057746887","0.6472848057746887","0.6472848057746887","25","25","25","0.6302120685577393","0.6302120685577393","0.6302120685577393","25","25","25","0.6335565447807312","0.6335565447807312","0.6335565447807312","25","25","25","0.6428089141845703","0.6428089141845703","0.6428089141845703","24","24","24","0.6549156904220581","0.6549156904220581","0.6549156904220581"
"25","26","26","26","0.6364142894744873","0.6364142894744873","0.6364142894744873","26","26","26","0.607294499874115","0.607294499874115","0.607294499874115","26","26","26","0.644801914691925","0.644801914691925","0.644801914691925","26","26","26","0.6383743286132812","0.6383743286132812","0.6383743286132812","26","26","26","0.6239413619041443","0.6239413619041443","0.6239413619041443","26","26","26","0.6349589228630066","0.6349589228630066","0.6349589228630066","25","25","25","0.6345745325088501","0.6345745325088501","0.6345745325088501"
"26","27","27","27","0.6381208896636963","0.6381208896636963","0.6381208896636963","27","27","27","0.606805145740509","0.606805145740509","0.606805145740509","27","27","27","0.6325030326843262","0.6325030326843262","0.6325030326843262","27","27","27","0.6392520666122437","0.6392520666122437","0.6392520666122437","27","27","27","0.6305991411209106","0.6305991411209106","0.6305991411209106","27","27","27","0.636091411113739","0.636091411113739","0.636091411113739","26","26","26","0.6354113817214966","0.6354113817214966","0.6354113817214966"
"27","28","28","28","0.6329349875450134","0.6329349875450134","0.6329349875450134","28","28","28","0.6072245240211487","0.6072245240211487","0.6072245240211487","28","28","28","0.6576406359672546","0.6576406359672546","0.6576406359672546","28","28","28","0.6363619565963745","0.6363619565963745","0.6363619565963745","28","28","28","0.6347842812538147","0.6347842812538147","0.6347842812538147","28","28","28","0.6250251531600952","0.6250251531600952","0.6250251531600952","27","27","27","0.636438250541687","0.636438250541687","0.636438250541687"
"28","29","29","29","0.6405762434005737","0.6405762434005737","0.6405762434005737","29","29","29","0.6075445413589478","0.6075445413589478","0.6075445413589478","29","29","29","0.6557393074035645","0.6557393074035645","0.6557393074035645","29","29","29","0.6351608633995056","0.6351608633995056","0.6351608633995056","29","29","29","0.6365713477134705","0.6365713477134705","0.6365713477134705","29","29","29","0.6439240574836731","0.6439240574836731","0.6439240574836731","28","28","28","0.5996546745300293","0.5996546745300293","0.5996546745300293"
"29","30","30","30","0.6427054405212402","0.6427054405212402","0.6427054405212402","30","30","30","0.6073284149169922","0.6073284149169922","0.6073284149169922","30","30","30","0.6500716209411621","0.6500716209411621","0.6500716209411621","30","30","30","0.6344872713088989","0.6344872713088989","0.6344872713088989","30","30","30","0.6419615745544434","0.6419615745544434","0.6419615745544434","30","30","30","0.630946159362793","0.630946159362793","0.630946159362793","29","29","29","0.6426125764846802","0.6426125764846802","0.6426125764846802"
"30","31","31","31","0.6495001912117004","0.6495001912117004","0.6495001912117004","31","31","31","0.6073284149169922","0.6073284149169922","0.6073284149169922","31","31","31","0.6432955265045166","0.6432955265045166","0.6432955265045166","31","31","31","0.6402308940887451","0.6402308940887451","0.6402308940887451","31","31","31","0.6133321523666382","0.6133321523666382","0.6133321523666382","31","31","31","0.6220312714576721","0.6220312714576721","0.6220312714576721","30","30","30","0.6443262100219727","0.6443262100219727","0.6443262100219727"
"31","32","32","32","0.6432890892028809","0.6432890892028809","0.6432890892028809","32","32","32","0.6073284149169922","0.6073284149169922","0.6073284149169922","32","32","32","0.6585296988487244","0.6585296988487244","0.6585296988487244","32","32","32","0.6361651420593262","0.6361651420593262","0.6361651420593262","32","32","32","0.6229619383811951","0.6229619383811951","0.6229619383811951","32","32","32","0.6291087865829468","0.6291087865829468","0.6291087865829468","31","31","31","0.6376841068267822","0.6376841068267822","0.6376841068267822"
"32","33","33","33","0.6384270191192627","0.6384270191192627","0.6384270191192627","33","33","33","0.6088138818740845","0.6088138818740845","0.6088138818740845","33","33","33","0.6395090222358704","0.6395090222358704","0.6395090222358704","33","33","33","0.6329436302185059","0.6329436302185059","0.6329436302185059","33","33","33","0.627244234085083","0.627244234085083","0.627244234085083","33","33","33","0.603226900100708","0.603226900100708","0.603226900100708","32","32","32","0.6700740456581116","0.6700740456581116","0.6700740456581116"
"33","34","34","34","0.6432526707649231","0.6432526707649231","0.6432526707649231","34","34","34","0.6085628867149353","0.6085628867149353","0.6085628867149353","34","34","34","0.6383498311042786","0.6383498311042786","0.6383498311042786","34","34","34","0.6375077962875366","0.6375077962875366","0.6375077962875366","34","34","34","0.6620326638221741","0.6620326638221741","0.6620326638221741","34","34","34","0.6381840109825134","0.6381840109825134","0.6381840109825134","33","33","33","0.6481114625930786","0.6481114625930786","0.6481114625930786"
"34","35","35","35","0.6377822756767273","0.6377822756767273","0.6377822756767273","35","35","35","0.6085628867149353","0.6085628867149353","0.6085628867149353","35","35","35","0.6619004607200623","0.6619004607200623","0.6619004607200623","35","35","35","0.6368921399116516","0.6368921399116516","0.6368921399116516","35","35","35","0.6582419276237488","0.6582419276237488","0.6582419276237488","35","35","35","0.6191280484199524","0.6191280484199524","0.6191280484199524","34","34","34","0.649402916431427","0.649402916431427","0.649402916431427"
"35","36","36","36","0.6370396018028259","0.6370396018028259","0.6370396018028259","36","36","36","0.6085628867149353","0.6085628867149353","0.6085628867149353","36","36","36","0.6535900831222534","0.6535900831222534","0.6535900831222534","36","36","36","0.6353857517242432","0.6353857517242432","0.6353857517242432","36","36","36","0.6269233822822571","0.6269233822822571","0.6269233822822571","36","36","36","0.6553694009780884","0.6553694009780884","0.6553694009780884","35","35","35","0.666980504989624","0.666980504989624","0.666980504989624"
"36","37","37","37","0.6388038396835327","0.6388038396835327","0.6388038396835327","37","37","37","0.6102851033210754","0.6102851033210754","0.6102851033210754","37","37","37","0.6529784202575684","0.6529784202575684","0.6529784202575684","37","37","37","0.6373286843299866","0.6373286843299866","0.6373286843299866","37","37","37","0.6357211470603943","0.6357211470603943","0.6357211470603943","37","37","37","0.6005403399467468","0.6005403399467468","0.6005403399467468","36","36","36","0.6590171456336975","0.6590171456336975","0.6590171456336975"
"37","38","38","38","0.6409077048301697","0.6409077048301697","0.6409077048301697","38","38","38","0.6097908616065979","0.6097908616065979","0.6097908616065979","38","38","38","0.6450247168540955","0.6450247168540955","0.6450247168540955","38","38","38","0.6282959580421448","0.6282959580421448","0.6282959580421448","38","38","38","0.6409342288970947","0.6409342288970947","0.6409342288970947","38","38","38","0.6169764399528503","0.6169764399528503","0.6169764399528503","37","37","37","0.650474488735199","0.650474488735199","0.650474488735199"
"38","39","39","39","0.6381403207778931","0.6381403207778931","0.6381403207778931","39","39","39","0.6097908616065979","0.6097908616065979","0.6097908616065979","39","39","39","0.6510588526725769","0.6510588526725769","0.6510588526725769","39","39","39","0.6376516819000244","0.6376516819000244","0.6376516819000244","39","39","39","0.6337231993675232","0.6337231993675232","0.6337231993675232","39","39","39","0.631118655204773","0.631118655204773","0.631118655204773","38","38","38","0.6650282144546509","0.6650282144546509","0.6650282144546509"
"39","40","40","40","0.6362729072570801","0.6362729072570801","0.6362729072570801","40","40","40","0.6098513603210449","0.6098513603210449","0.6098513603210449","40","40","40","0.657482385635376","0.657482385635376","0.657482385635376","40","40","40","0.6376218795776367","0.6376218795776367","0.6376218795776367","40","40","40","0.6324863433837891","0.6324863433837891","0.6324863433837891","40","40","40","0.6584174633026123","0.6584174633026123","0.6584174633026123","39","39","39","0.6096038818359375","0.6096038818359375","0.6096038818359375"
"40","41","41","41","0.6279246211051941","0.6279246211051941","0.6279246211051941","41","41","41","0.6103456616401672","0.6103456616401672","0.6103456616401672","41","41","41","0.6630849838256836","0.6630849838256836","0.6630849838256836","41","41","41","0.6327585577964783","0.6327585577964783","0.6327585577964783","41","41","41","0.6520177721977234","0.6520177721977234","0.6520177721977234","41","41","41","0.6378793716430664","0.6378793716430664","0.6378793716430664","40","40","40","0.6503817439079285","0.6503817439079285","0.6503817439079285"
"41","42","42","42","0.6283875703811646","0.6283875703811646","0.6283875703811646","42","42","42","0.6098513603210449","0.6098513603210449","0.6098513603210449","42","42","42","0.6690561175346375","0.6690561175346375","0.6690561175346375","42","42","42","0.6231775283813477","0.6231775283813477","0.6231775283813477","42","42","42","0.6315237879753113","0.6315237879753113","0.6315237879753113","42","42","42","0.6296753883361816","0.6296753883361816","0.6296753883361816","41","41","41","0.6689465045928955","0.6689465045928955","0.6689465045928955"
"42","43","43","43","0.6377096176147461","0.6377096176147461","0.6377096176147461","43","43","43","0.6103829741477966","0.6103829741477966","0.6103829741477966","43","43","43","0.6671363115310669","0.6671363115310669","0.6671363115310669","43","43","43","0.6260247230529785","0.6260247230529785","0.6260247230529785","43","43","43","0.6423887610435486","0.6423887610435486","0.6423887610435486","43","43","43","0.6381939053535461","0.6381939053535461","0.6381939053535461","42","42","42","0.6593879461288452","0.6593879461288452","0.6593879461288452"
"43","44","44","44","0.6370741724967957","0.6370741724967957","0.6370741724967957","44","44","44","0.610877275466919","0.610877275466919","0.610877275466919","44","44","44","0.6599499583244324","0.6599499583244324","0.6599499583244324","44","44","44","0.6365628838539124","0.6365628838539124","0.6365628838539124","44","44","44","0.5982463359832764","0.5982463359832764","0.5982463359832764","44","44","44","0.6284334659576416","0.6284334659576416","0.6284334659576416","43","43","43","0.6127983331680298","0.6127983331680298","0.6127983331680298"
"44","45","45","45","0.6301496624946594","0.6301496624946594","0.6301496624946594","45","45","45","0.6103829741477966","0.6103829741477966","0.6103829741477966","45","45","45","0.659720242023468","0.659720242023468","0.659720242023468","45","45","45","0.6306530237197876","0.6306530237197876","0.6306530237197876","45","45","45","0.6328500509262085","0.6328500509262085","0.6328500509262085","45","45","45","0.6124942302703857","0.6124942302703857","0.6124942302703857","44","44","44","0.6513697504997253","0.6513697504997253","0.6513697504997253"
"45","46","46","46","0.6365805864334106","0.6365805864334106","0.6365805864334106","46","46","46","0.6107826828956604","0.6107826828956604","0.6107826828956604","46","46","46","0.6508626937866211","0.6508626937866211","0.6508626937866211","46","46","46","0.6350611448287964","0.6350611448287964","0.6350611448287964","46","46","46","0.6331191062927246","0.6331191062927246","0.6331191062927246","46","46","46","0.6229656338691711","0.6229656338691711","0.6229656338691711","45","45","45","0.6570225954055786","0.6570225954055786","0.6570225954055786"
"46","47","47","47","0.6391720175743103","0.6391720175743103","0.6391720175743103","47","47","47","0.610599160194397","0.610599160194397","0.610599160194397","47","47","47","0.6556509137153625","0.6556509137153625","0.6556509137153625","47","47","47","0.6244784593582153","0.6244784593582153","0.6244784593582153","47","47","47","0.6497914791107178","0.6497914791107178","0.6497914791107178","47","47","47","0.6435109376907349","0.6435109376907349","0.6435109376907349","46","46","46","0.6620411276817322","0.6620411276817322","0.6620411276817322"
"47","48","48","48","0.6394959092140198","0.6394959092140198","0.6394959092140198","48","48","48","0.6113094687461853","0.6113094687461853","0.6113094687461853","48","48","48","0.6557437181472778","0.6557437181472778","0.6557437181472778","48","48","48","0.6209879517555237","0.6209879517555237","0.6209879517555237","48","48","48","0.6488016843795776","0.6488016843795776","0.6488016843795776","48","48","48","0.633538544178009","0.633538544178009","0.633538544178009","47","47","47","0.6548447608947754","0.6548447608947754","0.6548447608947754"
"48","49","49","49","0.631667971611023","0.631667971611023","0.631667971611023","49","49","49","0.6110803484916687","0.6110803484916687","0.6110803484916687","49","49","49","0.6539507508277893","0.6539507508277893","0.6539507508277893","49","49","49","0.6305412650108337","0.6305412650108337","0.6305412650108337","49","49","49","0.6192529797554016","0.6192529797554016","0.6192529797554016","49","49","49","0.5434686541557312","0.5434686541557312","0.5434686541557312","48","48","48","0.6229813694953918","0.6229813694953918","0.6229813694953918"
"49","50","50","50","0.6326703429222107","0.6326703429222107","0.6326703429222107","50","50","50","0.6105861067771912","0.6105861067771912","0.6105861067771912","50","50","50","0.6659253835678101","0.6659253835678101","0.6659253835678101","50","50","50","0.6264063119888306","0.6264063119888306","0.6264063119888306","50","50","50","0.6246601343154907","0.6246601343154907","0.6246601343154907","50","50","50","0.5779785513877869","0.5779785513877869","0.5779785513877869","49","49","49","0.6661036014556885","0.6661036014556885","0.6661036014556885"
"50","51","51","51","0.6374085545539856","0.6374085545539856","0.6374085545539856","51","51","51","0.6104642748832703","0.6104642748832703","0.6104642748832703","51","51","51","0.642812967300415","0.642812967300415","0.642812967300415","51","51","51","0.6307423710823059","0.6307423710823059","0.6307423710823059","51","51","51","0.6588088870048523","0.6588088870048523","0.6588088870048523","51","51","51","0.6144047975540161","0.6144047975540161","0.6144047975540161","50","50","50","0.6558408737182617","0.6558408737182617","0.6558408737182617"
"51","52","52","52","0.6348116993904114","0.6348116993904114","0.6348116993904114","52","52","52","0.6107854247093201","0.6107854247093201","0.6107854247093201","52","52","52","0.6668145060539246","0.6668145060539246","0.6668145060539246","52","52","52","0.6272692084312439","0.6272692084312439","0.6272692084312439","52","52","52","0.6045923233032227","0.6045923233032227","0.6045923233032227","52","52","52","0.604640543460846","0.604640543460846","0.604640543460846","51","51","51","0.6570930480957031","0.6570930480957031","0.6570930480957031"
"52","53","53","53","0.6362977623939514","0.6362977623939514","0.6362977623939514","53","53","53","0.6109563708305359","0.6109563708305359","0.6109563708305359","53","53","53","0.6650265455245972","0.6650265455245972","0.6650265455245972","53","53","53","0.6323140859603882","0.6323140859603882","0.6323140859603882","53","53","53","0.6425965428352356","0.6425965428352356","0.6425965428352356","53","53","53","0.6244991421699524","0.6244991421699524","0.6244991421699524","52","52","52","0.647615909576416","0.647615909576416","0.647615909576416"
"53","54","54","54","0.6384196877479553","0.6384196877479553","0.6384196877479553","54","54","54","0.6106229424476624","0.6106229424476624","0.6106229424476624","54","54","54","0.6557469367980957","0.6557469367980957","0.6557469367980957","54","54","54","0.6336826086044312","0.6336826086044312","0.6336826086044312","54","54","54","0.6497130393981934","0.6497130393981934","0.6497130393981934","54","54","54","0.6326979994773865","0.6326979994773865","0.6326979994773865","53","53","53","0.6616441607475281","0.6616441607475281","0.6616441607475281"
"54","55","55","55","0.63761305809021","0.63761305809021","0.63761305809021","55","55","55","0.6104164123535156","0.6104164123535156","0.6104164123535156","55","55","55","0.6573696136474609","0.6573696136474609","0.6573696136474609","55","55","55","0.6314352750778198","0.6314352750778198","0.6314352750778198","55","55","55","0.6238999962806702","0.6238999962806702","0.6238999962806702","55","55","55","0.5855495929718018","0.5855495929718018","0.5855495929718018","54","54","54","0.6636396050453186","0.6636396050453186","0.6636396050453186"
"55","56","56","56","0.6365649104118347","0.6365649104118347","0.6365649104118347","56","56","56","0.6104163527488708","0.6104163527488708","0.6104163527488708","56","56","56","0.6626858115196228","0.6626858115196228","0.6626858115196228","56","56","56","0.632936418056488","0.632936418056488","0.632936418056488","56","56","56","0.6169220209121704","0.6169220209121704","0.6169220209121704","56","56","56","0.6227607131004333","0.6227607131004333","0.6227607131004333","55","55","55","0.6529945135116577","0.6529945135116577","0.6529945135116577"
"56","57","57","57","0.6294119954109192","0.6294119954109192","0.6294119954109192","57","57","57","0.610355794429779","0.610355794429779","0.610355794429779","57","57","57","0.6704455018043518","0.6704455018043518","0.6704455018043518","57","57","57","0.6357026696205139","0.6357026696205139","0.6357026696205139","57","57","57","0.6323298811912537","0.6323298811912537","0.6323298811912537","57","57","57","0.622211217880249","0.622211217880249","0.622211217880249","56","56","56","0.6659274101257324","0.6659274101257324","0.6659274101257324"
"57","58","58","58","0.6398012638092041","0.6398012638092041","0.6398012638092041","58","58","58","0.610355794429779","0.610355794429779","0.610355794429779","58","58","58","0.6586998701095581","0.6586998701095581","0.6586998701095581","58","58","58","0.635718047618866","0.635718047618866","0.635718047618866","58","58","58","0.6229296922683716","0.6229296922683716","0.6229296922683716","58","58","58","0.6202636361122131","0.6202636361122131","0.6202636361122131","57","57","57","0.6656444668769836","0.6656444668769836","0.6656444668769836"
"58","59","59","59","0.6395525932312012","0.6395525932312012","0.6395525932312012","59","59","59","0.610355794429779","0.610355794429779","0.610355794429779","59","59","59","0.6600294709205627","0.6600294709205627","0.6600294709205627","59","59","59","0.6314833164215088","0.6314833164215088","0.6314833164215088","59","59","59","0.6489949226379395","0.6489949226379395","0.6489949226379395","59","59","59","0.6363430023193359","0.6363430023193359","0.6363430023193359","58","58","58","0.6396721601486206","0.6396721601486206","0.6396721601486206"
"59","60","60","60","0.6391783356666565","0.6391783356666565","0.6391783356666565","60","60","60","0.610355794429779","0.610355794429779","0.610355794429779","60","60","60","0.6650541424751282","0.6650541424751282","0.6650541424751282","60","60","60","0.6390641331672668","0.6390641331672668","0.6390641331672668","60","60","60","0.6245056390762329","0.6245056390762329","0.6245056390762329","60","60","60","0.6223667860031128","0.6223667860031128","0.6223667860031128","59","59","59","0.6558758020401001","0.6558758020401001","0.6558758020401001"
"60","61","61","61","0.6361588835716248","0.6361588835716248","0.6361588835716248","61","61","61","0.610355794429779","0.610355794429779","0.610355794429779","61","61","61","0.6734688878059387","0.6734688878059387","0.6734688878059387","61","61","61","0.6281921863555908","0.6281921863555908","0.6281921863555908","61","61","61","0.6411818265914917","0.6411818265914917","0.6411818265914917","61","61","61","0.6015059947967529","0.6015059947967529","0.6015059947967529","60","60","60","0.6550314426422119","0.6550314426422119","0.6550314426422119"
"61","62","62","62","0.6237699389457703","0.6237699389457703","0.6237699389457703","62","62","62","0.610355794429779","0.610355794429779","0.610355794429779","62","62","62","0.6635473966598511","0.6635473966598511","0.6635473966598511","62","62","62","0.6280449032783508","0.6280449032783508","0.6280449032783508","62","62","62","0.6304227709770203","0.6304227709770203","0.6304227709770203","62","62","62","0.574141800403595","0.574141800403595","0.574141800403595","61","61","61","0.6532527804374695","0.6532527804374695","0.6532527804374695"
"62","63","63","63","0.6366889476776123","0.6366889476776123","0.6366889476776123","63","63","63","0.610355794429779","0.610355794429779","0.610355794429779","63","63","63","0.6746485233306885","0.6746485233306885","0.6746485233306885","63","63","63","0.6337736248970032","0.6337736248970032","0.6337736248970032","63","63","63","0.6412298679351807","0.6412298679351807","0.6412298679351807","63","63","63","0.619900107383728","0.619900107383728","0.619900107383728","62","62","62","0.6621788740158081","0.6621788740158081","0.6621788740158081"
"63","64","64","64","0.6249755024909973","0.6249755024909973","0.6249755024909973","64","64","64","0.610355794429779","0.610355794429779","0.610355794429779","64","64","64","0.6685778498649597","0.6685778498649597","0.6685778498649597","64","64","64","0.633041501045227","0.633041501045227","0.633041501045227","64","64","64","0.5886722803115845","0.5886722803115845","0.5886722803115845","64","64","64","0.6227205395698547","0.6227205395698547","0.6227205395698547","63","63","63","0.6602727770805359","0.6602727770805359","0.6602727770805359"
"64","65","65","65","0.6355143785476685","0.6355143785476685","0.6355143785476685","65","65","65","0.6106277704238892","0.6106277704238892","0.6106277704238892","65","65","65","0.6694660186767578","0.6694660186767578","0.6694660186767578","65","65","65","0.6386216282844543","0.6386216282844543","0.6386216282844543","65","65","65","0.6172221302986145","0.6172221302986145","0.6172221302986145","65","65","65","0.5818421244621277","0.5818421244621277","0.5818421244621277","64","64","64","0.6578565835952759","0.6578565835952759","0.6578565835952759"
"65","66","66","66","0.6337505578994751","0.6337505578994751","0.6337505578994751","66","66","66","0.6104981899261475","0.6104981899261475","0.6104981899261475","66","66","66","0.667681872844696","0.667681872844696","0.667681872844696","66","66","66","0.6277590990066528","0.6277590990066528","0.6277590990066528","66","66","66","0.5527524948120117","0.5527524948120117","0.5527524948120117","66","66","66","0.6262083649635315","0.6262083649635315","0.6262083649635315","65","65","65","0.6643757224082947","0.6643757224082947","0.6643757224082947"
"66","67","67","67","0.6383450031280518","0.6383450031280518","0.6383450031280518","67","67","67","0.6106277704238892","0.6106277704238892","0.6106277704238892","67","67","67","0.6738864183425903","0.6738864183425903","0.6738864183425903","67","67","67","0.6327150464057922","0.6327150464057922","0.6327150464057922","67","67","67","0.6232309341430664","0.6232309341430664","0.6232309341430664","67","67","67","0.5888078212738037","0.5888078212738037","0.5888078212738037","66","66","66","0.6473386883735657","0.6473386883735657","0.6473386883735657"
"67","68","68","68","0.6372266411781311","0.6372266411781311","0.6372266411781311","68","68","68","0.6106277704238892","0.6106277704238892","0.6106277704238892","68","68","68","0.6586868762969971","0.6586868762969971","0.6586868762969971","68","68","68","0.6391647458076477","0.6391647458076477","0.6391647458076477","68","68","68","0.6300294995307922","0.6300294995307922","0.6300294995307922","68","68","68","0.6316184997558594","0.6316184997558594","0.6316184997558594","67","67","67","0.6722005605697632","0.6722005605697632","0.6722005605697632"
"68","69","69","69","0.6296067237854004","0.6296067237854004","0.6296067237854004","69","69","69","0.6108214855194092","0.6108214855194092","0.6108214855194092","69","69","69","0.6588082313537598","0.6588082313537598","0.6588082313537598","69","69","69","0.6384004950523376","0.6384004950523376","0.6384004950523376","69","69","69","0.62740558385849","0.62740558385849","0.62740558385849","69","69","69","0.6154701113700867","0.6154701113700867","0.6154701113700867","68","68","68","0.6377543210983276","0.6377543210983276","0.6377543210983276"
"69","70","70","70","0.6344950795173645","0.6344950795173645","0.6344950795173645","70","70","70","0.6108214855194092","0.6108214855194092","0.6108214855194092","70","70","70","0.6599312424659729","0.6599312424659729","0.6599312424659729","70","70","70","0.6331024765968323","0.6331024765968323","0.6331024765968323","70","70","70","0.5906471014022827","0.5906471014022827","0.5906471014022827","70","70","70","0.6117449402809143","0.6117449402809143","0.6117449402809143","69","69","69","0.6608864068984985","0.6608864068984985","0.6608864068984985"
"70","71","71","71","0.6425178647041321","0.6425178647041321","0.6425178647041321","71","71","71","0.6108214855194092","0.6108214855194092","0.6108214855194092","71","71","71","0.6559619903564453","0.6559619903564453","0.6559619903564453","71","71","71","0.6324539184570312","0.6324539184570312","0.6324539184570312","71","71","71","0.6468163728713989","0.6468163728713989","0.6468163728713989","71","71","71","0.629857063293457","0.629857063293457","0.629857063293457","70","70","70","0.6492626667022705","0.6492626667022705","0.6492626667022705"
"71","72","72","72","0.6281093955039978","0.6281093955039978","0.6281093955039978","72","72","72","0.6108214855194092","0.6108214855194092","0.6108214855194092","72","72","72","0.6599716544151306","0.6599716544151306","0.6599716544151306","72","72","72","0.6287317872047424","0.6287317872047424","0.6287317872047424","72","72","72","0.5874724984169006","0.5874724984169006","0.5874724984169006","72","72","72","0.6160897016525269","0.6160897016525269","0.6160897016525269","71","71","71","0.6480647325515747","0.6480647325515747","0.6480647325515747"
"72","73","73","73","0.6448088884353638","0.6448088884353638","0.6448088884353638","73","73","73","0.6105920672416687","0.6105920672416687","0.6105920672416687","73","73","73","0.6462087631225586","0.6462087631225586","0.6462087631225586","73","73","73","0.6294323801994324","0.6294323801994324","0.6294323801994324","73","73","73","0.5757818818092346","0.5757818818092346","0.5757818818092346","73","73","73","0.6297248601913452","0.6297248601913452","0.6297248601913452","72","72","72","0.6526685357093811","0.6526685357093811","0.6526685357093811"
"73","74","74","74","0.6370349526405334","0.6370349526405334","0.6370349526405334","74","74","74","0.610268771648407","0.610268771648407","0.610268771648407","74","74","74","0.6536551713943481","0.6536551713943481","0.6536551713943481","74","74","74","0.6307253837585449","0.6307253837585449","0.6307253837585449","74","74","74","0.5965233445167542","0.5965233445167542","0.5965233445167542","74","74","74","0.6365282535552979","0.6365282535552979","0.6365282535552979","73","73","73","0.6444249749183655","0.6444249749183655","0.6444249749183655"
"74","75","75","75","0.6327939033508301","0.6327939033508301","0.6327939033508301","75","75","75","0.6105318069458008","0.6105318069458008","0.6105318069458008","75","75","75","0.6568281054496765","0.6568281054496765","0.6568281054496765","75","75","75","0.6349412202835083","0.6349412202835083","0.6349412202835083","75","75","75","0.6270671486854553","0.6270671486854553","0.6270671486854553","75","75","75","0.6324082016944885","0.6324082016944885","0.6324082016944885","74","74","74","0.6351538300514221","0.6351538300514221","0.6351538300514221"
"75","76","76","76","0.6401621699333191","0.6401621699333191","0.6401621699333191","76","76","76","0.6105318069458008","0.6105318069458008","0.6105318069458008","76","76","76","0.6591367721557617","0.6591367721557617","0.6591367721557617","76","76","76","0.6316227316856384","0.6316227316856384","0.6316227316856384","76","76","76","0.5962637066841125","0.5962637066841125","0.5962637066841125","76","76","76","0.6230961084365845","0.6230961084365845","0.6230961084365845","75","75","75","0.6346548795700073","0.6346548795700073","0.6346548795700073"
"76","77","77","77","0.6471884250640869","0.6471884250640869","0.6471884250640869","77","77","77","0.6102645397186279","0.6102645397186279","0.6102645397186279","77","77","77","0.6710370779037476","0.6710370779037476","0.6710370779037476","77","77","77","0.6326215267181396","0.6326215267181396","0.6326215267181396","77","77","77","0.5858513116836548","0.5858513116836548","0.5858513116836548","77","77","77","0.5982073545455933","0.5982073545455933","0.5982073545455933","76","76","76","0.651913583278656","0.651913583278656","0.651913583278656"
"77","78","78","78","0.6460554003715515","0.6460554003715515","0.6460554003715515","78","78","78","0.6105318069458008","0.6105318069458008","0.6105318069458008","78","78","78","0.6578798890113831","0.6578798890113831","0.6578798890113831","78","78","78","0.6301222443580627","0.6301222443580627","0.6301222443580627","78","78","78","0.5890999436378479","0.5890999436378479","0.5890999436378479","78","78","78","0.6337840557098389","0.6337840557098389","0.6337840557098389","77","77","77","0.6429809927940369","0.6429809927940369","0.6429809927940369"
"78","79","79","79","0.6387948989868164","0.6387948989868164","0.6387948989868164","79","79","79","0.6105318069458008","0.6105318069458008","0.6105318069458008","79","79","79","0.6651372909545898","0.6651372909545898","0.6651372909545898","79","79","79","0.6383712887763977","0.6383712887763977","0.6383712887763977","79","79","79","0.6127936840057373","0.6127936840057373","0.6127936840057373","79","79","79","0.6209347248077393","0.6209347248077393","0.6209347248077393","78","78","78","0.6342394948005676","0.6342394948005676","0.6342394948005676"
"79","80","80","80","0.6456360220909119","0.6456360220909119","0.6456360220909119","80","80","80","0.6105318069458008","0.6105318069458008","0.6105318069458008","80","80","80","0.6636521220207214","0.6636521220207214","0.6636521220207214","80","80","80","0.6304678320884705","0.6304678320884705","0.6304678320884705","80","80","80","0.6231917142868042","0.6231917142868042","0.6231917142868042","80","80","80","0.5591491460800171","0.5591491460800171","0.5591491460800171","79","79","79","0.6405102014541626","0.6405102014541626","0.6405102014541626"
"80","81","81","81","0.636080265045166","0.636080265045166","0.636080265045166","81","81","81","0.6102645397186279","0.6102645397186279","0.6102645397186279","81","81","81","0.6600106954574585","0.6600106954574585","0.6600106954574585","81","81","81","0.6314330101013184","0.6314330101013184","0.6314330101013184","81","81","81","0.607333779335022","0.607333779335022","0.607333779335022","81","81","81","0.6246088147163391","0.6246088147163391","0.6246088147163391","80","80","80","0.6554285287857056","0.6554285287857056","0.6554285287857056"
"81","82","82","82","0.6369933485984802","0.6369933485984802","0.6369933485984802","82","82","82","0.6103013157844543","0.6103013157844543","0.6103013157844543","82","82","82","0.655927300453186","0.655927300453186","0.655927300453186","82","82","82","0.6223464608192444","0.6223464608192444","0.6223464608192444","82","82","82","0.6347006559371948","0.6347006559371948","0.6347006559371948","82","82","82","0.5935118198394775","0.5935118198394775","0.5935118198394775","81","81","81","0.6372292637825012","0.6372292637825012","0.6372292637825012"
"82","83","83","83","0.6379092931747437","0.6379092931747437","0.6379092931747437","83","83","83","0.610321581363678","0.610321581363678","0.610321581363678","83","83","83","0.6672497987747192","0.6672497987747192","0.6672497987747192","83","83","83","0.6202625036239624","0.6202625036239624","0.6202625036239624","83","83","83","0.6008117198944092","0.6008117198944092","0.6008117198944092","83","83","83","0.5685111284255981","0.5685111284255981","0.5685111284255981","82","82","82","0.6390584707260132","0.6390584707260132","0.6390584707260132"
"83","84","84","84","0.6423173546791077","0.6423173546791077","0.6423173546791077","84","84","84","0.6097139716148376","0.6097139716148376","0.6097139716148376","84","84","84","0.6632545590400696","0.6632545590400696","0.6632545590400696","84","84","84","0.6401267051696777","0.6401267051696777","0.6401267051696777","84","84","84","0.6362526416778564","0.6362526416778564","0.6362526416778564","84","84","84","0.6362114548683167","0.6362114548683167","0.6362114548683167","83","83","83","0.637636661529541","0.637636661529541","0.637636661529541"
"84","85","85","85","0.6400567889213562","0.6400567889213562","0.6400567889213562","85","85","85","0.6100745797157288","0.6100745797157288","0.6100745797157288","85","85","85","0.6641326546669006","0.6641326546669006","0.6641326546669006","85","85","85","0.6287499666213989","0.6287499666213989","0.6287499666213989","85","85","85","0.6115080714225769","0.6115080714225769","0.6115080714225769","85","85","85","0.5657809972763062","0.5657809972763062","0.5657809972763062","84","84","84","0.6307733058929443","0.6307733058929443","0.6307733058929443"
"85","86","86","86","0.6424469351768494","0.6424469351768494","0.6424469351768494","86","86","86","0.609734058380127","0.609734058380127","0.609734058380127","86","86","86","0.6554273962974548","0.6554273962974548","0.6554273962974548","86","86","86","0.6385818719863892","0.6385818719863892","0.6385818719863892","86","86","86","0.6473580002784729","0.6473580002784729","0.6473580002784729","86","86","86","0.6256256699562073","0.6256256699562073","0.6256256699562073","85","85","85","0.641152024269104","0.641152024269104","0.641152024269104"
"86","87","87","87","0.6415342092514038","0.6415342092514038","0.6415342092514038","87","87","87","0.6097341179847717","0.6097341179847717","0.6097341179847717","87","87","87","0.6621807217597961","0.6621807217597961","0.6621807217597961","87","87","87","0.6198229789733887","0.6198229789733887","0.6198229789733887","87","87","87","0.6173933148384094","0.6173933148384094","0.6173933148384094","87","87","87","0.6110939383506775","0.6110939383506775","0.6110939383506775","86","86","86","0.6347501277923584","0.6347501277923584","0.6347501277923584"
"87","88","88","88","0.6421900391578674","0.6421900391578674","0.6421900391578674","88","88","88","0.6097341179847717","0.6097341179847717","0.6097341179847717","88","88","88","0.6664758920669556","0.6664758920669556","0.6664758920669556","88","88","88","0.6263397932052612","0.6263397932052612","0.6263397932052612","88","88","88","0.6222292184829712","0.6222292184829712","0.6222292184829712","88","88","88","0.5786438584327698","0.5786438584327698","0.5786438584327698","87","87","87","0.6332719922065735","0.6332719922065735","0.6332719922065735"
"88","89","89","89","0.6361657381057739","0.6361657381057739","0.6361657381057739","89","89","89","0.6094843149185181","0.6094843149185181","0.6094843149185181","89","89","89","0.6569541096687317","0.6569541096687317","0.6569541096687317","89","89","89","0.6204323768615723","0.6204323768615723","0.6204323768615723","89","89","89","0.6350453495979309","0.6350453495979309","0.6350453495979309","89","89","89","0.632942259311676","0.632942259311676","0.632942259311676","88","88","88","0.6411355137825012","0.6411355137825012","0.6411355137825012"
"89","90","90","90","0.6380971670150757","0.6380971670150757","0.6380971670150757","90","90","90","0.6094843149185181","0.6094843149185181","0.6094843149185181","90","90","90","0.6487312316894531","0.6487312316894531","0.6487312316894531","90","90","90","0.6260692477226257","0.6260692477226257","0.6260692477226257","90","90","90","0.634259045124054","0.634259045124054","0.634259045124054","90","90","90","0.6286985874176025","0.6286985874176025","0.6286985874176025","89","89","89","0.6345317363739014","0.6345317363739014","0.6345317363739014"
"90","91","91","91","0.6345804333686829","0.6345804333686829","0.6345804333686829","91","91","91","0.6098055839538574","0.6098055839538574","0.6098055839538574","91","91","91","0.6508134007453918","0.6508134007453918","0.6508134007453918","91","91","91","0.6175425052642822","0.6175425052642822","0.6175425052642822","91","91","91","0.6275931596755981","0.6275931596755981","0.6275931596755981","91","91","91","0.6366474032402039","0.6366474032402039","0.6366474032402039","90","90","90","0.6450863480567932","0.6450863480567932","0.6450863480567932"
"91","92","92","92","0.6417939066886902","0.6417939066886902","0.6417939066886902","92","92","92","0.6095094680786133","0.6095094680786133","0.6095094680786133","92","92","92","0.6641615033149719","0.6641615033149719","0.6641615033149719","92","92","92","0.612566351890564","0.612566351890564","0.612566351890564","92","92","92","0.6239597797393799","0.6239597797393799","0.6239597797393799","92","92","92","0.6192983984947205","0.6192983984947205","0.6192983984947205","91","91","91","0.6452198028564453","0.6452198028564453","0.6452198028564453"
"92","93","93","93","0.6377130746841431","0.6377130746841431","0.6377130746841431","93","93","93","0.6098055839538574","0.6098055839538574","0.6098055839538574","93","93","93","0.6669266819953918","0.6669266819953918","0.6669266819953918","93","93","93","0.6302379369735718","0.6302379369735718","0.6302379369735718","93","93","93","0.6378283500671387","0.6378283500671387","0.6378283500671387","93","93","93","0.6287046074867249","0.6287046074867249","0.6287046074867249","92","92","92","0.6525113582611084","0.6525113582611084","0.6525113582611084"
"93","94","94","94","0.6364220976829529","0.6364220976829529","0.6364220976829529","94","94","94","0.6095094680786133","0.6095094680786133","0.6095094680786133","94","94","94","0.6668512225151062","0.6668512225151062","0.6668512225151062","94","94","94","0.6325274705886841","0.6325274705886841","0.6325274705886841","94","94","94","0.6157270669937134","0.6157270669937134","0.6157270669937134","94","94","94","0.6050401926040649","0.6050401926040649","0.6050401926040649","93","93","93","0.6477338671684265","0.6477338671684265","0.6477338671684265"
"94","95","95","95","0.6381412148475647","0.6381412148475647","0.6381412148475647","95","95","95","0.6095094680786133","0.6095094680786133","0.6095094680786133","95","95","95","0.6663740277290344","0.6663740277290344","0.6663740277290344","95","95","95","0.6363139152526855","0.6363139152526855","0.6363139152526855","95","95","95","0.5758627653121948","0.5758627653121948","0.5758627653121948","95","95","95","0.6041999459266663","0.6041999459266663","0.6041999459266663","94","94","94","0.6353940963745117","0.6353940963745117","0.6353940963745117"
"95","96","96","96","0.6358863115310669","0.6358863115310669","0.6358863115310669","96","96","96","0.6095094680786133","0.6095094680786133","0.6095094680786133","96","96","96","0.6512364149093628","0.6512364149093628","0.6512364149093628","96","96","96","0.631147027015686","0.631147027015686","0.631147027015686","96","96","96","0.5922499895095825","0.5922499895095825","0.5922499895095825","96","96","96","0.6253911852836609","0.6253911852836609","0.6253911852836609","95","95","95","0.6372140645980835","0.6372140645980835","0.6372140645980835"
"96","97","97","97","0.6313384175300598","0.6313384175300598","0.6313384175300598","97","97","97","0.6095672845840454","0.6095672845840454","0.6095672845840454","97","97","97","0.6587804555892944","0.6587804555892944","0.6587804555892944","97","97","97","0.626261293888092","0.626261293888092","0.626261293888092","97","97","97","0.639616072177887","0.639616072177887","0.639616072177887","97","97","97","0.6270958781242371","0.6270958781242371","0.6270958781242371","96","96","96","0.6496874094009399","0.6496874094009399","0.6496874094009399"
"97","98","98","98","0.6255239844322205","0.6255239844322205","0.6255239844322205","98","98","98","0.609567403793335","0.609567403793335","0.609567403793335","98","98","98","0.6550647616386414","0.6550647616386414","0.6550647616386414","98","98","98","0.6124065518379211","0.6124065518379211","0.6124065518379211","98","98","98","0.6093221306800842","0.6093221306800842","0.6093221306800842","98","98","98","0.6252877116203308","0.6252877116203308","0.6252877116203308","97","97","97","0.636058509349823","0.636058509349823","0.636058509349823"
"98","99","99","99","0.6390789151191711","0.6390789151191711","0.6390789151191711","99","99","99","0.6096321940422058","0.6096321940422058","0.6096321940422058","99","99","99","0.6554917693138123","0.6554917693138123","0.6554917693138123","99","99","99","0.6184117197990417","0.6184117197990417","0.6184117197990417","99","99","99","0.5995498299598694","0.5995498299598694","0.5995498299598694","99","99","99","0.6244765520095825","0.6244765520095825","0.6244765520095825","98","98","98","0.6315334439277649","0.6315334439277649","0.6315334439277649"
"99","100","100","100","0.6433253884315491","0.6433253884315491","0.6433253884315491","100","100","100","0.6096321940422058","0.6096321940422058","0.6096321940422058","100","100","100","0.6479682326316833","0.6479682326316833","0.6479682326316833","100","100","100","0.6363472938537598","0.6363472938537598","0.6363472938537598","100","100","100","0.610930323600769","0.610930323600769","0.610930323600769","100","100","100","0.607092559337616","0.607092559337616","0.607092559337616","99","99","99","0.6300512552261353","0.6300512552261353","0.6300512552261353"
"100","101","101","101","0.6421350240707397","0.6421350240707397","0.6421350240707397","101","101","101","0.6096321940422058","0.6096321940422058","0.6096321940422058","101","101","101","0.6618418097496033","0.6618418097496033","0.6618418097496033","101","101","101","0.6299321055412292","0.6299321055412292","0.6299321055412292","101","101","101","0.6205037832260132","0.6205037832260132","0.6205037832260132","101","101","101","0.6258562803268433","0.6258562803268433","0.6258562803268433","100","100","100","0.6518445611000061","0.6518445611000061","0.6518445611000061"