"epoch","transformer-2-w-sample-class-weighted - _step","transformer-2-w-sample-class-weighted - _step__MIN","transformer-2-w-sample-class-weighted - _step__MAX","transformer-2-w-sample-class-weighted - val/auc_w/ttH","transformer-2-w-sample-class-weighted - val/auc_w/ttH__MIN","transformer-2-w-sample-class-weighted - val/auc_w/ttH__MAX","transformer-2-w-sample-class-raw - _step","transformer-2-w-sample-class-raw - _step__MIN","transformer-2-w-sample-class-raw - _step__MAX","transformer-2-w-sample-class-raw - val/auc_w/ttH","transformer-2-w-sample-class-raw - val/auc_w/ttH__MIN","transformer-2-w-sample-class-raw - val/auc_w/ttH__MAX","transformer-2-w-class-raw - _step","transformer-2-w-class-raw - _step__MIN","transformer-2-w-class-raw - _step__MAX","transformer-2-w-class-raw - val/auc_w/ttH","transformer-2-w-class-raw - val/auc_w/ttH__MIN","transformer-2-w-class-raw - val/auc_w/ttH__MAX","transformer-2-w-class-weighted - _step","transformer-2-w-class-weighted - _step__MIN","transformer-2-w-class-weighted - _step__MAX","transformer-2-w-class-weighted - val/auc_w/ttH","transformer-2-w-class-weighted - val/auc_w/ttH__MIN","transformer-2-w-class-weighted - val/auc_w/ttH__MAX","transformer-2-w-sample-unnorm - _step","transformer-2-w-sample-unnorm - _step__MIN","transformer-2-w-sample-unnorm - _step__MAX","transformer-2-w-sample-unnorm - val/auc_w/ttH","transformer-2-w-sample-unnorm - val/auc_w/ttH__MIN","transformer-2-w-sample-unnorm - val/auc_w/ttH__MAX","transformer-2-w-sample - _step","transformer-2-w-sample - _step__MIN","transformer-2-w-sample - _step__MAX","transformer-2-w-sample - val/auc_w/ttH","transformer-2-w-sample - val/auc_w/ttH__MIN","transformer-2-w-sample - val/auc_w/ttH__MAX","transformer-2 - _step","transformer-2 - _step__MIN","transformer-2 - _step__MAX","transformer-2 - val/auc_w/ttH","transformer-2 - val/auc_w/ttH__MIN","transformer-2 - val/auc_w/ttH__MAX"
"1","1.5","1","2","0.47526884536240055","0.47196693562324044","0.47857075510156066","1.5","1","2","0.4786492935540059","0.47857075510156066","0.47872783200645114","1.5","1","2","0.5178928451378844","0.47857075510156066","0.5572149351742082","1.5","1","2","0.48607386323465496","0.47857075510156066","0.4935769713677492","1.5","1","2","0.5418085581018445","0.47876812528411145","0.6048489909195774","1.5","1","2","0.5408850566472891","0.47857075510156066","0.6031993581930177","1","1","1","0.5916381712406114","0.5916381712406114","0.5916381712406114"
"2","3","3","3","0.48154413015830155","0.48154413015830155","0.48154413015830155","3","3","3","0.47819019067275126","0.47819019067275126","0.47819019067275126","3","3","3","0.5451448727959552","0.5451448727959552","0.5451448727959552","3","3","3","0.5632139382356094","0.5632139382356094","0.5632139382356094","3","3","3","0.6453827292730792","0.6453827292730792","0.6453827292730792","3","3","3","0.6460704770119303","0.6460704770119303","0.6460704770119303","2","2","2","0.6275400053688894","0.6275400053688894","0.6275400053688894"
"3","4","4","4","0.4822465546866942","0.4822465546866942","0.4822465546866942","4","4","4","0.47856189848415154","0.47856189848415154","0.47856189848415154","4","4","4","0.547835042743434","0.547835042743434","0.547835042743434","4","4","4","0.6120781913642488","0.6120781913642488","0.6120781913642488","4","4","4","0.686516197440133","0.686516197440133","0.686516197440133","4","4","4","0.6872597739969819","0.6872597739969819","0.6872597739969819","3","3","3","0.6499130075684647","0.6499130075684647","0.6499130075684647"
"4","5","5","5","0.4813151024229223","0.4813151024229223","0.4813151024229223","5","5","5","0.4784564056211077","0.4784564056211077","0.4784564056211077","5","5","5","0.6184445976472778","0.6184445976472778","0.6184445976472778","5","5","5","0.5807225714217236","0.5807225714217236","0.5807225714217236","5","5","5","0.7001930120687787","0.7001930120687787","0.7001930120687787","5","5","5","0.6963440974192403","0.6963440974192403","0.6963440974192403","4","4","4","0.6527983439640017","0.6527983439640017","0.6527983439640017"
"5","6","6","6","0.4821547290414141","0.4821547290414141","0.4821547290414141","6","6","6","0.47867287284117843","0.47867287284117843","0.47867287284117843","6","6","6","0.6338331417987528","0.6338331417987528","0.6338331417987528","6","6","6","0.5923380380842855","0.5923380380842855","0.5923380380842855","6","6","6","0.7125130274211112","0.7125130274211112","0.7125130274211112","6","6","6","0.7142447089872739","0.7142447089872739","0.7142447089872739","5","5","5","0.6533806974650211","0.6533806974650211","0.6533806974650211"
"6","7","7","7","0.4805747669231857","0.4805747669231857","0.4805747669231857","7","7","7","0.47854700626188384","0.47854700626188384","0.47854700626188384","7","7","7","0.6112917399361099","0.6112917399361099","0.6112917399361099","7","7","7","0.5884694662656103","0.5884694662656103","0.5884694662656103","7","7","7","0.7086234662020013","0.7086234662020013","0.7086234662020013","7","7","7","0.7098321992169916","0.7098321992169916","0.7098321992169916","6","6","6","0.6501103468023719","0.6501103468023719","0.6501103468023719"
"7","8","8","8","0.4797328449936513","0.4797328449936513","0.4797328449936513","8","8","8","0.4787474522492605","0.4787474522492605","0.4787474522492605","8","8","8","0.6310394533483179","0.6310394533483179","0.6310394533483179","8","8","8","0.5688221923081749","0.5688221923081749","0.5688221923081749","8","8","8","0.7194472195375007","0.7194472195375007","0.7194472195375007","8","8","8","0.7155821257933964","0.7155821257933964","0.7155821257933964","7","7","7","0.6472948948645459","0.6472948948645459","0.6472948948645459"
"8","9","9","9","0.48263604775649105","0.48263604775649105","0.48263604775649105","9","9","9","0.4787902528180973","0.4787902528180973","0.4787902528180973","9","9","9","0.635301132337812","0.635301132337812","0.635301132337812","9","9","9","0.5804604031001278","0.5804604031001278","0.5804604031001278","9","9","9","0.7198514361438825","0.7198514361438825","0.7198514361438825","9","9","9","0.7228526674237508","0.7228526674237508","0.7228526674237508","8","8","8","0.6411628762761448","0.6411628762761448","0.6411628762761448"
"9","10","10","10","0.4757390373524314","0.4757390373524314","0.4757390373524314","10","10","10","0.478494152216661","0.478494152216661","0.478494152216661","10","10","10","0.6478359849204104","0.6478359849204104","0.6478359849204104","10","10","10","0.5924875507206432","0.5924875507206432","0.5924875507206432","10","10","10","0.7009277195435853","0.7009277195435853","0.7009277195435853","10","10","10","0.6975395493516676","0.6975395493516676","0.6975395493516676","9","9","9","0.6241768686266751","0.6241768686266751","0.6241768686266751"
"10","11","11","11","0.47751653834494046","0.47751653834494046","0.47751653834494046","11","11","11","0.4784038761549465","0.4784038761549465","0.4784038761549465","11","11","11","0.6676979360850404","0.6676979360850404","0.6676979360850404","11","11","11","0.5845319165433173","0.5845319165433173","0.5845319165433173","11","11","11","0.7228689690687763","0.7228689690687763","0.7228689690687763","11","11","11","0.7246756021864889","0.7246756021864889","0.7246756021864889","10","10","10","0.636455896843119","0.636455896843119","0.636455896843119"
"11","12","12","12","0.4758090316601528","0.4758090316601528","0.4758090316601528","12","12","12","0.4786742070254906","0.4786742070254906","0.4786742070254906","12","12","12","0.6547101193752904","0.6547101193752904","0.6547101193752904","12","12","12","0.5799256348350479","0.5799256348350479","0.5799256348350479","12","12","12","0.7222290646234051","0.7222290646234051","0.7222290646234051","12","12","12","0.728039666648854","0.728039666648854","0.728039666648854","11","11","11","0.6470546329947215","0.6470546329947215","0.6470546329947215"
"12","13","13","13","0.48537776956212403","0.48537776956212403","0.48537776956212403","13","13","13","0.47846602712468556","0.47846602712468556","0.47846602712468556","13","13","13","0.6653546873472892","0.6653546873472892","0.6653546873472892","13","13","13","0.6000392142668476","0.6000392142668476","0.6000392142668476","13","13","13","0.7143485118816836","0.7143485118816836","0.7143485118816836","13","13","13","0.7180893483989956","0.7180893483989956","0.7180893483989956","12","12","12","0.6618894014467829","0.6618894014467829","0.6618894014467829"
"13","14","14","14","0.46712407021936025","0.46712407021936025","0.46712407021936025","14","14","14","0.47834776875901364","0.47834776875901364","0.47834776875901364","14","14","14","0.6735290082046592","0.6735290082046592","0.6735290082046592","14","14","14","0.5975068209193776","0.5975068209193776","0.5975068209193776","14","14","14","0.7251660111430338","0.7251660111430338","0.7251660111430338","14","14","14","0.7292323608517992","0.7292323608517992","0.7292323608517992","13","13","13","0.6844835598233344","0.6844835598233344","0.6844835598233344"
"14","15","15","15","0.47559313941646053","0.47559313941646053","0.47559313941646053","15","15","15","0.47858004782052477","0.47858004782052477","0.47858004782052477","15","15","15","0.6572163237686253","0.6572163237686253","0.6572163237686253","15","15","15","0.580402361653774","0.580402361653774","0.580402361653774","15","15","15","0.7282307085705086","0.7282307085705086","0.7282307085705086","15","15","15","0.7304568160677605","0.7304568160677605","0.7304568160677605","14","14","14","0.6935514616435821","0.6935514616435821","0.6935514616435821"
"15","16","16","16","0.4490348677526736","0.4490348677526736","0.4490348677526736","16","16","16","0.4786741423158064","0.4786741423158064","0.4786741423158064","16","16","16","0.6530836600330195","0.6530836600330195","0.6530836600330195","16","16","16","0.5818907730263241","0.5818907730263241","0.5818907730263241","16","16","16","0.7078839063926063","0.7078839063926063","0.7078839063926063","16","16","16","0.7155036298148019","0.7155036298148019","0.7155036298148019","15","15","15","0.7037845155235104","0.7037845155235104","0.7037845155235104"
"16","17","17","17","0.4543037087999024","0.4543037087999024","0.4543037087999024","17","17","17","0.47861387198576255","0.47861387198576255","0.47861387198576255","17","17","17","0.6671324019467877","0.6671324019467877","0.6671324019467877","17","17","17","0.5653204379421028","0.5653204379421028","0.5653204379421028","17","17","17","0.7299209522976992","0.7299209522976992","0.7299209522976992","17","17","17","0.732803469048914","0.732803469048914","0.732803469048914","16","16","16","0.7136936794636819","0.7136936794636819","0.7136936794636819"
"17","18","18","18","0.4970344652904255","0.4970344652904255","0.4970344652904255","18","18","18","0.4789393533293551","0.4789393533293551","0.4789393533293551","18","18","18","0.6713582676056048","0.6713582676056048","0.6713582676056048","18","18","18","0.5748945365332835","0.5748945365332835","0.5748945365332835","18","18","18","0.7276555307244584","0.7276555307244584","0.7276555307244584","18","18","18","0.7330645050876783","0.7330645050876783","0.7330645050876783","17","17","17","0.7063208676525645","0.7063208676525645","0.7063208676525645"
"18","19","19","19","0.5293096913960653","0.5293096913960653","0.5293096913960653","19","19","19","0.4786007263494888","0.4786007263494888","0.4786007263494888","19","19","19","0.6832164054299859","0.6832164054299859","0.6832164054299859","19","19","19","0.5616673201855471","0.5616673201855471","0.5616673201855471","19","19","19","0.733153657615428","0.733153657615428","0.733153657615428","19","19","19","0.7318252676117173","0.7318252676117173","0.7318252676117173","18","18","18","0.7320841013619783","0.7320841013619783","0.7320841013619783"
"19","20","20","20","0.5620608152669466","0.5620608152669466","0.5620608152669466","20","20","20","0.47856066603328323","0.47856066603328323","0.47856066603328323","20","20","20","0.6895623743971361","0.6895623743971361","0.6895623743971361","20","20","20","0.600151474029641","0.600151474029641","0.600151474029641","20","20","20","0.7248503532077681","0.7248503532077681","0.7248503532077681","20","20","20","0.7285874507874475","0.7285874507874475","0.7285874507874475","19","19","19","0.7264466490847655","0.7264466490847655","0.7264466490847655"
"20","21","21","21","0.5438621486405922","0.5438621486405922","0.5438621486405922","21","21","21","0.4788767488583144","0.4788767488583144","0.4788767488583144","21","21","21","0.6900901469430967","0.6900901469430967","0.6900901469430967","21","21","21","0.5856028769059014","0.5856028769059014","0.5856028769059014","21","21","21","0.7383415104786758","0.7383415104786758","0.7383415104786758","21","21","21","0.7354619165956401","0.7354619165956401","0.7354619165956401","20","20","20","0.7357936354694766","0.7357936354694766","0.7357936354694766"
"21","22","22","22","0.5658649460212584","0.5658649460212584","0.5658649460212584","22","22","22","0.47859644850436145","0.47859644850436145","0.47859644850436145","22","22","22","0.7073391864090472","0.7073391864090472","0.7073391864090472","22","22","22","0.590902114727456","0.590902114727456","0.590902114727456","22","22","22","0.733263877264954","0.733263877264954","0.733263877264954","22","22","22","0.7378786208332937","0.7378786208332937","0.7378786208332937","21","21","21","0.7488543845889243","0.7488543845889243","0.7488543845889243"
"22","23","23","23","0.614591331870039","0.614591331870039","0.614591331870039","23","23","23","0.47836165554461224","0.47836165554461224","0.47836165554461224","23","23","23","0.6821550318397459","0.6821550318397459","0.6821550318397459","23","23","23","0.5704080731286185","0.5704080731286185","0.5704080731286185","23","23","23","0.7221670143567518","0.7221670143567518","0.7221670143567518","23","23","23","0.7213160098753455","0.7213160098753455","0.7213160098753455","22","22","22","0.7455423746549169","0.7455423746549169","0.7455423746549169"
"23","24","24","24","0.6088837552278716","0.6088837552278716","0.6088837552278716","24","24","24","0.4784585322125274","0.4784585322125274","0.4784585322125274","24","24","24","0.7051590055423732","0.7051590055423732","0.7051590055423732","24","24","24","0.5921893969123837","0.5921893969123837","0.5921893969123837","24","24","24","0.7381861128297184","0.7381861128297184","0.7381861128297184","24","24","24","0.7440754100927954","0.7440754100927954","0.7440754100927954","23","23","23","0.7404206777202642","0.7404206777202642","0.7404206777202642"
"24","25","25","25","0.6097181141934584","0.6097181141934584","0.6097181141934584","25","25","25","0.47845147565861257","0.47845147565861257","0.47845147565861257","25","25","25","0.6851469940452255","0.6851469940452255","0.6851469940452255","25","25","25","0.5318740502896682","0.5318740502896682","0.5318740502896682","25","25","25","0.7187420495667873","0.7187420495667873","0.7187420495667873","25","25","25","0.7312877680547902","0.7312877680547902","0.7312877680547902","24","24","24","0.750247550820661","0.750247550820661","0.750247550820661"
"25","26","26","26","0.6138107850668341","0.6138107850668341","0.6138107850668341","26","26","26","0.47897450704300704","0.47897450704300704","0.47897450704300704","26","26","26","0.7052853244300527","0.7052853244300527","0.7052853244300527","26","26","26","0.6018687155852914","0.6018687155852914","0.6018687155852914","26","26","26","0.7259789623091111","0.7259789623091111","0.7259789623091111","26","26","26","0.727983142229452","0.727983142229452","0.727983142229452","25","25","25","0.742289594942627","0.742289594942627","0.742289594942627"
"26","27","27","27","0.6206057063756132","0.6206057063756132","0.6206057063756132","27","27","27","0.478652272134721","0.478652272134721","0.478652272134721","27","27","27","0.6844223967160065","0.6844223967160065","0.6844223967160065","27","27","27","0.587727047834375","0.587727047834375","0.587727047834375","27","27","27","0.7325244588186323","0.7325244588186323","0.7325244588186323","27","27","27","0.7396539058220135","0.7396539058220135","0.7396539058220135","26","26","26","0.7352169530015038","0.7352169530015038","0.7352169530015038"
"27","28","28","28","0.5664032910760887","0.5664032910760887","0.5664032910760887","28","28","28","0.4783655652310911","0.4783655652310911","0.4783655652310911","28","28","28","0.7031950490305234","0.7031950490305234","0.7031950490305234","28","28","28","0.582531406494793","0.582531406494793","0.582531406494793","28","28","28","0.7313054682138439","0.7313054682138439","0.7313054682138439","28","28","28","0.728006157477893","0.728006157477893","0.728006157477893","27","27","27","0.7368825787989358","0.7368825787989358","0.7368825787989358"
"28","29","29","29","0.5759409978456169","0.5759409978456169","0.5759409978456169","29","29","29","0.47893062443358847","0.47893062443358847","0.47893062443358847","29","29","29","0.7204398869506217","0.7204398869506217","0.7204398869506217","29","29","29","0.5846823808418484","0.5846823808418484","0.5846823808418484","29","29","29","0.7345517343856758","0.7345517343856758","0.7345517343856758","29","29","29","0.7350649689220835","0.7350649689220835","0.7350649689220835","28","28","28","0.7291458486397862","0.7291458486397862","0.7291458486397862"
"29","30","30","30","0.5936559195281487","0.5936559195281487","0.5936559195281487","30","30","30","0.47841053502029907","0.47841053502029907","0.47841053502029907","30","30","30","0.7063298002655596","0.7063298002655596","0.7063298002655596","30","30","30","0.5796676574288115","0.5796676574288115","0.5796676574288115","30","30","30","0.7398530172746755","0.7398530172746755","0.7398530172746755","30","30","30","0.7426967588561039","0.7426967588561039","0.7426967588561039","29","29","29","0.748636589635895","0.748636589635895","0.748636589635895"
"30","31","31","31","0.5964782703296837","0.5964782703296837","0.5964782703296837","31","31","31","0.47847858010299493","0.47847858010299493","0.47847858010299493","31","31","31","0.7087494181052523","0.7087494181052523","0.7087494181052523","31","31","31","0.5896437739148819","0.5896437739148819","0.5896437739148819","31","31","31","0.7008489172539216","0.7008489172539216","0.7008489172539216","31","31","31","0.7271613781385557","0.7271613781385557","0.7271613781385557","30","30","30","0.7405642239442213","0.7405642239442213","0.7405642239442213"
"31","32","32","32","0.6322557503554983","0.6322557503554983","0.6322557503554983","32","32","32","0.4789465308905131","0.4789465308905131","0.4789465308905131","32","32","32","0.7162211501432856","0.7162211501432856","0.7162211501432856","32","32","32","0.5969723336661878","0.5969723336661878","0.5969723336661878","32","32","32","0.7135862287114872","0.7135862287114872","0.7135862287114872","32","32","32","0.7295355496940571","0.7295355496940571","0.7295355496940571","31","31","31","0.7386576931134473","0.7386576931134473","0.7386576931134473"
"32","33","33","33","0.5807249379786001","0.5807249379786001","0.5807249379786001","33","33","33","0.4787996922680072","0.4787996922680072","0.4787996922680072","33","33","33","0.6980884167623431","0.6980884167623431","0.6980884167623431","33","33","33","0.5888904926771971","0.5888904926771971","0.5888904926771971","33","33","33","0.7294262299476433","0.7294262299476433","0.7294262299476433","33","33","33","0.7186872795738998","0.7186872795738998","0.7186872795738998","32","32","32","0.7626894607879648","0.7626894607879648","0.7626894607879648"
"33","34","34","34","0.6066361979258087","0.6066361979258087","0.6066361979258087","34","34","34","0.4788346501980981","0.4788346501980981","0.4788346501980981","34","34","34","0.7045169972331595","0.7045169972331595","0.7045169972331595","34","34","34","0.5888636406710599","0.5888636406710599","0.5888636406710599","34","34","34","0.7382396613040242","0.7382396613040242","0.7382396613040242","34","34","34","0.7283279202468111","0.7283279202468111","0.7283279202468111","33","33","33","0.7520638641444352","0.7520638641444352","0.7520638641444352"
"34","35","35","35","0.600370088212272","0.600370088212272","0.600370088212272","35","35","35","0.4788032754205368","0.4788032754205368","0.4788032754205368","35","35","35","0.7165297654925443","0.7165297654925443","0.7165297654925443","35","35","35","0.5852959112997098","0.5852959112997098","0.5852959112997098","35","35","35","0.7314997276174301","0.7314997276174301","0.7314997276174301","35","35","35","0.7048909704356094","0.7048909704356094","0.7048909704356094","34","34","34","0.7577196028909745","0.7577196028909745","0.7577196028909745"
"35","36","36","36","0.60470210811559","0.60470210811559","0.60470210811559","36","36","36","0.47872996241706295","0.47872996241706295","0.47872996241706295","36","36","36","0.7202284848929855","0.7202284848929855","0.7202284848929855","36","36","36","0.5814054430751272","0.5814054430751272","0.5814054430751272","36","36","36","0.7018975846597862","0.7018975846597862","0.7018975846597862","36","36","36","0.7265985600085121","0.7265985600085121","0.7265985600085121","35","35","35","0.7612358082028919","0.7612358082028919","0.7612358082028919"
"36","37","37","37","0.6076885622769443","0.6076885622769443","0.6076885622769443","37","37","37","0.47871109632228737","0.47871109632228737","0.47871109632228737","37","37","37","0.6942288260354936","0.6942288260354936","0.6942288260354936","37","37","37","0.5945383558242521","0.5945383558242521","0.5945383558242521","37","37","37","0.715945740313291","0.715945740313291","0.715945740313291","37","37","37","0.7002858877549173","0.7002858877549173","0.7002858877549173","36","36","36","0.7509513523313379","0.7509513523313379","0.7509513523313379"
"37","38","38","38","0.6004307680306228","0.6004307680306228","0.6004307680306228","38","38","38","0.4784246905406564","0.4784246905406564","0.4784246905406564","38","38","38","0.6958136883671231","0.6958136883671231","0.6958136883671231","38","38","38","0.5737461859530596","0.5737461859530596","0.5737461859530596","38","38","38","0.7056919768263825","0.7056919768263825","0.7056919768263825","38","38","38","0.7151622913798432","0.7151622913798432","0.7151622913798432","37","37","37","0.7389171157262072","0.7389171157262072","0.7389171157262072"
"38","39","39","39","0.6248695625782679","0.6248695625782679","0.6248695625782679","39","39","39","0.4789520222154222","0.4789520222154222","0.4789520222154222","39","39","39","0.7009591279286866","0.7009591279286866","0.7009591279286866","39","39","39","0.5783766007592177","0.5783766007592177","0.5783766007592177","39","39","39","0.7087614767714543","0.7087614767714543","0.7087614767714543","39","39","39","0.7291706932170264","0.7291706932170264","0.7291706932170264","38","38","38","0.754940066837875","0.754940066837875","0.754940066837875"
"39","40","40","40","0.6011761187743824","0.6011761187743824","0.6011761187743824","40","40","40","0.47904077078024404","0.47904077078024404","0.47904077078024404","40","40","40","0.7296075319674675","0.7296075319674675","0.7296075319674675","40","40","40","0.5879806245421397","0.5879806245421397","0.5879806245421397","40","40","40","0.7114012759846519","0.7114012759846519","0.7114012759846519","40","40","40","0.7278448645227129","0.7278448645227129","0.7278448645227129","39","39","39","0.7359444290974326","0.7359444290974326","0.7359444290974326"
"40","41","41","41","0.6167128568676272","0.6167128568676272","0.6167128568676272","41","41","41","0.47875062107858374","0.47875062107858374","0.47875062107858374","41","41","41","0.7333529464889629","0.7333529464889629","0.7333529464889629","41","41","41","0.5687769618593309","0.5687769618593309","0.5687769618593309","41","41","41","0.7263788008775863","0.7263788008775863","0.7263788008775863","41","41","41","0.7296941808209748","0.7296941808209748","0.7296941808209748","40","40","40","0.742446308826819","0.742446308826819","0.742446308826819"
"41","42","42","42","0.6020239299519861","0.6020239299519861","0.6020239299519861","42","42","42","0.4790733558066542","0.4790733558066542","0.4790733558066542","42","42","42","0.7217506367248179","0.7217506367248179","0.7217506367248179","42","42","42","0.5846456303296346","0.5846456303296346","0.5846456303296346","42","42","42","0.7241576731809862","0.7241576731809862","0.7241576731809862","42","42","42","0.7155007584562978","0.7155007584562978","0.7155007584562978","41","41","41","0.7650025576530513","0.7650025576530513","0.7650025576530513"
"42","43","43","43","0.5955801508508803","0.5955801508508803","0.5955801508508803","43","43","43","0.47887757350461235","0.47887757350461235","0.47887757350461235","43","43","43","0.7311469902285955","0.7311469902285955","0.7311469902285955","43","43","43","0.5763627554616514","0.5763627554616514","0.5763627554616514","43","43","43","0.724607347846955","0.724607347846955","0.724607347846955","43","43","43","0.7333562724735467","0.7333562724735467","0.7333562724735467","42","42","42","0.758476694717115","0.758476694717115","0.758476694717115"
"43","44","44","44","0.5970703447499647","0.5970703447499647","0.5970703447499647","44","44","44","0.4788398497058716","0.4788398497058716","0.4788398497058716","44","44","44","0.7225356851841697","0.7225356851841697","0.7225356851841697","44","44","44","0.5833384801714159","0.5833384801714159","0.5833384801714159","44","44","44","0.6903269884098842","0.6903269884098842","0.6903269884098842","44","44","44","0.7020714008619916","0.7020714008619916","0.7020714008619916","43","43","43","0.7168610548087767","0.7168610548087767","0.7168610548087767"
"44","45","45","45","0.580965250605034","0.580965250605034","0.580965250605034","45","45","45","0.4793643540314118","0.4793643540314118","0.4793643540314118","45","45","45","0.7190088064374479","0.7190088064374479","0.7190088064374479","45","45","45","0.5765910759923176","0.5765910759923176","0.5765910759923176","45","45","45","0.7109700599656594","0.7109700599656594","0.7109700599656594","45","45","45","0.7134434566149885","0.7134434566149885","0.7134434566149885","44","44","44","0.7475065189389599","0.7475065189389599","0.7475065189389599"
"45","46","46","46","0.6067900494442966","0.6067900494442966","0.6067900494442966","46","46","46","0.4789641561807189","0.4789641561807189","0.4789641561807189","46","46","46","0.7064521332386104","0.7064521332386104","0.7064521332386104","46","46","46","0.5716854897607215","0.5716854897607215","0.5716854897607215","46","46","46","0.7113404635711468","0.7113404635711468","0.7113404635711468","46","46","46","0.7129976666114543","0.7129976666114543","0.7129976666114543","45","45","45","0.7453001339083201","0.7453001339083201","0.7453001339083201"
"46","47","47","47","0.5742025192166043","0.5742025192166043","0.5742025192166043","47","47","47","0.4788749436735128","0.4788749436735128","0.4788749436735128","47","47","47","0.7055296145195658","0.7055296145195658","0.7055296145195658","47","47","47","0.579669229900214","0.579669229900214","0.579669229900214","47","47","47","0.7115814480290742","0.7115814480290742","0.7115814480290742","47","47","47","0.7250751936557411","0.7250751936557411","0.7250751936557411","46","46","46","0.7514333950667597","0.7514333950667597","0.7514333950667597"
"47","48","48","48","0.6344841820796041","0.6344841820796041","0.6344841820796041","48","48","48","0.4788627777996779","0.4788627777996779","0.4788627777996779","48","48","48","0.7202096442412612","0.7202096442412612","0.7202096442412612","48","48","48","0.5741300408522726","0.5741300408522726","0.5741300408522726","48","48","48","0.708163983292319","0.708163983292319","0.708163983292319","48","48","48","0.7040764489106675","0.7040764489106675","0.7040764489106675","47","47","47","0.743085933662075","0.743085933662075","0.743085933662075"
"48","49","49","49","0.61169342704172","0.61169342704172","0.61169342704172","49","49","49","0.4789195515979817","0.4789195515979817","0.4789195515979817","49","49","49","0.7234718940409484","0.7234718940409484","0.7234718940409484","49","49","49","0.5776829882967789","0.5776829882967789","0.5776829882967789","49","49","49","0.7051837239659412","0.7051837239659412","0.7051837239659412","49","49","49","0.6714085603168043","0.6714085603168043","0.6714085603168043","48","48","48","0.731648234413071","0.731648234413071","0.731648234413071"
"49","50","50","50","0.5730080300955174","0.5730080300955174","0.5730080300955174","50","50","50","0.4788488152396264","0.4788488152396264","0.4788488152396264","50","50","50","0.7246068970285633","0.7246068970285633","0.7246068970285633","50","50","50","0.5747870976231864","0.5747870976231864","0.5747870976231864","50","50","50","0.7136304117677111","0.7136304117677111","0.7136304117677111","50","50","50","0.6690487933245737","0.6690487933245737","0.6690487933245737","49","49","49","0.7512430847290896","0.7512430847290896","0.7512430847290896"
"50","51","51","51","0.6084479017584634","0.6084479017584634","0.6084479017584634","51","51","51","0.4786168613958568","0.4786168613958568","0.4786168613958568","51","51","51","0.699740831106408","0.699740831106408","0.699740831106408","51","51","51","0.5817637030160672","0.5817637030160672","0.5817637030160672","51","51","51","0.7087907677517593","0.7087907677517593","0.7087907677517593","51","51","51","0.6789603680324634","0.6789603680324634","0.6789603680324634","50","50","50","0.7411538043197232","0.7411538043197232","0.7411538043197232"
"51","52","52","52","0.6132227764323942","0.6132227764323942","0.6132227764323942","52","52","52","0.47877235705713866","0.47877235705713866","0.47877235705713866","52","52","52","0.725918974687048","0.725918974687048","0.725918974687048","52","52","52","0.5870750770844937","0.5870750770844937","0.5870750770844937","52","52","52","0.7004970244510857","0.7004970244510857","0.7004970244510857","52","52","52","0.6704232819657177","0.6704232819657177","0.6704232819657177","51","51","51","0.7472826945819151","0.7472826945819151","0.7472826945819151"
"52","53","53","53","0.6219045455618468","0.6219045455618468","0.6219045455618468","53","53","53","0.47866165783291187","0.47866165783291187","0.47866165783291187","53","53","53","0.7155003603595056","0.7155003603595056","0.7155003603595056","53","53","53","0.5948034007718933","0.5948034007718933","0.5948034007718933","53","53","53","0.7078835270842502","0.7078835270842502","0.7078835270842502","53","53","53","0.671538791694495","0.671538791694495","0.671538791694495","52","52","52","0.7450121977637916","0.7450121977637916","0.7450121977637916"
"53","54","54","54","0.6058132616528675","0.6058132616528675","0.6058132616528675","54","54","54","0.4787132842484449","0.4787132842484449","0.4787132842484449","54","54","54","0.7287298626948724","0.7287298626948724","0.7287298626948724","54","54","54","0.5855673306530716","0.5855673306530716","0.5855673306530716","54","54","54","0.7228158136404937","0.7228158136404937","0.7228158136404937","54","54","54","0.7016477595905201","0.7016477595905201","0.7016477595905201","53","53","53","0.7463899537253866","0.7463899537253866","0.7463899537253866"
"54","55","55","55","0.5867360753732006","0.5867360753732006","0.5867360753732006","55","55","55","0.47876779859813723","0.47876779859813723","0.47876779859813723","55","55","55","0.7175298121098811","0.7175298121098811","0.7175298121098811","55","55","55","0.5790667486364821","0.5790667486364821","0.5790667486364821","55","55","55","0.696062919091648","0.696062919091648","0.696062919091648","55","55","55","0.6784426599770048","0.6784426599770048","0.6784426599770048","54","54","54","0.7488508691520166","0.7488508691520166","0.7488508691520166"
"55","56","56","56","0.615967952333886","0.615967952333886","0.615967952333886","56","56","56","0.4792304203119715","0.4792304203119715","0.4792304203119715","56","56","56","0.7238282165623511","0.7238282165623511","0.7238282165623511","56","56","56","0.594111759263293","0.594111759263293","0.594111759263293","56","56","56","0.6969793588755278","0.6969793588755278","0.6969793588755278","56","56","56","0.7003936360149954","0.7003936360149954","0.7003936360149954","55","55","55","0.7386915665266283","0.7386915665266283","0.7386915665266283"
"56","57","57","57","0.5634605559958452","0.5634605559958452","0.5634605559958452","57","57","57","0.4788401422308085","0.4788401422308085","0.4788401422308085","57","57","57","0.7178478095105306","0.7178478095105306","0.7178478095105306","57","57","57","0.5760538720721384","0.5760538720721384","0.5760538720721384","57","57","57","0.7142619911276029","0.7142619911276029","0.7142619911276029","57","57","57","0.6884965716214314","0.6884965716214314","0.6884965716214314","56","56","56","0.7419235941248163","0.7419235941248163","0.7419235941248163"
"57","58","58","58","0.6261849602780656","0.6261849602780656","0.6261849602780656","58","58","58","0.47905772159810034","0.47905772159810034","0.47905772159810034","58","58","58","0.705652528046753","0.705652528046753","0.705652528046753","58","58","58","0.5895195930995677","0.5895195930995677","0.5895195930995677","58","58","58","0.6880600256196192","0.6880600256196192","0.6880600256196192","58","58","58","0.6967617615589775","0.6967617615589775","0.6967617615589775","57","57","57","0.7390609603046766","0.7390609603046766","0.7390609603046766"
"58","59","59","59","0.5968087682755074","0.5968087682755074","0.5968087682755074","59","59","59","0.4788555187646681","0.4788555187646681","0.4788555187646681","59","59","59","0.7111491762357265","0.7111491762357265","0.7111491762357265","59","59","59","0.596930517626278","0.596930517626278","0.596930517626278","59","59","59","0.7097115983522304","0.7097115983522304","0.7097115983522304","59","59","59","0.6825498128588927","0.6825498128588927","0.6825498128588927","58","58","58","0.732216036335264","0.732216036335264","0.732216036335264"
"59","60","60","60","0.6358570651028141","0.6358570651028141","0.6358570651028141","60","60","60","0.47893504936577275","0.47893504936577275","0.47893504936577275","60","60","60","0.7294474337225134","0.7294474337225134","0.7294474337225134","60","60","60","0.5838783122492684","0.5838783122492684","0.5838783122492684","60","60","60","0.7003522388663292","0.7003522388663292","0.7003522388663292","60","60","60","0.6867239392758103","0.6867239392758103","0.6867239392758103","59","59","59","0.7284516451381727","0.7284516451381727","0.7284516451381727"
"60","61","61","61","0.578316482826146","0.578316482826146","0.578316482826146","61","61","61","0.4792147548411931","0.4792147548411931","0.4792147548411931","61","61","61","0.7268917441310154","0.7268917441310154","0.7268917441310154","61","61","61","0.5824494460610874","0.5824494460610874","0.5824494460610874","61","61","61","0.7082476282491852","0.7082476282491852","0.7082476282491852","61","61","61","0.6775391828149826","0.6775391828149826","0.6775391828149826","60","60","60","0.7304869774412851","0.7304869774412851","0.7304869774412851"
"61","62","62","62","0.5417130363671127","0.5417130363671127","0.5417130363671127","62","62","62","0.47900441541607897","0.47900441541607897","0.47900441541607897","62","62","62","0.7255595205220118","0.7255595205220118","0.7255595205220118","62","62","62","0.5807418493032572","0.5807418493032572","0.5807418493032572","62","62","62","0.7026488170923832","0.7026488170923832","0.7026488170923832","62","62","62","0.6652190800959409","0.6652190800959409","0.6652190800959409","61","61","61","0.7257923746999879","0.7257923746999879","0.7257923746999879"
"62","63","63","63","0.6110184952915549","0.6110184952915549","0.6110184952915549","63","63","63","0.47930537195082956","0.47930537195082956","0.47930537195082956","63","63","63","0.7266737925393301","0.7266737925393301","0.7266737925393301","63","63","63","0.5885224705283871","0.5885224705283871","0.5885224705283871","63","63","63","0.7070959037899434","0.7070959037899434","0.7070959037899434","63","63","63","0.6877779022249976","0.6877779022249976","0.6877779022249976","62","62","62","0.75050124417188","0.75050124417188","0.75050124417188"
"63","64","64","64","0.587695171289474","0.587695171289474","0.587695171289474","64","64","64","0.4786557891312447","0.4786557891312447","0.4786557891312447","64","64","64","0.7175977874844792","0.7175977874844792","0.7175977874844792","64","64","64","0.5803280897998037","0.5803280897998037","0.5803280897998037","64","64","64","0.6941916268531834","0.6941916268531834","0.6941916268531834","64","64","64","0.7003720064434813","0.7003720064434813","0.7003720064434813","63","63","63","0.7273762512467483","0.7273762512467483","0.7273762512467483"
"64","65","65","65","0.5937151877142688","0.5937151877142688","0.5937151877142688","65","65","65","0.47913606781014534","0.47913606781014534","0.47913606781014534","65","65","65","0.7240945736437637","0.7240945736437637","0.7240945736437637","65","65","65","0.5759404909095656","0.5759404909095656","0.5759404909095656","65","65","65","0.683262288913548","0.683262288913548","0.683262288913548","65","65","65","0.6346141280565091","0.6346141280565091","0.6346141280565091","64","64","64","0.7260417222601346","0.7260417222601346","0.7260417222601346"
"65","66","66","66","0.5556876798685659","0.5556876798685659","0.5556876798685659","66","66","66","0.47884984946371123","0.47884984946371123","0.47884984946371123","66","66","66","0.7226464289138765","0.7226464289138765","0.7226464289138765","66","66","66","0.5789980001214321","0.5789980001214321","0.5789980001214321","66","66","66","0.6260177859131488","0.6260177859131488","0.6260177859131488","66","66","66","0.6847444261547917","0.6847444261547917","0.6847444261547917","65","65","65","0.7378841642344497","0.7378841642344497","0.7378841642344497"
"66","67","67","67","0.58434599970301","0.58434599970301","0.58434599970301","67","67","67","0.47902871359122484","0.47902871359122484","0.47902871359122484","67","67","67","0.7233748952710117","0.7233748952710117","0.7233748952710117","67","67","67","0.5747067360429894","0.5747067360429894","0.5747067360429894","67","67","67","0.6786100327929884","0.6786100327929884","0.6786100327929884","67","67","67","0.6706656132555671","0.6706656132555671","0.6706656132555671","66","66","66","0.7213612475409974","0.7213612475409974","0.7213612475409974"
"67","68","68","68","0.6110113403962891","0.6110113403962891","0.6110113403962891","68","68","68","0.4781713950113192","0.4781713950113192","0.4781713950113192","68","68","68","0.7009640116980725","0.7009640116980725","0.7009640116980725","68","68","68","0.5696760840936846","0.5696760840936846","0.5696760840936846","68","68","68","0.6917487551797883","0.6917487551797883","0.6917487551797883","68","68","68","0.6900136175015505","0.6900136175015505","0.6900136175015505","67","67","67","0.7337564518005711","0.7337564518005711","0.7337564518005711"
"68","69","69","69","0.5762210815438555","0.5762210815438555","0.5762210815438555","69","69","69","0.4784056431387069","0.4784056431387069","0.4784056431387069","69","69","69","0.7223957679345994","0.7223957679345994","0.7223957679345994","69","69","69","0.5801954277529979","0.5801954277529979","0.5801954277529979","69","69","69","0.6854525354883769","0.6854525354883769","0.6854525354883769","69","69","69","0.6707967000865888","0.6707967000865888","0.6707967000865888","68","68","68","0.7128640648219808","0.7128640648219808","0.7128640648219808"
"69","70","70","70","0.5691737542442746","0.5691737542442746","0.5691737542442746","70","70","70","0.4787594347529145","0.4787594347529145","0.4787594347529145","70","70","70","0.7239487360721151","0.7239487360721151","0.7239487360721151","70","70","70","0.5874499464861873","0.5874499464861873","0.5874499464861873","70","70","70","0.6793988446353533","0.6793988446353533","0.6793988446353533","70","70","70","0.6779932212877277","0.6779932212877277","0.6779932212877277","69","69","69","0.7213891953159179","0.7213891953159179","0.7213891953159179"
"70","71","71","71","0.6030641734072959","0.6030641734072959","0.6030641734072959","71","71","71","0.47910167609358023","0.47910167609358023","0.47910167609358023","71","71","71","0.7125881257252709","0.7125881257252709","0.7125881257252709","71","71","71","0.5716466185281714","0.5716466185281714","0.5716466185281714","71","71","71","0.6986809877087239","0.6986809877087239","0.6986809877087239","71","71","71","0.6768760680279253","0.6768760680279253","0.6768760680279253","70","70","70","0.7159786235279165","0.7159786235279165","0.7159786235279165"
"71","72","72","72","0.571401170544395","0.571401170544395","0.571401170544395","72","72","72","0.4787174195648085","0.4787174195648085","0.4787174195648085","72","72","72","0.7188246800218901","0.7188246800218901","0.7188246800218901","72","72","72","0.5830499717931605","0.5830499717931605","0.5830499717931605","72","72","72","0.6792590833677449","0.6792590833677449","0.6792590833677449","72","72","72","0.6916001771024689","0.6916001771024689","0.6916001771024689","71","71","71","0.71239495613521","0.71239495613521","0.71239495613521"
"72","73","73","73","0.5876250733085007","0.5876250733085007","0.5876250733085007","73","73","73","0.47909138292211606","0.47909138292211606","0.47909138292211606","73","73","73","0.7114452499080839","0.7114452499080839","0.7114452499080839","73","73","73","0.5932236985707409","0.5932236985707409","0.5932236985707409","73","73","73","0.6707080786066281","0.6707080786066281","0.6707080786066281","73","73","73","0.6833358642030365","0.6833358642030365","0.6833358642030365","72","72","72","0.722690743761817","0.722690743761817","0.722690743761817"
"73","74","74","74","0.5732143002078043","0.5732143002078043","0.5732143002078043","74","74","74","0.4787714996756376","0.4787714996756376","0.4787714996756376","74","74","74","0.7201782608683905","0.7201782608683905","0.7201782608683905","74","74","74","0.5815868102163112","0.5815868102163112","0.5815868102163112","74","74","74","0.6825100769996302","0.6825100769996302","0.6825100769996302","74","74","74","0.6913913952734044","0.6913913952734044","0.6913913952734044","73","73","73","0.7121824253476371","0.7121824253476371","0.7121824253476371"
"74","75","75","75","0.6031805865114003","0.6031805865114003","0.6031805865114003","75","75","75","0.47905123172261327","0.47905123172261327","0.47905123172261327","75","75","75","0.7083533736584515","0.7083533736584515","0.7083533736584515","75","75","75","0.6058580927090523","0.6058580927090523","0.6058580927090523","75","75","75","0.6961149827064418","0.6961149827064418","0.6961149827064418","75","75","75","0.6821447231821183","0.6821447231821183","0.6821447231821183","74","74","74","0.697627212597273","0.697627212597273","0.697627212597273"
"75","76","76","76","0.590797906956873","0.590797906956873","0.590797906956873","76","76","76","0.47921736129261616","0.47921736129261616","0.47921736129261616","76","76","76","0.6996756877160084","0.6996756877160084","0.6996756877160084","76","76","76","0.5813317103259226","0.5813317103259226","0.5813317103259226","76","76","76","0.6534529344010372","0.6534529344010372","0.6534529344010372","76","76","76","0.6870921395278536","0.6870921395278536","0.6870921395278536","75","75","75","0.6919390769817941","0.6919390769817941","0.6919390769817941"
"76","77","77","77","0.6014971366284816","0.6014971366284816","0.6014971366284816","77","77","77","0.4789966880275182","0.4789966880275182","0.4789966880275182","77","77","77","0.6993516536413844","0.6993516536413844","0.6993516536413844","77","77","77","0.5794490542717365","0.5794490542717365","0.5794490542717365","77","77","77","0.6513926040665636","0.6513926040665636","0.6513926040665636","77","77","77","0.678678906976333","0.678678906976333","0.678678906976333","76","76","76","0.712910469232586","0.712910469232586","0.712910469232586"
"77","78","78","78","0.6150523474542788","0.6150523474542788","0.6150523474542788","78","78","78","0.4787030706049","0.4787030706049","0.4787030706049","78","78","78","0.7045793882510141","0.7045793882510141","0.7045793882510141","78","78","78","0.5577131693234438","0.5577131693234438","0.5577131693234438","78","78","78","0.6535028359591724","0.6535028359591724","0.6535028359591724","78","78","78","0.6908103672897502","0.6908103672897502","0.6908103672897502","77","77","77","0.7027458354524116","0.7027458354524116","0.7027458354524116"
"78","79","79","79","0.6167223287466764","0.6167223287466764","0.6167223287466764","79","79","79","0.47898235770338415","0.47898235770338415","0.47898235770338415","79","79","79","0.7239437861809594","0.7239437861809594","0.7239437861809594","79","79","79","0.5758651781768664","0.5758651781768664","0.5758651781768664","79","79","79","0.6811042737747721","0.6811042737747721","0.6811042737747721","79","79","79","0.6700995809230714","0.6700995809230714","0.6700995809230714","78","78","78","0.6982782223279764","0.6982782223279764","0.6982782223279764"
"79","80","80","80","0.5986752433280536","0.5986752433280536","0.5986752433280536","80","80","80","0.478640470786437","0.478640470786437","0.478640470786437","80","80","80","0.7317241293625574","0.7317241293625574","0.7317241293625574","80","80","80","0.5930528503919112","0.5930528503919112","0.5930528503919112","80","80","80","0.6878263786454","0.6878263786454","0.6878263786454","80","80","80","0.6580765739012184","0.6580765739012184","0.6580765739012184","79","79","79","0.6982089351256568","0.6982089351256568","0.6982089351256568"
"80","81","81","81","0.5304558782149476","0.5304558782149476","0.5304558782149476","81","81","81","0.4788280730688902","0.4788280730688902","0.4788280730688902","81","81","81","0.7231680183252857","0.7231680183252857","0.7231680183252857","81","81","81","0.5693814927939447","0.5693814927939447","0.5693814927939447","81","81","81","0.6909470760373558","0.6909470760373558","0.6909470760373558","81","81","81","0.6759614787250459","0.6759614787250459","0.6759614787250459","80","80","80","0.7138699911455761","0.7138699911455761","0.7138699911455761"
"81","82","82","82","0.5345987864248204","0.5345987864248204","0.5345987864248204","82","82","82","0.4790076570166124","0.4790076570166124","0.4790076570166124","82","82","82","0.729151127704617","0.729151127704617","0.729151127704617","82","82","82","0.5755395252026719","0.5755395252026719","0.5755395252026719","82","82","82","0.6843156981975899","0.6843156981975899","0.6843156981975899","82","82","82","0.6753760315411045","0.6753760315411045","0.6753760315411045","81","81","81","0.7046168662162627","0.7046168662162627","0.7046168662162627"
"82","83","83","83","0.5505309417469735","0.5505309417469735","0.5505309417469735","83","83","83","0.4790165399453419","0.4790165399453419","0.4790165399453419","83","83","83","0.7288294140013307","0.7288294140013307","0.7288294140013307","83","83","83","0.585927762077889","0.585927762077889","0.585927762077889","83","83","83","0.6463787965845933","0.6463787965845933","0.6463787965845933","83","83","83","0.6478519509525289","0.6478519509525289","0.6478519509525289","82","82","82","0.702700949340186","0.702700949340186","0.702700949340186"
"83","84","84","84","0.612057387809793","0.612057387809793","0.612057387809793","84","84","84","0.4790473916190482","0.4790473916190482","0.4790473916190482","84","84","84","0.730445714950793","0.730445714950793","0.730445714950793","84","84","84","0.5897189247364596","0.5897189247364596","0.5897189247364596","84","84","84","0.6916132341546638","0.6916132341546638","0.6916132341546638","84","84","84","0.6974153003402432","0.6974153003402432","0.6974153003402432","83","83","83","0.693622992926995","0.693622992926995","0.693622992926995"
"84","85","85","85","0.5779693719385852","0.5779693719385852","0.5779693719385852","85","85","85","0.47856356853500776","0.47856356853500776","0.47856356853500776","85","85","85","0.7354370317262371","0.7354370317262371","0.7354370317262371","85","85","85","0.5863004085887504","0.5863004085887504","0.5863004085887504","85","85","85","0.6860415709311024","0.6860415709311024","0.6860415709311024","85","85","85","0.6487085209373884","0.6487085209373884","0.6487085209373884","84","84","84","0.688198292929364","0.688198292929364","0.688198292929364"
"85","86","86","86","0.6023798609847457","0.6023798609847457","0.6023798609847457","86","86","86","0.4782428626810891","0.4782428626810891","0.4782428626810891","86","86","86","0.735629059324026","0.735629059324026","0.735629059324026","86","86","86","0.5992366962891144","0.5992366962891144","0.5992366962891144","86","86","86","0.7034733310102932","0.7034733310102932","0.7034733310102932","86","86","86","0.6962612850242021","0.6962612850242021","0.6962612850242021","85","85","85","0.6972357822249208","0.6972357822249208","0.6972357822249208"
"86","87","87","87","0.5828840608061692","0.5828840608061692","0.5828840608061692","87","87","87","0.4790198514950396","0.4790198514950396","0.4790198514950396","87","87","87","0.7261082148928403","0.7261082148928403","0.7261082148928403","87","87","87","0.598070558677074","0.598070558677074","0.598070558677074","87","87","87","0.6479368619645844","0.6479368619645844","0.6479368619645844","87","87","87","0.6793959857723941","0.6793959857723941","0.6793959857723941","86","86","86","0.6994367313318339","0.6994367313318339","0.6994367313318339"
"87","88","88","88","0.6146349792629946","0.6146349792629946","0.6146349792629946","88","88","88","0.47872388331661825","0.47872388331661825","0.47872388331661825","88","88","88","0.7330068304865522","0.7330068304865522","0.7330068304865522","88","88","88","0.5714080988178776","0.5714080988178776","0.5714080988178776","88","88","88","0.6892963571463697","0.6892963571463697","0.6892963571463697","88","88","88","0.6623962486365169","0.6623962486365169","0.6623962486365169","87","87","87","0.7006296991222942","0.7006296991222942","0.7006296991222942"
"88","89","89","89","0.5548722589340735","0.5548722589340735","0.5548722589340735","89","89","89","0.4787161573414372","0.4787161573414372","0.4787161573414372","89","89","89","0.7270287191234343","0.7270287191234343","0.7270287191234343","89","89","89","0.6087769597992971","0.6087769597992971","0.6087769597992971","89","89","89","0.6999049519773592","0.6999049519773592","0.6999049519773592","89","89","89","0.6859315678878177","0.6859315678878177","0.6859315678878177","88","88","88","0.7013302262624973","0.7013302262624973","0.7013302262624973"
"89","90","90","90","0.6085959232400014","0.6085959232400014","0.6085959232400014","90","90","90","0.4785172141703671","0.4785172141703671","0.4785172141703671","90","90","90","0.725322104959836","0.725322104959836","0.725322104959836","90","90","90","0.5817067466242603","0.5817067466242603","0.5817067466242603","90","90","90","0.6969642673645904","0.6969642673645904","0.6969642673645904","90","90","90","0.6987200128326759","0.6987200128326759","0.6987200128326759","89","89","89","0.6986990337619907","0.6986990337619907","0.6986990337619907"
"90","91","91","91","0.5705546371793769","0.5705546371793769","0.5705546371793769","91","91","91","0.4784804538939044","0.4784804538939044","0.4784804538939044","91","91","91","0.7246108703579522","0.7246108703579522","0.7246108703579522","91","91","91","0.5726733772588053","0.5726733772588053","0.5726733772588053","91","91","91","0.6898817270618576","0.6898817270618576","0.6898817270618576","91","91","91","0.6782891119130223","0.6782891119130223","0.6782891119130223","90","90","90","0.7008068142804464","0.7008068142804464","0.7008068142804464"
"91","92","92","92","0.5832767098520544","0.5832767098520544","0.5832767098520544","92","92","92","0.47831028232393036","0.47831028232393036","0.47831028232393036","92","92","92","0.7320648785962053","0.7320648785962053","0.7320648785962053","92","92","92","0.5721751154464254","0.5721751154464254","0.5721751154464254","92","92","92","0.668225909259278","0.668225909259278","0.668225909259278","92","92","92","0.6897304741107606","0.6897304741107606","0.6897304741107606","91","91","91","0.6927653245602302","0.6927653245602302","0.6927653245602302"
"92","93","93","93","0.5657899914535215","0.5657899914535215","0.5657899914535215","93","93","93","0.4785090395504291","0.4785090395504291","0.4785090395504291","93","93","93","0.7438466637025141","0.7438466637025141","0.7438466637025141","93","93","93","0.5960905871405566","0.5960905871405566","0.5960905871405566","93","93","93","0.6816854065343074","0.6816854065343074","0.6816854065343074","93","93","93","0.6956291292215373","0.6956291292215373","0.6956291292215373","92","92","92","0.7052556031666424","0.7052556031666424","0.7052556031666424"
"93","94","94","94","0.6050270047439258","0.6050270047439258","0.6050270047439258","94","94","94","0.478788471542721","0.478788471542721","0.478788471542721","94","94","94","0.729666890097578","0.729666890097578","0.729666890097578","94","94","94","0.5854266661209009","0.5854266661209009","0.5854266661209009","94","94","94","0.6686804198665199","0.6686804198665199","0.6686804198665199","94","94","94","0.6626204207567623","0.6626204207567623","0.6626204207567623","93","93","93","0.6951784803454085","0.6951784803454085","0.6951784803454085"
"94","95","95","95","0.6139894617560917","0.6139894617560917","0.6139894617560917","95","95","95","0.4789252253417621","0.4789252253417621","0.4789252253417621","95","95","95","0.7339301502810621","0.7339301502810621","0.7339301502810621","95","95","95","0.5905646224362562","0.5905646224362562","0.5905646224362562","95","95","95","0.6484021503962837","0.6484021503962837","0.6484021503962837","95","95","95","0.6728536370185617","0.6728536370185617","0.6728536370185617","94","94","94","0.6973582718959027","0.6973582718959027","0.6973582718959027"
"95","96","96","96","0.549512487970022","0.549512487970022","0.549512487970022","96","96","96","0.4786947883805709","0.4786947883805709","0.4786947883805709","96","96","96","0.7268564852372387","0.7268564852372387","0.7268564852372387","96","96","96","0.592740429021447","0.592740429021447","0.592740429021447","96","96","96","0.662793208344261","0.662793208344261","0.662793208344261","96","96","96","0.6863761224580438","0.6863761224580438","0.6863761224580438","95","95","95","0.7024581553437974","0.7024581553437974","0.7024581553437974"
"96","97","97","97","0.5632965704893851","0.5632965704893851","0.5632965704893851","97","97","97","0.47813323092644067","0.47813323092644067","0.47813323092644067","97","97","97","0.7270190592797949","0.7270190592797949","0.7270190592797949","97","97","97","0.5957916737658153","0.5957916737658153","0.5957916737658153","97","97","97","0.6802911306150649","0.6802911306150649","0.6802911306150649","97","97","97","0.6651085915416352","0.6651085915416352","0.6651085915416352","96","96","96","0.6936493312939649","0.6936493312939649","0.6936493312939649"
"97","98","98","98","0.6035765715084018","0.6035765715084018","0.6035765715084018","98","98","98","0.47839867212995907","0.47839867212995907","0.47839867212995907","98","98","98","0.7263231647016833","0.7263231647016833","0.7263231647016833","98","98","98","0.5824058338152196","0.5824058338152196","0.5824058338152196","98","98","98","0.659044326537774","0.659044326537774","0.659044326537774","98","98","98","0.6744847536868003","0.6744847536868003","0.6744847536868003","97","97","97","0.6822076430261641","0.6822076430261641","0.6822076430261641"
"98","99","99","99","0.5872826192948453","0.5872826192948453","0.5872826192948453","99","99","99","0.47903233854032257","0.47903233854032257","0.47903233854032257","99","99","99","0.7296313116873109","0.7296313116873109","0.7296313116873109","99","99","99","0.5791669246743736","0.5791669246743736","0.5791669246743736","99","99","99","0.6632326667975967","0.6632326667975967","0.6632326667975967","99","99","99","0.6601397566289425","0.6601397566289425","0.6601397566289425","98","98","98","0.6842929423239138","0.6842929423239138","0.6842929423239138"
"99","100","100","100","0.6092879589048505","0.6092879589048505","0.6092879589048505","100","100","100","0.47826274447589834","0.47826274447589834","0.47826274447589834","100","100","100","0.7232203884391346","0.7232203884391346","0.7232203884391346","100","100","100","0.584089832805915","0.584089832805915","0.584089832805915","100","100","100","0.6475076316295567","0.6475076316295567","0.6475076316295567","100","100","100","0.6544427000894123","0.6544427000894123","0.6544427000894123","99","99","99","0.6742070438928826","0.6742070438928826","0.6742070438928826"
"100","101","101","101","0.6099375459988","0.6099375459988","0.6099375459988","101","101","101","0.4787692949976384","0.4787692949976384","0.4787692949976384","101","101","101","0.7312988653765138","0.7312988653765138","0.7312988653765138","101","101","101","0.5749110717484596","0.5749110717484596","0.5749110717484596","101","101","101","0.6832088726737644","0.6832088726737644","0.6832088726737644","101","101","101","0.6752114221996195","0.6752114221996195","0.6752114221996195","100","100","100","0.6941848133158594","0.6941848133158594","0.6941848133158594"