"epoch","transformer-2-w-sample-class-weighted - _step","transformer-2-w-sample-class-weighted - _step__MIN","transformer-2-w-sample-class-weighted - _step__MAX","transformer-2-w-sample-class-weighted - sig/significance","transformer-2-w-sample-class-weighted - sig/significance__MIN","transformer-2-w-sample-class-weighted - sig/significance__MAX","transformer-2-w-sample-class-raw - _step","transformer-2-w-sample-class-raw - _step__MIN","transformer-2-w-sample-class-raw - _step__MAX","transformer-2-w-sample-class-raw - sig/significance","transformer-2-w-sample-class-raw - sig/significance__MIN","transformer-2-w-sample-class-raw - sig/significance__MAX","transformer-2-w-class-raw - _step","transformer-2-w-class-raw - _step__MIN","transformer-2-w-class-raw - _step__MAX","transformer-2-w-class-raw - sig/significance","transformer-2-w-class-raw - sig/significance__MIN","transformer-2-w-class-raw - sig/significance__MAX","transformer-2-w-class-weighted - _step","transformer-2-w-class-weighted - _step__MIN","transformer-2-w-class-weighted - _step__MAX","transformer-2-w-class-weighted - sig/significance","transformer-2-w-class-weighted - sig/significance__MIN","transformer-2-w-class-weighted - sig/significance__MAX","transformer-2-w-sample-unnorm - _step","transformer-2-w-sample-unnorm - _step__MIN","transformer-2-w-sample-unnorm - _step__MAX","transformer-2-w-sample-unnorm - sig/significance","transformer-2-w-sample-unnorm - sig/significance__MIN","transformer-2-w-sample-unnorm - sig/significance__MAX","transformer-2-w-sample - _step","transformer-2-w-sample - _step__MIN","transformer-2-w-sample - _step__MAX","transformer-2-w-sample - sig/significance","transformer-2-w-sample - sig/significance__MIN","transformer-2-w-sample - sig/significance__MAX","transformer-2 - _step","transformer-2 - _step__MIN","transformer-2 - _step__MAX","transformer-2 - sig/significance","transformer-2 - sig/significance__MIN","transformer-2 - sig/significance__MAX"
"1","1.5","1","2","2.0833053588867188","2.0833053588867188","2.0833053588867188","1.5","1","2","2.0833053588867188","2.0833053588867188","2.0833053588867188","1.5","1","2","2.083314538002014","2.0833053588867188","2.0833237171173096","1.5","1","2","2.0833053588867188","2.0833053588867188","2.0833053588867188","1.5","1","2","2.0833053588867188","2.0833053588867188","2.0833053588867188","1.5","1","2","2.0833053588867188","2.0833053588867188","2.0833053588867188","1","1","1","2.0834169387817383","2.0834169387817383","2.0834169387817383"
"2","3","3","3","2.0833053588867188","2.0833053588867188","2.0833053588867188","3","3","3","2.0833053588867188","2.0833053588867188","2.0833053588867188","3","3","3","2.0833053588867188","2.0833053588867188","2.0833053588867188","3","3","3","2.09328556060791","2.09328556060791","2.09328556060791","3","3","3","2.091249942779541","2.091249942779541","2.091249942779541","3","3","3","2.0885908603668213","2.0885908603668213","2.0885908603668213","2","2","2","2.101653575897217","2.101653575897217","2.101653575897217"
"3","4","4","4","2.0833053588867188","2.0833053588867188","2.0833053588867188","4","4","4","2.0833053588867188","2.0833053588867188","2.0833053588867188","4","4","4","2.0833053588867188","2.0833053588867188","2.0833053588867188","4","4","4","2.1175432205200195","2.1175432205200195","2.1175432205200195","4","4","4","2.150343418121338","2.150343418121338","2.150343418121338","4","4","4","2.148749589920044","2.148749589920044","2.148749589920044","3","3","3","2.149033546447754","2.149033546447754","2.149033546447754"
"4","5","5","5","2.0833053588867188","2.0833053588867188","2.0833053588867188","5","5","5","2.0833053588867188","2.0833053588867188","2.0833053588867188","5","5","5","2.0833053588867188","2.0833053588867188","2.0833053588867188","5","5","5","2.1173291206359863","2.1173291206359863","2.1173291206359863","5","5","5","2.192573308944702","2.192573308944702","2.192573308944702","5","5","5","2.178227186203003","2.178227186203003","2.178227186203003","4","4","4","2.1422698497772217","2.1422698497772217","2.1422698497772217"
"5","6","6","6","2.0833053588867188","2.0833053588867188","2.0833053588867188","6","6","6","2.0833053588867188","2.0833053588867188","2.0833053588867188","6","6","6","2.090571641921997","2.090571641921997","2.090571641921997","6","6","6","2.0833053588867188","2.0833053588867188","2.0833053588867188","6","6","6","2.2044484615325928","2.2044484615325928","2.2044484615325928","6","6","6","2.214362382888794","2.214362382888794","2.214362382888794","5","5","5","2.153210163116455","2.153210163116455","2.153210163116455"
"6","7","7","7","2.0833053588867188","2.0833053588867188","2.0833053588867188","7","7","7","2.0833053588867188","2.0833053588867188","2.0833053588867188","7","7","7","2.1124088764190674","2.1124088764190674","2.1124088764190674","7","7","7","2.0839684009552","2.0839684009552","2.0839684009552","7","7","7","2.227309465408325","2.227309465408325","2.227309465408325","7","7","7","2.224189281463623","2.224189281463623","2.224189281463623","6","6","6","2.146914482116699","2.146914482116699","2.146914482116699"
"7","8","8","8","2.0833053588867188","2.0833053588867188","2.0833053588867188","8","8","8","2.0833053588867188","2.0833053588867188","2.0833053588867188","8","8","8","2.103956699371338","2.103956699371338","2.103956699371338","8","8","8","2.0833053588867188","2.0833053588867188","2.0833053588867188","8","8","8","2.234689235687256","2.234689235687256","2.234689235687256","8","8","8","2.2412612438201904","2.2412612438201904","2.2412612438201904","7","7","7","2.1267571449279785","2.1267571449279785","2.1267571449279785"
"8","9","9","9","2.0833053588867188","2.0833053588867188","2.0833053588867188","9","9","9","2.0833053588867188","2.0833053588867188","2.0833053588867188","9","9","9","2.1041955947875977","2.1041955947875977","2.1041955947875977","9","9","9","2.0979466438293457","2.0979466438293457","2.0979466438293457","9","9","9","2.2311713695526123","2.2311713695526123","2.2311713695526123","9","9","9","2.262897491455078","2.262897491455078","2.262897491455078","8","8","8","2.1227500438690186","2.1227500438690186","2.1227500438690186"
"9","10","10","10","2.0833053588867188","2.0833053588867188","2.0833053588867188","10","10","10","2.0833053588867188","2.0833053588867188","2.0833053588867188","10","10","10","2.1021714210510254","2.1021714210510254","2.1021714210510254","10","10","10","2.107227087020874","2.107227087020874","2.107227087020874","10","10","10","2.1940536499023438","2.1940536499023438","2.1940536499023438","10","10","10","2.1930131912231445","2.1930131912231445","2.1930131912231445","9","9","9","2.137273073196411","2.137273073196411","2.137273073196411"
"10","11","11","11","2.0833053588867188","2.0833053588867188","2.0833053588867188","11","11","11","2.0833053588867188","2.0833053588867188","2.0833053588867188","11","11","11","2.1373355388641357","2.1373355388641357","2.1373355388641357","11","11","11","2.101743698120117","2.101743698120117","2.101743698120117","11","11","11","2.238997459411621","2.238997459411621","2.238997459411621","11","11","11","2.253370761871338","2.253370761871338","2.253370761871338","10","10","10","2.1432406902313232","2.1432406902313232","2.1432406902313232"
"11","12","12","12","2.0833053588867188","2.0833053588867188","2.0833053588867188","12","12","12","2.0833053588867188","2.0833053588867188","2.0833053588867188","12","12","12","2.136122465133667","2.136122465133667","2.136122465133667","12","12","12","2.0833053588867188","2.0833053588867188","2.0833053588867188","12","12","12","2.2490158081054688","2.2490158081054688","2.2490158081054688","12","12","12","2.268561601638794","2.268561601638794","2.268561601638794","11","11","11","2.15022611618042","2.15022611618042","2.15022611618042"
"12","13","13","13","2.0833053588867188","2.0833053588867188","2.0833053588867188","13","13","13","2.0833053588867188","2.0833053588867188","2.0833053588867188","13","13","13","2.119652032852173","2.119652032852173","2.119652032852173","13","13","13","2.0833053588867188","2.0833053588867188","2.0833053588867188","13","13","13","2.248520612716675","2.248520612716675","2.248520612716675","13","13","13","2.2431390285491943","2.2431390285491943","2.2431390285491943","12","12","12","2.1551830768585205","2.1551830768585205","2.1551830768585205"
"13","14","14","14","2.0833053588867188","2.0833053588867188","2.0833053588867188","14","14","14","2.0833053588867188","2.0833053588867188","2.0833053588867188","14","14","14","2.158933401107788","2.158933401107788","2.158933401107788","14","14","14","2.0833053588867188","2.0833053588867188","2.0833053588867188","14","14","14","2.253246784210205","2.253246784210205","2.253246784210205","14","14","14","2.2768492698669434","2.2768492698669434","2.2768492698669434","13","13","13","2.1592495441436768","2.1592495441436768","2.1592495441436768"
"14","15","15","15","2.0833053588867188","2.0833053588867188","2.0833053588867188","15","15","15","2.0833053588867188","2.0833053588867188","2.0833053588867188","15","15","15","2.1146445274353027","2.1146445274353027","2.1146445274353027","15","15","15","2.0833053588867188","2.0833053588867188","2.0833053588867188","15","15","15","2.26625919342041","2.26625919342041","2.26625919342041","15","15","15","2.2804677486419678","2.2804677486419678","2.2804677486419678","14","14","14","2.1949541568756104","2.1949541568756104","2.1949541568756104"
"15","16","16","16","2.0833053588867188","2.0833053588867188","2.0833053588867188","16","16","16","2.0833053588867188","2.0833053588867188","2.0833053588867188","16","16","16","2.0923094749450684","2.0923094749450684","2.0923094749450684","16","16","16","2.0833053588867188","2.0833053588867188","2.0833053588867188","16","16","16","2.226167917251587","2.226167917251587","2.226167917251587","16","16","16","2.249828577041626","2.249828577041626","2.249828577041626","15","15","15","2.221874475479126","2.221874475479126","2.221874475479126"
"16","17","17","17","2.0833053588867188","2.0833053588867188","2.0833053588867188","17","17","17","2.0833053588867188","2.0833053588867188","2.0833053588867188","17","17","17","2.128589391708374","2.128589391708374","2.128589391708374","17","17","17","2.0833053588867188","2.0833053588867188","2.0833053588867188","17","17","17","2.285093307495117","2.285093307495117","2.285093307495117","17","17","17","2.286193609237671","2.286193609237671","2.286193609237671","16","16","16","2.2215747833251953","2.2215747833251953","2.2215747833251953"
"17","18","18","18","2.0833053588867188","2.0833053588867188","2.0833053588867188","18","18","18","2.0833053588867188","2.0833053588867188","2.0833053588867188","18","18","18","2.1449828147888184","2.1449828147888184","2.1449828147888184","18","18","18","2.0833053588867188","2.0833053588867188","2.0833053588867188","18","18","18","2.257291078567505","2.257291078567505","2.257291078567505","18","18","18","2.283432960510254","2.283432960510254","2.283432960510254","17","17","17","2.246731996536255","2.246731996536255","2.246731996536255"
"18","19","19","19","2.0833053588867188","2.0833053588867188","2.0833053588867188","19","19","19","2.0833053588867188","2.0833053588867188","2.0833053588867188","19","19","19","2.1889827251434326","2.1889827251434326","2.1889827251434326","19","19","19","2.0833053588867188","2.0833053588867188","2.0833053588867188","19","19","19","2.273075819015503","2.273075819015503","2.273075819015503","19","19","19","2.2856647968292236","2.2856647968292236","2.2856647968292236","18","18","18","2.3106157779693604","2.3106157779693604","2.3106157779693604"
"19","20","20","20","2.0833053588867188","2.0833053588867188","2.0833053588867188","20","20","20","2.0833053588867188","2.0833053588867188","2.0833053588867188","20","20","20","2.203974485397339","2.203974485397339","2.203974485397339","20","20","20","2.101451873779297","2.101451873779297","2.101451873779297","20","20","20","2.2519545555114746","2.2519545555114746","2.2519545555114746","20","20","20","2.2667014598846436","2.2667014598846436","2.2667014598846436","19","19","19","2.292386293411255","2.292386293411255","2.292386293411255"
"20","21","21","21","2.0833053588867188","2.0833053588867188","2.0833053588867188","21","21","21","2.0833053588867188","2.0833053588867188","2.0833053588867188","21","21","21","2.202409505844116","2.202409505844116","2.202409505844116","21","21","21","2.0833053588867188","2.0833053588867188","2.0833053588867188","21","21","21","2.2970240116119385","2.2970240116119385","2.2970240116119385","21","21","21","2.2881579399108887","2.2881579399108887","2.2881579399108887","20","20","20","2.3217196464538574","2.3217196464538574","2.3217196464538574"
"21","22","22","22","2.0870580673217773","2.0870580673217773","2.0870580673217773","22","22","22","2.0833053588867188","2.0833053588867188","2.0833053588867188","22","22","22","2.2073535919189453","2.2073535919189453","2.2073535919189453","22","22","22","2.0875821113586426","2.0875821113586426","2.0875821113586426","22","22","22","2.2724339962005615","2.2724339962005615","2.2724339962005615","22","22","22","2.2899250984191895","2.2899250984191895","2.2899250984191895","21","21","21","2.3430299758911133","2.3430299758911133","2.3430299758911133"
"22","23","23","23","2.084519386291504","2.084519386291504","2.084519386291504","23","23","23","2.0833053588867188","2.0833053588867188","2.0833053588867188","23","23","23","2.154998540878296","2.154998540878296","2.154998540878296","23","23","23","2.0833053588867188","2.0833053588867188","2.0833053588867188","23","23","23","2.264125347137451","2.264125347137451","2.264125347137451","23","23","23","2.2550723552703857","2.2550723552703857","2.2550723552703857","22","22","22","2.3518166542053223","2.3518166542053223","2.3518166542053223"
"23","24","24","24","2.087665557861328","2.087665557861328","2.087665557861328","24","24","24","2.0833053588867188","2.0833053588867188","2.0833053588867188","24","24","24","2.197648763656616","2.197648763656616","2.197648763656616","24","24","24","2.0842270851135254","2.0842270851135254","2.0842270851135254","24","24","24","2.286841869354248","2.286841869354248","2.286841869354248","24","24","24","2.29203462600708","2.29203462600708","2.29203462600708","23","23","23","2.332634687423706","2.332634687423706","2.332634687423706"
"24","25","25","25","2.0916364192962646","2.0916364192962646","2.0916364192962646","25","25","25","2.0833053588867188","2.0833053588867188","2.0833053588867188","25","25","25","2.15729022026062","2.15729022026062","2.15729022026062","25","25","25","2.0833053588867188","2.0833053588867188","2.0833053588867188","25","25","25","2.2837507724761963","2.2837507724761963","2.2837507724761963","25","25","25","2.271883726119995","2.271883726119995","2.271883726119995","24","24","24","2.363978147506714","2.363978147506714","2.363978147506714"
"25","26","26","26","2.0971484184265137","2.0971484184265137","2.0971484184265137","26","26","26","2.0833053588867188","2.0833053588867188","2.0833053588867188","26","26","26","2.2058348655700684","2.2058348655700684","2.2058348655700684","26","26","26","2.0883359909057617","2.0883359909057617","2.0883359909057617","26","26","26","2.2579855918884277","2.2579855918884277","2.2579855918884277","26","26","26","2.2789878845214844","2.2789878845214844","2.2789878845214844","25","25","25","2.3497114181518555","2.3497114181518555","2.3497114181518555"
"26","27","27","27","2.1013293266296387","2.1013293266296387","2.1013293266296387","27","27","27","2.0833053588867188","2.0833053588867188","2.0833053588867188","27","27","27","2.171036720275879","2.171036720275879","2.171036720275879","27","27","27","2.0833053588867188","2.0833053588867188","2.0833053588867188","27","27","27","2.275678873062134","2.275678873062134","2.275678873062134","27","27","27","2.2905683517456055","2.2905683517456055","2.2905683517456055","26","26","26","2.336286783218384","2.336286783218384","2.336286783218384"
"27","28","28","28","2.1047070026397705","2.1047070026397705","2.1047070026397705","28","28","28","2.0833053588867188","2.0833053588867188","2.0833053588867188","28","28","28","2.1746597290039062","2.1746597290039062","2.1746597290039062","28","28","28","2.0833053588867188","2.0833053588867188","2.0833053588867188","28","28","28","2.27774715423584","2.27774715423584","2.27774715423584","28","28","28","2.265387773513794","2.265387773513794","2.265387773513794","27","27","27","2.2947258949279785","2.2947258949279785","2.2947258949279785"
"28","29","29","29","2.1040425300598145","2.1040425300598145","2.1040425300598145","29","29","29","2.0833053588867188","2.0833053588867188","2.0833053588867188","29","29","29","2.2353031635284424","2.2353031635284424","2.2353031635284424","29","29","29","2.0833053588867188","2.0833053588867188","2.0833053588867188","29","29","29","2.276801824569702","2.276801824569702","2.276801824569702","29","29","29","2.2809524536132812","2.2809524536132812","2.2809524536132812","28","28","28","2.2878592014312744","2.2878592014312744","2.2878592014312744"
"29","30","30","30","2.1015334129333496","2.1015334129333496","2.1015334129333496","30","30","30","2.0833053588867188","2.0833053588867188","2.0833053588867188","30","30","30","2.1904263496398926","2.1904263496398926","2.1904263496398926","30","30","30","2.0833053588867188","2.0833053588867188","2.0833053588867188","30","30","30","2.2807445526123047","2.2807445526123047","2.2807445526123047","30","30","30","2.2858455181121826","2.2858455181121826","2.2858455181121826","29","29","29","2.3679187297821045","2.3679187297821045","2.3679187297821045"
"30","31","31","31","2.1070544719696045","2.1070544719696045","2.1070544719696045","31","31","31","2.0833053588867188","2.0833053588867188","2.0833053588867188","31","31","31","2.199284076690674","2.199284076690674","2.199284076690674","31","31","31","2.09196138381958","2.09196138381958","2.09196138381958","31","31","31","2.217817544937134","2.217817544937134","2.217817544937134","31","31","31","2.266024589538574","2.266024589538574","2.266024589538574","30","30","30","2.354034900665283","2.354034900665283","2.354034900665283"
"31","32","32","32","2.1090002059936523","2.1090002059936523","2.1090002059936523","32","32","32","2.0833053588867188","2.0833053588867188","2.0833053588867188","32","32","32","2.2343201637268066","2.2343201637268066","2.2343201637268066","32","32","32","2.0833053588867188","2.0833053588867188","2.0833053588867188","32","32","32","2.2465643882751465","2.2465643882751465","2.2465643882751465","32","32","32","2.264380931854248","2.264380931854248","2.264380931854248","31","31","31","2.343345880508423","2.343345880508423","2.343345880508423"
"32","33","33","33","2.0918900966644287","2.0918900966644287","2.0918900966644287","33","33","33","2.0833053588867188","2.0833053588867188","2.0833053588867188","33","33","33","2.177272319793701","2.177272319793701","2.177272319793701","33","33","33","2.0833053588867188","2.0833053588867188","2.0833053588867188","33","33","33","2.2687883377075195","2.2687883377075195","2.2687883377075195","33","33","33","2.2581589221954346","2.2581589221954346","2.2581589221954346","32","32","32","2.3767287731170654","2.3767287731170654","2.3767287731170654"
"33","34","34","34","2.108262538909912","2.108262538909912","2.108262538909912","34","34","34","2.0833053588867188","2.0833053588867188","2.0833053588867188","34","34","34","2.2219831943511963","2.2219831943511963","2.2219831943511963","34","34","34","2.0833053588867188","2.0833053588867188","2.0833053588867188","34","34","34","2.2629427909851074","2.2629427909851074","2.2629427909851074","34","34","34","2.243419647216797","2.243419647216797","2.243419647216797","33","33","33","2.359884023666382","2.359884023666382","2.359884023666382"
"34","35","35","35","2.1022043228149414","2.1022043228149414","2.1022043228149414","35","35","35","2.0833053588867188","2.0833053588867188","2.0833053588867188","35","35","35","2.2298543453216553","2.2298543453216553","2.2298543453216553","35","35","35","2.0833053588867188","2.0833053588867188","2.0833053588867188","35","35","35","2.2651498317718506","2.2651498317718506","2.2651498317718506","35","35","35","2.217363119125366","2.217363119125366","2.217363119125366","34","34","34","2.3798325061798096","2.3798325061798096","2.3798325061798096"
"35","36","36","36","2.093717336654663","2.093717336654663","2.093717336654663","36","36","36","2.0833053588867188","2.0833053588867188","2.0833053588867188","36","36","36","2.246809959411621","2.246809959411621","2.246809959411621","36","36","36","2.0833053588867188","2.0833053588867188","2.0833053588867188","36","36","36","2.2142417430877686","2.2142417430877686","2.2142417430877686","36","36","36","2.268073558807373","2.268073558807373","2.268073558807373","35","35","35","2.3776164054870605","2.3776164054870605","2.3776164054870605"
"36","37","37","37","2.092517852783203","2.092517852783203","2.092517852783203","37","37","37","2.0833053588867188","2.0833053588867188","2.0833053588867188","37","37","37","2.1686503887176514","2.1686503887176514","2.1686503887176514","37","37","37","2.0833053588867188","2.0833053588867188","2.0833053588867188","37","37","37","2.2467925548553467","2.2467925548553467","2.2467925548553467","37","37","37","2.2133123874664307","2.2133123874664307","2.2133123874664307","36","36","36","2.3719215393066406","2.3719215393066406","2.3719215393066406"
"37","38","38","38","2.1052799224853516","2.1052799224853516","2.1052799224853516","38","38","38","2.0833053588867188","2.0833053588867188","2.0833053588867188","38","38","38","2.176119804382324","2.176119804382324","2.176119804382324","38","38","38","2.0833053588867188","2.0833053588867188","2.0833053588867188","38","38","38","2.239672899246216","2.239672899246216","2.239672899246216","38","38","38","2.2816450595855713","2.2816450595855713","2.2816450595855713","37","37","37","2.3388659954071045","2.3388659954071045","2.3388659954071045"
"38","39","39","39","2.0931522846221924","2.0931522846221924","2.0931522846221924","39","39","39","2.0833053588867188","2.0833053588867188","2.0833053588867188","39","39","39","2.205270290374756","2.205270290374756","2.205270290374756","39","39","39","2.0833053588867188","2.0833053588867188","2.0833053588867188","39","39","39","2.2277848720550537","2.2277848720550537","2.2277848720550537","39","39","39","2.262012004852295","2.262012004852295","2.262012004852295","38","38","38","2.369664192199707","2.369664192199707","2.369664192199707"
"39","40","40","40","2.0905044078826904","2.0905044078826904","2.0905044078826904","40","40","40","2.0833053588867188","2.0833053588867188","2.0833053588867188","40","40","40","2.2496492862701416","2.2496492862701416","2.2496492862701416","40","40","40","2.0833053588867188","2.0833053588867188","2.0833053588867188","40","40","40","2.249385356903076","2.249385356903076","2.249385356903076","40","40","40","2.273841142654419","2.273841142654419","2.273841142654419","39","39","39","2.2717912197113037","2.2717912197113037","2.2717912197113037"
"40","41","41","41","2.0953586101531982","2.0953586101531982","2.0953586101531982","41","41","41","2.0833053588867188","2.0833053588867188","2.0833053588867188","41","41","41","2.2574844360351562","2.2574844360351562","2.2574844360351562","41","41","41","2.0833053588867188","2.0833053588867188","2.0833053588867188","41","41","41","2.272996664047241","2.272996664047241","2.272996664047241","41","41","41","2.2638792991638184","2.2638792991638184","2.2638792991638184","40","40","40","2.3554182052612305","2.3554182052612305","2.3554182052612305"
"41","42","42","42","2.08921480178833","2.08921480178833","2.08921480178833","42","42","42","2.0833053588867188","2.0833053588867188","2.0833053588867188","42","42","42","2.257213592529297","2.257213592529297","2.257213592529297","42","42","42","2.0833053588867188","2.0833053588867188","2.0833053588867188","42","42","42","2.2420995235443115","2.2420995235443115","2.2420995235443115","42","42","42","2.2662229537963867","2.2662229537963867","2.2662229537963867","41","41","41","2.383807420730591","2.383807420730591","2.383807420730591"
"42","43","43","43","2.0833053588867188","2.0833053588867188","2.0833053588867188","43","43","43","2.0833053588867188","2.0833053588867188","2.0833053588867188","43","43","43","2.25270414352417","2.25270414352417","2.25270414352417","43","43","43","2.0833053588867188","2.0833053588867188","2.0833053588867188","43","43","43","2.2679131031036377","2.2679131031036377","2.2679131031036377","43","43","43","2.3111424446105957","2.3111424446105957","2.3111424446105957","42","42","42","2.3886818885803223","2.3886818885803223","2.3886818885803223"
"43","44","44","44","2.0833053588867188","2.0833053588867188","2.0833053588867188","44","44","44","2.0833053588867188","2.0833053588867188","2.0833053588867188","44","44","44","2.219022274017334","2.219022274017334","2.219022274017334","44","44","44","2.0833053588867188","2.0833053588867188","2.0833053588867188","44","44","44","2.197876214981079","2.197876214981079","2.197876214981079","44","44","44","2.2037880420684814","2.2037880420684814","2.2037880420684814","43","43","43","2.310900926589966","2.310900926589966","2.310900926589966"
"44","45","45","45","2.0833053588867188","2.0833053588867188","2.0833053588867188","45","45","45","2.0833053588867188","2.0833053588867188","2.0833053588867188","45","45","45","2.233663558959961","2.233663558959961","2.233663558959961","45","45","45","2.0833053588867188","2.0833053588867188","2.0833053588867188","45","45","45","2.2453181743621826","2.2453181743621826","2.2453181743621826","45","45","45","2.2741568088531494","2.2741568088531494","2.2741568088531494","44","44","44","2.3667490482330322","2.3667490482330322","2.3667490482330322"
"45","46","46","46","2.0833053588867188","2.0833053588867188","2.0833053588867188","46","46","46","2.0833053588867188","2.0833053588867188","2.0833053588867188","46","46","46","2.189075469970703","2.189075469970703","2.189075469970703","46","46","46","2.0833053588867188","2.0833053588867188","2.0833053588867188","46","46","46","2.2669334411621094","2.2669334411621094","2.2669334411621094","46","46","46","2.2513110637664795","2.2513110637664795","2.2513110637664795","45","45","45","2.3480000495910645","2.3480000495910645","2.3480000495910645"
"46","47","47","47","2.0833053588867188","2.0833053588867188","2.0833053588867188","47","47","47","2.0833053588867188","2.0833053588867188","2.0833053588867188","47","47","47","2.19319486618042","2.19319486618042","2.19319486618042","47","47","47","2.0833053588867188","2.0833053588867188","2.0833053588867188","47","47","47","2.227571487426758","2.227571487426758","2.227571487426758","47","47","47","2.2617623805999756","2.2617623805999756","2.2617623805999756","46","46","46","2.3802244663238525","2.3802244663238525","2.3802244663238525"
"47","48","48","48","2.0916123390197754","2.0916123390197754","2.0916123390197754","48","48","48","2.0833053588867188","2.0833053588867188","2.0833053588867188","48","48","48","2.211674213409424","2.211674213409424","2.211674213409424","48","48","48","2.0833053588867188","2.0833053588867188","2.0833053588867188","48","48","48","2.245194911956787","2.245194911956787","2.245194911956787","48","48","48","2.1858808994293213","2.1858808994293213","2.1858808994293213","47","47","47","2.3489701747894287","2.3489701747894287","2.3489701747894287"
"48","49","49","49","2.100119113922119","2.100119113922119","2.100119113922119","49","49","49","2.0833053588867188","2.0833053588867188","2.0833053588867188","49","49","49","2.2309730052948","2.2309730052948","2.2309730052948","49","49","49","2.0833053588867188","2.0833053588867188","2.0833053588867188","49","49","49","2.2279326915740967","2.2279326915740967","2.2279326915740967","49","49","49","2.1907598972320557","2.1907598972320557","2.1907598972320557","48","48","48","2.282367467880249","2.282367467880249","2.282367467880249"
"49","50","50","50","2.085155725479126","2.085155725479126","2.085155725479126","50","50","50","2.0833053588867188","2.0833053588867188","2.0833053588867188","50","50","50","2.2583396434783936","2.2583396434783936","2.2583396434783936","50","50","50","2.0833053588867188","2.0833053588867188","2.0833053588867188","50","50","50","2.2627439498901367","2.2627439498901367","2.2627439498901367","50","50","50","2.180184841156006","2.180184841156006","2.180184841156006","49","49","49","2.3639886379241943","2.3639886379241943","2.3639886379241943"
"50","51","51","51","2.088460683822632","2.088460683822632","2.088460683822632","51","51","51","2.0833053588867188","2.0833053588867188","2.0833053588867188","51","51","51","2.1745049953460693","2.1745049953460693","2.1745049953460693","51","51","51","2.0833053588867188","2.0833053588867188","2.0833053588867188","51","51","51","2.2150025367736816","2.2150025367736816","2.2150025367736816","51","51","51","2.1487298011779785","2.1487298011779785","2.1487298011779785","50","50","50","2.357144594192505","2.357144594192505","2.357144594192505"
"51","52","52","52","2.087095022201538","2.087095022201538","2.087095022201538","52","52","52","2.0833053588867188","2.0833053588867188","2.0833053588867188","52","52","52","2.2384495735168457","2.2384495735168457","2.2384495735168457","52","52","52","2.0833053588867188","2.0833053588867188","2.0833053588867188","52","52","52","2.240018129348755","2.240018129348755","2.240018129348755","52","52","52","2.1696979999542236","2.1696979999542236","2.1696979999542236","51","51","51","2.365023374557495","2.365023374557495","2.365023374557495"
"52","53","53","53","2.093419075012207","2.093419075012207","2.093419075012207","53","53","53","2.0833053588867188","2.0833053588867188","2.0833053588867188","53","53","53","2.2305800914764404","2.2305800914764404","2.2305800914764404","53","53","53","2.0926923751831055","2.0926923751831055","2.0926923751831055","53","53","53","2.22192120552063","2.22192120552063","2.22192120552063","53","53","53","2.1991138458251953","2.1991138458251953","2.1991138458251953","52","52","52","2.338822841644287","2.338822841644287","2.338822841644287"
"53","54","54","54","2.0922465324401855","2.0922465324401855","2.0922465324401855","54","54","54","2.0833053588867188","2.0833053588867188","2.0833053588867188","54","54","54","2.2490689754486084","2.2490689754486084","2.2490689754486084","54","54","54","2.0978760719299316","2.0978760719299316","2.0978760719299316","54","54","54","2.264730453491211","2.264730453491211","2.264730453491211","54","54","54","2.200348138809204","2.200348138809204","2.200348138809204","53","53","53","2.3594117164611816","2.3594117164611816","2.3594117164611816"
"54","55","55","55","2.0833053588867188","2.0833053588867188","2.0833053588867188","55","55","55","2.0833053588867188","2.0833053588867188","2.0833053588867188","55","55","55","2.239187240600586","2.239187240600586","2.239187240600586","55","55","55","2.0833053588867188","2.0833053588867188","2.0833053588867188","55","55","55","2.2412302494049072","2.2412302494049072","2.2412302494049072","55","55","55","2.1586458683013916","2.1586458683013916","2.1586458683013916","54","54","54","2.361478567123413","2.361478567123413","2.361478567123413"
"55","56","56","56","2.0925562381744385","2.0925562381744385","2.0925562381744385","56","56","56","2.0833053588867188","2.0833053588867188","2.0833053588867188","56","56","56","2.249647378921509","2.249647378921509","2.249647378921509","56","56","56","2.0923523902893066","2.0923523902893066","2.0923523902893066","56","56","56","2.188669443130493","2.188669443130493","2.188669443130493","56","56","56","2.216731309890747","2.216731309890747","2.216731309890747","55","55","55","2.3548600673675537","2.3548600673675537","2.3548600673675537"
"56","57","57","57","2.0833053588867188","2.0833053588867188","2.0833053588867188","57","57","57","2.0833053588867188","2.0833053588867188","2.0833053588867188","57","57","57","2.200167417526245","2.200167417526245","2.200167417526245","57","57","57","2.0865728855133057","2.0865728855133057","2.0865728855133057","57","57","57","2.232891321182251","2.232891321182251","2.232891321182251","57","57","57","2.1945035457611084","2.1945035457611084","2.1945035457611084","56","56","56","2.335609197616577","2.335609197616577","2.335609197616577"
"57","58","58","58","2.0953574180603027","2.0953574180603027","2.0953574180603027","58","58","58","2.0833053588867188","2.0833053588867188","2.0833053588867188","58","58","58","2.2068748474121094","2.2068748474121094","2.2068748474121094","58","58","58","2.0833053588867188","2.0833053588867188","2.0833053588867188","58","58","58","2.200680732727051","2.200680732727051","2.200680732727051","58","58","58","2.2097299098968506","2.2097299098968506","2.2097299098968506","57","57","57","2.349841356277466","2.349841356277466","2.349841356277466"
"58","59","59","59","2.083653450012207","2.083653450012207","2.083653450012207","59","59","59","2.0833053588867188","2.0833053588867188","2.0833053588867188","59","59","59","2.2392642498016357","2.2392642498016357","2.2392642498016357","59","59","59","2.0919792652130127","2.0919792652130127","2.0919792652130127","59","59","59","2.1965036392211914","2.1965036392211914","2.1965036392211914","59","59","59","2.2126102447509766","2.2126102447509766","2.2126102447509766","58","58","58","2.3381049633026123","2.3381049633026123","2.3381049633026123"
"59","60","60","60","2.0970265865325928","2.0970265865325928","2.0970265865325928","60","60","60","2.0833053588867188","2.0833053588867188","2.0833053588867188","60","60","60","2.25612735748291","2.25612735748291","2.25612735748291","60","60","60","2.0833053588867188","2.0833053588867188","2.0833053588867188","60","60","60","2.2295620441436768","2.2295620441436768","2.2295620441436768","60","60","60","2.1929094791412354","2.1929094791412354","2.1929094791412354","59","59","59","2.2968130111694336","2.2968130111694336","2.2968130111694336"
"60","61","61","61","2.0833053588867188","2.0833053588867188","2.0833053588867188","61","61","61","2.0833053588867188","2.0833053588867188","2.0833053588867188","61","61","61","2.2519583702087402","2.2519583702087402","2.2519583702087402","61","61","61","2.0833053588867188","2.0833053588867188","2.0833053588867188","61","61","61","2.2507965564727783","2.2507965564727783","2.2507965564727783","61","61","61","2.199418783187866","2.199418783187866","2.199418783187866","60","60","60","2.339891195297241","2.339891195297241","2.339891195297241"
"61","62","62","62","2.0833053588867188","2.0833053588867188","2.0833053588867188","62","62","62","2.0833053588867188","2.0833053588867188","2.0833053588867188","62","62","62","2.232361316680908","2.232361316680908","2.232361316680908","62","62","62","2.0921757221221924","2.0921757221221924","2.0921757221221924","62","62","62","2.221186637878418","2.221186637878418","2.221186637878418","62","62","62","2.1779227256774902","2.1779227256774902","2.1779227256774902","61","61","61","2.300947427749634","2.300947427749634","2.300947427749634"
"62","63","63","63","2.0833053588867188","2.0833053588867188","2.0833053588867188","63","63","63","2.0833053588867188","2.0833053588867188","2.0833053588867188","63","63","63","2.2440264225006104","2.2440264225006104","2.2440264225006104","63","63","63","2.0833053588867188","2.0833053588867188","2.0833053588867188","63","63","63","2.2396435737609863","2.2396435737609863","2.2396435737609863","63","63","63","2.2356245517730713","2.2356245517730713","2.2356245517730713","62","62","62","2.3533947467803955","2.3533947467803955","2.3533947467803955"
"63","64","64","64","2.0833053588867188","2.0833053588867188","2.0833053588867188","64","64","64","2.0833845138549805","2.0833845138549805","2.0833845138549805","64","64","64","2.2215094566345215","2.2215094566345215","2.2215094566345215","64","64","64","2.085875988006592","2.085875988006592","2.085875988006592","64","64","64","2.1837687492370605","2.1837687492370605","2.1837687492370605","64","64","64","2.2140390872955322","2.2140390872955322","2.2140390872955322","63","63","63","2.307847738265991","2.307847738265991","2.307847738265991"
"64","65","65","65","2.0905966758728027","2.0905966758728027","2.0905966758728027","65","65","65","2.0833845138549805","2.0833845138549805","2.0833845138549805","65","65","65","2.243604898452759","2.243604898452759","2.243604898452759","65","65","65","2.0875742435455322","2.0875742435455322","2.0875742435455322","65","65","65","2.1769351959228516","2.1769351959228516","2.1769351959228516","65","65","65","2.1624488830566406","2.1624488830566406","2.1624488830566406","64","64","64","2.3215363025665283","2.3215363025665283","2.3215363025665283"
"65","66","66","66","2.0833053588867188","2.0833053588867188","2.0833053588867188","66","66","66","2.0833845138549805","2.0833845138549805","2.0833845138549805","66","66","66","2.236875057220459","2.236875057220459","2.236875057220459","66","66","66","2.0833053588867188","2.0833053588867188","2.0833053588867188","66","66","66","2.115727663040161","2.115727663040161","2.115727663040161","66","66","66","2.1979384422302246","2.1979384422302246","2.1979384422302246","65","65","65","2.306217670440674","2.306217670440674","2.306217670440674"
"66","67","67","67","2.0833053588867188","2.0833053588867188","2.0833053588867188","67","67","67","2.0833845138549805","2.0833845138549805","2.0833845138549805","67","67","67","2.2477612495422363","2.2477612495422363","2.2477612495422363","67","67","67","2.0833053588867188","2.0833053588867188","2.0833053588867188","67","67","67","2.175818681716919","2.175818681716919","2.175818681716919","67","67","67","2.179863929748535","2.179863929748535","2.179863929748535","66","66","66","2.320502758026123","2.320502758026123","2.320502758026123"
"67","68","68","68","2.0833053588867188","2.0833053588867188","2.0833053588867188","68","68","68","2.0833845138549805","2.0833845138549805","2.0833845138549805","68","68","68","2.2151215076446533","2.2151215076446533","2.2151215076446533","68","68","68","2.0833053588867188","2.0833053588867188","2.0833053588867188","68","68","68","2.2335445880889893","2.2335445880889893","2.2335445880889893","68","68","68","2.1815195083618164","2.1815195083618164","2.1815195083618164","67","67","67","2.3120980262756348","2.3120980262756348","2.3120980262756348"
"68","69","69","69","2.0833053588867188","2.0833053588867188","2.0833053588867188","69","69","69","2.0833845138549805","2.0833845138549805","2.0833845138549805","69","69","69","2.2369942665100098","2.2369942665100098","2.2369942665100098","69","69","69","2.0833053588867188","2.0833053588867188","2.0833053588867188","69","69","69","2.2180325984954834","2.2180325984954834","2.2180325984954834","69","69","69","2.181495189666748","2.181495189666748","2.181495189666748","68","68","68","2.2678046226501465","2.2678046226501465","2.2678046226501465"
"69","70","70","70","2.0833053588867188","2.0833053588867188","2.0833053588867188","70","70","70","2.0833845138549805","2.0833845138549805","2.0833845138549805","70","70","70","2.2594192028045654","2.2594192028045654","2.2594192028045654","70","70","70","2.0833053588867188","2.0833053588867188","2.0833053588867188","70","70","70","2.1916913986206055","2.1916913986206055","2.1916913986206055","70","70","70","2.186791181564331","2.186791181564331","2.186791181564331","69","69","69","2.265608787536621","2.265608787536621","2.265608787536621"
"70","71","71","71","2.0833053588867188","2.0833053588867188","2.0833053588867188","71","71","71","2.0833845138549805","2.0833845138549805","2.0833845138549805","71","71","71","2.2303740978240967","2.2303740978240967","2.2303740978240967","71","71","71","2.0833053588867188","2.0833053588867188","2.0833053588867188","71","71","71","2.2194201946258545","2.2194201946258545","2.2194201946258545","71","71","71","2.181173801422119","2.181173801422119","2.181173801422119","70","70","70","2.2536494731903076","2.2536494731903076","2.2536494731903076"
"71","72","72","72","2.0833053588867188","2.0833053588867188","2.0833053588867188","72","72","72","2.0833845138549805","2.0833845138549805","2.0833845138549805","72","72","72","2.22469162940979","2.22469162940979","2.22469162940979","72","72","72","2.087496519088745","2.087496519088745","2.087496519088745","72","72","72","2.190462112426758","2.190462112426758","2.190462112426758","72","72","72","2.200838327407837","2.200838327407837","2.200838327407837","71","71","71","2.2573959827423096","2.2573959827423096","2.2573959827423096"
"72","73","73","73","2.0833053588867188","2.0833053588867188","2.0833053588867188","73","73","73","2.0833845138549805","2.0833845138549805","2.0833845138549805","73","73","73","2.2205538749694824","2.2205538749694824","2.2205538749694824","73","73","73","2.1062252521514893","2.1062252521514893","2.1062252521514893","73","73","73","2.1817734241485596","2.1817734241485596","2.1817734241485596","73","73","73","2.1991798877716064","2.1991798877716064","2.1991798877716064","72","72","72","2.294092893600464","2.294092893600464","2.294092893600464"
"73","74","74","74","2.0833053588867188","2.0833053588867188","2.0833053588867188","74","74","74","2.0833053588867188","2.0833053588867188","2.0833053588867188","74","74","74","2.2515976428985596","2.2515976428985596","2.2515976428985596","74","74","74","2.1216912269592285","2.1216912269592285","2.1216912269592285","74","74","74","2.1724538803100586","2.1724538803100586","2.1724538803100586","74","74","74","2.195465564727783","2.195465564727783","2.195465564727783","73","73","73","2.273391008377075","2.273391008377075","2.273391008377075"
"74","75","75","75","2.0833053588867188","2.0833053588867188","2.0833053588867188","75","75","75","2.0833053588867188","2.0833053588867188","2.0833053588867188","75","75","75","2.230252504348755","2.230252504348755","2.230252504348755","75","75","75","2.11311936378479","2.11311936378479","2.11311936378479","75","75","75","2.2267587184906006","2.2267587184906006","2.2267587184906006","75","75","75","2.205352306365967","2.205352306365967","2.205352306365967","74","74","74","2.246436357498169","2.246436357498169","2.246436357498169"
"75","76","76","76","2.0833053588867188","2.0833053588867188","2.0833053588867188","76","76","76","2.0833053588867188","2.0833053588867188","2.0833053588867188","76","76","76","2.1709301471710205","2.1709301471710205","2.1709301471710205","76","76","76","2.0833053588867188","2.0833053588867188","2.0833053588867188","76","76","76","2.1071112155914307","2.1071112155914307","2.1071112155914307","76","76","76","2.1645238399505615","2.1645238399505615","2.1645238399505615","75","75","75","2.2453582286834717","2.2453582286834717","2.2453582286834717"
"76","77","77","77","2.0833053588867188","2.0833053588867188","2.0833053588867188","77","77","77","2.0833053588867188","2.0833053588867188","2.0833053588867188","77","77","77","2.1621816158294678","2.1621816158294678","2.1621816158294678","77","77","77","2.0833053588867188","2.0833053588867188","2.0833053588867188","77","77","77","2.165534496307373","2.165534496307373","2.165534496307373","77","77","77","2.1910228729248047","2.1910228729248047","2.1910228729248047","76","76","76","2.2604496479034424","2.2604496479034424","2.2604496479034424"
"77","78","78","78","2.0840015411376953","2.0840015411376953","2.0840015411376953","78","78","78","2.0833053588867188","2.0833053588867188","2.0833053588867188","78","78","78","2.2063941955566406","2.2063941955566406","2.2063941955566406","78","78","78","2.0833053588867188","2.0833053588867188","2.0833053588867188","78","78","78","2.1458723545074463","2.1458723545074463","2.1458723545074463","78","78","78","2.194931745529175","2.194931745529175","2.194931745529175","77","77","77","2.272205114364624","2.272205114364624","2.272205114364624"
"78","79","79","79","2.0833053588867188","2.0833053588867188","2.0833053588867188","79","79","79","2.0833053588867188","2.0833053588867188","2.0833053588867188","79","79","79","2.21036434173584","2.21036434173584","2.21036434173584","79","79","79","2.0833053588867188","2.0833053588867188","2.0833053588867188","79","79","79","2.1908791065216064","2.1908791065216064","2.1908791065216064","79","79","79","2.159019708633423","2.159019708633423","2.159019708633423","78","78","78","2.2477147579193115","2.2477147579193115","2.2477147579193115"
"79","80","80","80","2.0833053588867188","2.0833053588867188","2.0833053588867188","80","80","80","2.0833053588867188","2.0833053588867188","2.0833053588867188","80","80","80","2.2401716709136963","2.2401716709136963","2.2401716709136963","80","80","80","2.0833053588867188","2.0833053588867188","2.0833053588867188","80","80","80","2.1908936500549316","2.1908936500549316","2.1908936500549316","80","80","80","2.1641268730163574","2.1641268730163574","2.1641268730163574","79","79","79","2.2326536178588867","2.2326536178588867","2.2326536178588867"
"80","81","81","81","2.0833053588867188","2.0833053588867188","2.0833053588867188","81","81","81","2.0833053588867188","2.0833053588867188","2.0833053588867188","81","81","81","2.2311692237854004","2.2311692237854004","2.2311692237854004","81","81","81","2.0833053588867188","2.0833053588867188","2.0833053588867188","81","81","81","2.216292381286621","2.216292381286621","2.216292381286621","81","81","81","2.2049732208251953","2.2049732208251953","2.2049732208251953","80","80","80","2.31286883354187","2.31286883354187","2.31286883354187"
"81","82","82","82","2.0833053588867188","2.0833053588867188","2.0833053588867188","82","82","82","2.0833053588867188","2.0833053588867188","2.0833053588867188","82","82","82","2.2504477500915527","2.2504477500915527","2.2504477500915527","82","82","82","2.0847737789154053","2.0847737789154053","2.0847737789154053","82","82","82","2.2185440063476562","2.2185440063476562","2.2185440063476562","82","82","82","2.1954731941223145","2.1954731941223145","2.1954731941223145","81","81","81","2.2621402740478516","2.2621402740478516","2.2621402740478516"
"82","83","83","83","2.0833053588867188","2.0833053588867188","2.0833053588867188","83","83","83","2.0833053588867188","2.0833053588867188","2.0833053588867188","83","83","83","2.238924026489258","2.238924026489258","2.238924026489258","83","83","83","2.0833053588867188","2.0833053588867188","2.0833053588867188","83","83","83","2.1307790279388428","2.1307790279388428","2.1307790279388428","83","83","83","2.178438901901245","2.178438901901245","2.178438901901245","82","82","82","2.279383420944214","2.279383420944214","2.279383420944214"
"83","84","84","84","2.1016793251037598","2.1016793251037598","2.1016793251037598","84","84","84","2.0833053588867188","2.0833053588867188","2.0833053588867188","84","84","84","2.2537412643432617","2.2537412643432617","2.2537412643432617","84","84","84","2.0833053588867188","2.0833053588867188","2.0833053588867188","84","84","84","2.2206757068634033","2.2206757068634033","2.2206757068634033","84","84","84","2.233541965484619","2.233541965484619","2.233541965484619","83","83","83","2.2626352310180664","2.2626352310180664","2.2626352310180664"
"84","85","85","85","2.0833053588867188","2.0833053588867188","2.0833053588867188","85","85","85","2.0833053588867188","2.0833053588867188","2.0833053588867188","85","85","85","2.2606821060180664","2.2606821060180664","2.2606821060180664","85","85","85","2.0833053588867188","2.0833053588867188","2.0833053588867188","85","85","85","2.2088747024536133","2.2088747024536133","2.2088747024536133","85","85","85","2.1239173412323","2.1239173412323","2.1239173412323","84","84","84","2.2381765842437744","2.2381765842437744","2.2381765842437744"
"85","86","86","86","2.092676877975464","2.092676877975464","2.092676877975464","86","86","86","2.0833053588867188","2.0833053588867188","2.0833053588867188","86","86","86","2.266876697540283","2.266876697540283","2.266876697540283","86","86","86","2.0833053588867188","2.0833053588867188","2.0833053588867188","86","86","86","2.216343402862549","2.216343402862549","2.216343402862549","86","86","86","2.229562520980835","2.229562520980835","2.229562520980835","85","85","85","2.254214286804199","2.254214286804199","2.254214286804199"
"86","87","87","87","2.0833053588867188","2.0833053588867188","2.0833053588867188","87","87","87","2.0833053588867188","2.0833053588867188","2.0833053588867188","87","87","87","2.2456510066986084","2.2456510066986084","2.2456510066986084","87","87","87","2.0833053588867188","2.0833053588867188","2.0833053588867188","87","87","87","2.115955352783203","2.115955352783203","2.115955352783203","87","87","87","2.208608627319336","2.208608627319336","2.208608627319336","86","86","86","2.258465528488159","2.258465528488159","2.258465528488159"
"87","88","88","88","2.0833053588867188","2.0833053588867188","2.0833053588867188","88","88","88","2.0833053588867188","2.0833053588867188","2.0833053588867188","88","88","88","2.2696690559387207","2.2696690559387207","2.2696690559387207","88","88","88","2.0833053588867188","2.0833053588867188","2.0833053588867188","88","88","88","2.2195301055908203","2.2195301055908203","2.2195301055908203","88","88","88","2.191950559616089","2.191950559616089","2.191950559616089","87","87","87","2.2361655235290527","2.2361655235290527","2.2361655235290527"
"88","89","89","89","2.0833053588867188","2.0833053588867188","2.0833053588867188","89","89","89","2.0833053588867188","2.0833053588867188","2.0833053588867188","89","89","89","2.2541472911834717","2.2541472911834717","2.2541472911834717","89","89","89","2.09812068939209","2.09812068939209","2.09812068939209","89","89","89","2.2241296768188477","2.2241296768188477","2.2241296768188477","89","89","89","2.2029380798339844","2.2029380798339844","2.2029380798339844","88","88","88","2.2576940059661865","2.2576940059661865","2.2576940059661865"
"89","90","90","90","2.083625555038452","2.083625555038452","2.083625555038452","90","90","90","2.0833053588867188","2.0833053588867188","2.0833053588867188","90","90","90","2.2579941749572754","2.2579941749572754","2.2579941749572754","90","90","90","2.0833053588867188","2.0833053588867188","2.0833053588867188","90","90","90","2.2270474433898926","2.2270474433898926","2.2270474433898926","90","90","90","2.249988555908203","2.249988555908203","2.249988555908203","89","89","89","2.2239537239074707","2.2239537239074707","2.2239537239074707"
"90","91","91","91","2.0833053588867188","2.0833053588867188","2.0833053588867188","91","91","91","2.0833053588867188","2.0833053588867188","2.0833053588867188","91","91","91","2.24725604057312","2.24725604057312","2.24725604057312","91","91","91","2.0833053588867188","2.0833053588867188","2.0833053588867188","91","91","91","2.2074265480041504","2.2074265480041504","2.2074265480041504","91","91","91","2.2007789611816406","2.2007789611816406","2.2007789611816406","90","90","90","2.2183139324188232","2.2183139324188232","2.2183139324188232"
"91","92","92","92","2.0833053588867188","2.0833053588867188","2.0833053588867188","92","92","92","2.0833053588867188","2.0833053588867188","2.0833053588867188","92","92","92","2.248516082763672","2.248516082763672","2.248516082763672","92","92","92","2.0833053588867188","2.0833053588867188","2.0833053588867188","92","92","92","2.188225507736206","2.188225507736206","2.188225507736206","92","92","92","2.2301926612854004","2.2301926612854004","2.2301926612854004","91","91","91","2.208608627319336","2.208608627319336","2.208608627319336"
"92","93","93","93","2.0833053588867188","2.0833053588867188","2.0833053588867188","93","93","93","2.0833053588867188","2.0833053588867188","2.0833053588867188","93","93","93","2.2801618576049805","2.2801618576049805","2.2801618576049805","93","93","93","2.0833053588867188","2.0833053588867188","2.0833053588867188","93","93","93","2.2065749168395996","2.2065749168395996","2.2065749168395996","93","93","93","2.2460920810699463","2.2460920810699463","2.2460920810699463","92","92","92","2.217458724975586","2.217458724975586","2.217458724975586"
"93","94","94","94","2.0833053588867188","2.0833053588867188","2.0833053588867188","94","94","94","2.0833053588867188","2.0833053588867188","2.0833053588867188","94","94","94","2.2712786197662354","2.2712786197662354","2.2712786197662354","94","94","94","2.0833053588867188","2.0833053588867188","2.0833053588867188","94","94","94","2.200681447982788","2.200681447982788","2.200681447982788","94","94","94","2.1700472831726074","2.1700472831726074","2.1700472831726074","93","93","93","2.2163965702056885","2.2163965702056885","2.2163965702056885"
"94","95","95","95","2.0833053588867188","2.0833053588867188","2.0833053588867188","95","95","95","2.0833053588867188","2.0833053588867188","2.0833053588867188","95","95","95","2.2633280754089355","2.2633280754089355","2.2633280754089355","95","95","95","2.0833053588867188","2.0833053588867188","2.0833053588867188","95","95","95","2.1460397243499756","2.1460397243499756","2.1460397243499756","95","95","95","2.197373628616333","2.197373628616333","2.197373628616333","94","94","94","2.1941869258880615","2.1941869258880615","2.1941869258880615"
"95","96","96","96","2.0833053588867188","2.0833053588867188","2.0833053588867188","96","96","96","2.0833053588867188","2.0833053588867188","2.0833053588867188","96","96","96","2.2414398193359375","2.2414398193359375","2.2414398193359375","96","96","96","2.0833053588867188","2.0833053588867188","2.0833053588867188","96","96","96","2.152514696121216","2.152514696121216","2.152514696121216","96","96","96","2.217226505279541","2.217226505279541","2.217226505279541","95","95","95","2.2004528045654297","2.2004528045654297","2.2004528045654297"
"96","97","97","97","2.0833053588867188","2.0833053588867188","2.0833053588867188","97","97","97","2.0833053588867188","2.0833053588867188","2.0833053588867188","97","97","97","2.2609667778015137","2.2609667778015137","2.2609667778015137","97","97","97","2.0833053588867188","2.0833053588867188","2.0833053588867188","97","97","97","2.209014892578125","2.209014892578125","2.209014892578125","97","97","97","2.156376600265503","2.156376600265503","2.156376600265503","96","96","96","2.1608877182006836","2.1608877182006836","2.1608877182006836"
"97","98","98","98","2.0833053588867188","2.0833053588867188","2.0833053588867188","98","98","98","2.0833053588867188","2.0833053588867188","2.0833053588867188","98","98","98","2.2458388805389404","2.2458388805389404","2.2458388805389404","98","98","98","2.0833053588867188","2.0833053588867188","2.0833053588867188","98","98","98","2.19435715675354","2.19435715675354","2.19435715675354","98","98","98","2.1793625354766846","2.1793625354766846","2.1793625354766846","97","97","97","2.157520294189453","2.157520294189453","2.157520294189453"
"98","99","99","99","2.0833053588867188","2.0833053588867188","2.0833053588867188","99","99","99","2.0833053588867188","2.0833053588867188","2.0833053588867188","99","99","99","2.2556631565093994","2.2556631565093994","2.2556631565093994","99","99","99","2.0833053588867188","2.0833053588867188","2.0833053588867188","99","99","99","2.145336627960205","2.145336627960205","2.145336627960205","99","99","99","2.1206116676330566","2.1206116676330566","2.1206116676330566","98","98","98","2.1315724849700928","2.1315724849700928","2.1315724849700928"
"99","100","100","100","2.0833053588867188","2.0833053588867188","2.0833053588867188","100","100","100","2.0833053588867188","2.0833053588867188","2.0833053588867188","100","100","100","2.2620136737823486","2.2620136737823486","2.2620136737823486","100","100","100","2.0833053588867188","2.0833053588867188","2.0833053588867188","100","100","100","2.1310877799987793","2.1310877799987793","2.1310877799987793","100","100","100","2.1716091632843018","2.1716091632843018","2.1716091632843018","99","99","99","2.155958414077759","2.155958414077759","2.155958414077759"
"100","101","101","101","2.0833053588867188","2.0833053588867188","2.0833053588867188","101","101","101","2.0833053588867188","2.0833053588867188","2.0833053588867188","101","101","101","2.259995222091675","2.259995222091675","2.259995222091675","101","101","101","2.0833053588867188","2.0833053588867188","2.0833053588867188","101","101","101","2.1573336124420166","2.1573336124420166","2.1573336124420166","101","101","101","2.2018165588378906","2.2018165588378906","2.2018165588378906","100","100","100","2.190768241882324","2.190768241882324","2.190768241882324"