"Step","transformer-2-100-data-5000-batch - sig/significance","transformer-2-100-data-5000-batch - sig/significance__MIN","transformer-2-100-data-5000-batch - sig/significance__MAX","transformer-2-50-data - sig/significance","transformer-2-50-data - sig/significance__MIN","transformer-2-50-data - sig/significance__MAX","transformer-2-10-data - sig/significance","transformer-2-10-data - sig/significance__MIN","transformer-2-10-data - sig/significance__MAX","transformer-2-5-data - sig/significance","transformer-2-5-data - sig/significance__MIN","transformer-2-5-data - sig/significance__MAX","transformer-2 - sig/significance","transformer-2 - sig/significance__MIN","transformer-2 - sig/significance__MAX"
"1","2.401757001876831","2.401757001876831","2.401757001876831","2.408273458480835","2.408273458480835","2.408273458480835","2.206209897994995","2.206209897994995","2.206209897994995","2.2097537517547607","2.2097537517547607","2.2097537517547607","2.0834169387817383","2.0834169387817383","2.0834169387817383"
"2","2.4464714527130127","2.4464714527130127","2.4464714527130127","2.4362404346466064","2.4362404346466064","2.4362404346466064","2.3247158527374268","2.3247158527374268","2.3247158527374268","2.140854835510254","2.140854835510254","2.140854835510254","2.101653575897217","2.101653575897217","2.101653575897217"
"3","2.457404851913452","2.457404851913452","2.457404851913452","2.4614760875701904","2.4614760875701904","2.4614760875701904","2.2912979125976562","2.2912979125976562","2.2912979125976562","2.256927251815796","2.256927251815796","2.256927251815796","2.149033546447754","2.149033546447754","2.149033546447754"
"4","2.4580211639404297","2.4580211639404297","2.4580211639404297","2.4616904258728027","2.4616904258728027","2.4616904258728027","2.3669018745422363","2.3669018745422363","2.3669018745422363","2.321803092956543","2.321803092956543","2.321803092956543","2.1422698497772217","2.1422698497772217","2.1422698497772217"
"5","2.4793708324432373","2.4793708324432373","2.4793708324432373","2.4675376415252686","2.4675376415252686","2.4675376415252686","2.392246961593628","2.392246961593628","2.392246961593628","2.2239277362823486","2.2239277362823486","2.2239277362823486","2.153210163116455","2.153210163116455","2.153210163116455"
"6","2.4652135372161865","2.4652135372161865","2.4652135372161865","2.4835894107818604","2.4835894107818604","2.4835894107818604","2.404036521911621","2.404036521911621","2.404036521911621","2.365743398666382","2.365743398666382","2.365743398666382","2.146914482116699","2.146914482116699","2.146914482116699"
"7","2.488454818725586","2.488454818725586","2.488454818725586","2.4778904914855957","2.4778904914855957","2.4778904914855957","2.393639326095581","2.393639326095581","2.393639326095581","2.3582708835601807","2.3582708835601807","2.3582708835601807","2.1267571449279785","2.1267571449279785","2.1267571449279785"
"8","2.487673044204712","2.487673044204712","2.487673044204712","2.485992908477783","2.485992908477783","2.485992908477783","2.4117119312286377","2.4117119312286377","2.4117119312286377","2.4038145542144775","2.4038145542144775","2.4038145542144775","2.1227500438690186","2.1227500438690186","2.1227500438690186"
"9","2.485236406326294","2.485236406326294","2.485236406326294","2.4807939529418945","2.4807939529418945","2.4807939529418945","2.4263343811035156","2.4263343811035156","2.4263343811035156","2.352010488510132","2.352010488510132","2.352010488510132","2.137273073196411","2.137273073196411","2.137273073196411"
"10","2.4801065921783447","2.4801065921783447","2.4801065921783447","2.491157054901123","2.491157054901123","2.491157054901123","2.4521467685699463","2.4521467685699463","2.4521467685699463","2.336545944213867","2.336545944213867","2.336545944213867","2.1432406902313232","2.1432406902313232","2.1432406902313232"
"11","2.473891258239746","2.473891258239746","2.473891258239746","2.4779741764068604","2.4779741764068604","2.4779741764068604","2.3979358673095703","2.3979358673095703","2.3979358673095703","2.407376527786255","2.407376527786255","2.407376527786255","2.15022611618042","2.15022611618042","2.15022611618042"
"12","2.5021071434020996","2.5021071434020996","2.5021071434020996","2.4969186782836914","2.4969186782836914","2.4969186782836914","2.4353294372558594","2.4353294372558594","2.4353294372558594","2.4129321575164795","2.4129321575164795","2.4129321575164795","2.1551830768585205","2.1551830768585205","2.1551830768585205"
"13","2.502208948135376","2.502208948135376","2.502208948135376","2.4803731441497803","2.4803731441497803","2.4803731441497803","2.4446542263031006","2.4446542263031006","2.4446542263031006","2.394469738006592","2.394469738006592","2.394469738006592","2.1592495441436768","2.1592495441436768","2.1592495441436768"
"14","2.489013433456421","2.489013433456421","2.489013433456421","2.48429799079895","2.48429799079895","2.48429799079895","2.4158291816711426","2.4158291816711426","2.4158291816711426","2.4026474952697754","2.4026474952697754","2.4026474952697754","2.1949541568756104","2.1949541568756104","2.1949541568756104"
"15","2.511687755584717","2.511687755584717","2.511687755584717","2.5198771953582764","2.5198771953582764","2.5198771953582764","2.4293289184570312","2.4293289184570312","2.4293289184570312","2.378631591796875","2.378631591796875","2.378631591796875","2.221874475479126","2.221874475479126","2.221874475479126"
"16","2.513932704925537","2.513932704925537","2.513932704925537","2.5024805068969727","2.5024805068969727","2.5024805068969727","2.441582679748535","2.441582679748535","2.441582679748535","2.4306912422180176","2.4306912422180176","2.4306912422180176","2.2215747833251953","2.2215747833251953","2.2215747833251953"
"17","2.5103793144226074","2.5103793144226074","2.5103793144226074","2.4924752712249756","2.4924752712249756","2.4924752712249756","2.4230217933654785","2.4230217933654785","2.4230217933654785","2.4117536544799805","2.4117536544799805","2.4117536544799805","2.246731996536255","2.246731996536255","2.246731996536255"
"18","2.5120277404785156","2.5120277404785156","2.5120277404785156","2.51275897026062","2.51275897026062","2.51275897026062","2.4532036781311035","2.4532036781311035","2.4532036781311035","2.4303650856018066","2.4303650856018066","2.4303650856018066","2.3106157779693604","2.3106157779693604","2.3106157779693604"
"19","2.5185415744781494","2.5185415744781494","2.5185415744781494","2.5050463676452637","2.5050463676452637","2.5050463676452637","2.434461832046509","2.434461832046509","2.434461832046509","2.443934917449951","2.443934917449951","2.443934917449951","2.292386293411255","2.292386293411255","2.292386293411255"
"20","2.504737138748169","2.504737138748169","2.504737138748169","2.4918227195739746","2.4918227195739746","2.4918227195739746","2.4496567249298096","2.4496567249298096","2.4496567249298096","2.3952393531799316","2.3952393531799316","2.3952393531799316","2.3217196464538574","2.3217196464538574","2.3217196464538574"
"21","2.5201759338378906","2.5201759338378906","2.5201759338378906","2.501765727996826","2.501765727996826","2.501765727996826","2.4464492797851562","2.4464492797851562","2.4464492797851562","2.4450533390045166","2.4450533390045166","2.4450533390045166","2.3430299758911133","2.3430299758911133","2.3430299758911133"
"22","2.5122742652893066","2.5122742652893066","2.5122742652893066","2.4954099655151367","2.4954099655151367","2.4954099655151367","2.4573028087615967","2.4573028087615967","2.4573028087615967","2.420989513397217","2.420989513397217","2.420989513397217","2.3518166542053223","2.3518166542053223","2.3518166542053223"
"23","2.504995107650757","2.504995107650757","2.504995107650757","2.51503324508667","2.51503324508667","2.51503324508667","2.4219064712524414","2.4219064712524414","2.4219064712524414","2.424311876296997","2.424311876296997","2.424311876296997","2.332634687423706","2.332634687423706","2.332634687423706"
"24","2.5067806243896484","2.5067806243896484","2.5067806243896484","2.501324415206909","2.501324415206909","2.501324415206909","2.4532759189605713","2.4532759189605713","2.4532759189605713","2.4227073192596436","2.4227073192596436","2.4227073192596436","2.363978147506714","2.363978147506714","2.363978147506714"
"25","2.512840509414673","2.512840509414673","2.512840509414673","2.5095651149749756","2.5095651149749756","2.5095651149749756","2.417515277862549","2.417515277862549","2.417515277862549","2.4174916744232178","2.4174916744232178","2.4174916744232178","2.3497114181518555","2.3497114181518555","2.3497114181518555"
"26","2.5117788314819336","2.5117788314819336","2.5117788314819336","2.512209415435791","2.512209415435791","2.512209415435791","2.417893409729004","2.417893409729004","2.417893409729004","2.3524985313415527","2.3524985313415527","2.3524985313415527","2.336286783218384","2.336286783218384","2.336286783218384"
"27","2.5130505561828613","2.5130505561828613","2.5130505561828613","2.485469341278076","2.485469341278076","2.485469341278076","2.379906415939331","2.379906415939331","2.379906415939331","2.4246435165405273","2.4246435165405273","2.4246435165405273","2.2947258949279785","2.2947258949279785","2.2947258949279785"
"28","2.534632682800293","2.534632682800293","2.534632682800293","2.5064656734466553","2.5064656734466553","2.5064656734466553","2.4361069202423096","2.4361069202423096","2.4361069202423096","2.373264789581299","2.373264789581299","2.373264789581299","2.2878592014312744","2.2878592014312744","2.2878592014312744"
"29","2.5206453800201416","2.5206453800201416","2.5206453800201416","2.507560968399048","2.507560968399048","2.507560968399048","2.4083971977233887","2.4083971977233887","2.4083971977233887","2.4197769165039062","2.4197769165039062","2.4197769165039062","2.3679187297821045","2.3679187297821045","2.3679187297821045"
"30","2.5097734928131104","2.5097734928131104","2.5097734928131104","2.5105414390563965","2.5105414390563965","2.5105414390563965","2.445113182067871","2.445113182067871","2.445113182067871","2.4328176975250244","2.4328176975250244","2.4328176975250244","2.354034900665283","2.354034900665283","2.354034900665283"
"31","2.5103023052215576","2.5103023052215576","2.5103023052215576","2.519313097000122","2.519313097000122","2.519313097000122","2.4498097896575928","2.4498097896575928","2.4498097896575928","2.4360179901123047","2.4360179901123047","2.4360179901123047","2.343345880508423","2.343345880508423","2.343345880508423"
"32","2.51554536819458","2.51554536819458","2.51554536819458","2.514615774154663","2.514615774154663","2.514615774154663","2.3821728229522705","2.3821728229522705","2.3821728229522705","2.4199836254119873","2.4199836254119873","2.4199836254119873","2.3767287731170654","2.3767287731170654","2.3767287731170654"
"33","2.5187768936157227","2.5187768936157227","2.5187768936157227","2.5151455402374268","2.5151455402374268","2.5151455402374268","2.425248384475708","2.425248384475708","2.425248384475708","2.4394938945770264","2.4394938945770264","2.4394938945770264","2.359884023666382","2.359884023666382","2.359884023666382"
"34","2.520936965942383","2.520936965942383","2.520936965942383","2.5165765285491943","2.5165765285491943","2.5165765285491943","2.4264109134674072","2.4264109134674072","2.4264109134674072","2.415231227874756","2.415231227874756","2.415231227874756","2.3798325061798096","2.3798325061798096","2.3798325061798096"
"35","2.529940128326416","2.529940128326416","2.529940128326416","2.501960515975952","2.501960515975952","2.501960515975952","2.434793710708618","2.434793710708618","2.434793710708618","2.4309794902801514","2.4309794902801514","2.4309794902801514","2.3776164054870605","2.3776164054870605","2.3776164054870605"
"36","2.4855568408966064","2.4855568408966064","2.4855568408966064","2.5160422325134277","2.5160422325134277","2.5160422325134277","2.4167680740356445","2.4167680740356445","2.4167680740356445","2.413790464401245","2.413790464401245","2.413790464401245","2.3719215393066406","2.3719215393066406","2.3719215393066406"
"37","2.5102617740631104","2.5102617740631104","2.5102617740631104","2.4932942390441895","2.4932942390441895","2.4932942390441895","2.4387261867523193","2.4387261867523193","2.4387261867523193","2.3571975231170654","2.3571975231170654","2.3571975231170654","2.3388659954071045","2.3388659954071045","2.3388659954071045"
"38","2.508653163909912","2.508653163909912","2.508653163909912","2.5256519317626953","2.5256519317626953","2.5256519317626953","2.4145097732543945","2.4145097732543945","2.4145097732543945","2.400749921798706","2.400749921798706","2.400749921798706","2.369664192199707","2.369664192199707","2.369664192199707"
"39","2.511638641357422","2.511638641357422","2.511638641357422","2.4906516075134277","2.4906516075134277","2.4906516075134277","2.4254677295684814","2.4254677295684814","2.4254677295684814","2.3531880378723145","2.3531880378723145","2.3531880378723145","2.2717912197113037","2.2717912197113037","2.2717912197113037"
"40","2.524930000305176","2.524930000305176","2.524930000305176","2.484714984893799","2.484714984893799","2.484714984893799","2.4234166145324707","2.4234166145324707","2.4234166145324707","2.4229228496551514","2.4229228496551514","2.4229228496551514","2.3554182052612305","2.3554182052612305","2.3554182052612305"
"41","2.5343055725097656","2.5343055725097656","2.5343055725097656","2.5043880939483643","2.5043880939483643","2.5043880939483643","2.430793523788452","2.430793523788452","2.430793523788452","2.3849105834960938","2.3849105834960938","2.3849105834960938","2.383807420730591","2.383807420730591","2.383807420730591"
"42","2.535541534423828","2.535541534423828","2.535541534423828","2.4986634254455566","2.4986634254455566","2.4986634254455566","2.423187494277954","2.423187494277954","2.423187494277954","2.372377395629883","2.372377395629883","2.372377395629883","2.3886818885803223","2.3886818885803223","2.3886818885803223"
"43","2.5145928859710693","2.5145928859710693","2.5145928859710693","2.5063281059265137","2.5063281059265137","2.5063281059265137","2.4128715991973877","2.4128715991973877","2.4128715991973877","2.4013941287994385","2.4013941287994385","2.4013941287994385","2.310900926589966","2.310900926589966","2.310900926589966"
"44","2.5138168334960938","2.5138168334960938","2.5138168334960938","2.50254487991333","2.50254487991333","2.50254487991333","2.3924221992492676","2.3924221992492676","2.3924221992492676","2.3988964557647705","2.3988964557647705","2.3988964557647705","2.3667490482330322","2.3667490482330322","2.3667490482330322"
"45","2.5204977989196777","2.5204977989196777","2.5204977989196777","2.5000226497650146","2.5000226497650146","2.5000226497650146","2.414362668991089","2.414362668991089","2.414362668991089","2.3923487663269043","2.3923487663269043","2.3923487663269043","2.3480000495910645","2.3480000495910645","2.3480000495910645"
"46","2.502326011657715","2.502326011657715","2.502326011657715","2.5057077407836914","2.5057077407836914","2.5057077407836914","2.417579412460327","2.417579412460327","2.417579412460327","2.354459524154663","2.354459524154663","2.354459524154663","2.3802244663238525","2.3802244663238525","2.3802244663238525"
"47","2.5162463188171387","2.5162463188171387","2.5162463188171387","2.506779670715332","2.506779670715332","2.506779670715332","2.4132635593414307","2.4132635593414307","2.4132635593414307","2.383605718612671","2.383605718612671","2.383605718612671","2.3489701747894287","2.3489701747894287","2.3489701747894287"
"48","2.5107216835021973","2.5107216835021973","2.5107216835021973","2.49409556388855","2.49409556388855","2.49409556388855","2.4124093055725098","2.4124093055725098","2.4124093055725098","2.396796464920044","2.396796464920044","2.396796464920044","2.282367467880249","2.282367467880249","2.282367467880249"
"49","2.5188543796539307","2.5188543796539307","2.5188543796539307","2.509594440460205","2.509594440460205","2.509594440460205","2.398907423019409","2.398907423019409","2.398907423019409","2.396242618560791","2.396242618560791","2.396242618560791","2.3639886379241943","2.3639886379241943","2.3639886379241943"
"50","2.487582206726074","2.487582206726074","2.487582206726074","2.5076041221618652","2.5076041221618652","2.5076041221618652","2.394740343093872","2.394740343093872","2.394740343093872","2.3588364124298096","2.3588364124298096","2.3588364124298096","2.357144594192505","2.357144594192505","2.357144594192505"
"51","2.5232322216033936","2.5232322216033936","2.5232322216033936","2.495445728302002","2.495445728302002","2.495445728302002","2.4050216674804688","2.4050216674804688","2.4050216674804688","2.392378330230713","2.392378330230713","2.392378330230713","2.365023374557495","2.365023374557495","2.365023374557495"
"52","2.516110897064209","2.516110897064209","2.516110897064209","2.504441499710083","2.504441499710083","2.504441499710083","2.420982599258423","2.420982599258423","2.420982599258423","2.4119815826416016","2.4119815826416016","2.4119815826416016","2.338822841644287","2.338822841644287","2.338822841644287"
"53","2.501168966293335","2.501168966293335","2.501168966293335","2.5062477588653564","2.5062477588653564","2.5062477588653564","2.382692813873291","2.382692813873291","2.382692813873291","2.3865303993225098","2.3865303993225098","2.3865303993225098","2.3594117164611816","2.3594117164611816","2.3594117164611816"
"54","2.5039472579956055","2.5039472579956055","2.5039472579956055","2.488229274749756","2.488229274749756","2.488229274749756","2.4076037406921387","2.4076037406921387","2.4076037406921387","2.3916141986846924","2.3916141986846924","2.3916141986846924","2.361478567123413","2.361478567123413","2.361478567123413"
"55","2.498063564300537","2.498063564300537","2.498063564300537","2.51169753074646","2.51169753074646","2.51169753074646","2.40649151802063","2.40649151802063","2.40649151802063","2.381507158279419","2.381507158279419","2.381507158279419","2.3548600673675537","2.3548600673675537","2.3548600673675537"
"56","2.5141539573669434","2.5141539573669434","2.5141539573669434","2.4964988231658936","2.4964988231658936","2.4964988231658936","2.379333019256592","2.379333019256592","2.379333019256592","2.3650052547454834","2.3650052547454834","2.3650052547454834","2.335609197616577","2.335609197616577","2.335609197616577"
"57","2.510186195373535","2.510186195373535","2.510186195373535","2.504889488220215","2.504889488220215","2.504889488220215","2.4269661903381348","2.4269661903381348","2.4269661903381348","2.370439052581787","2.370439052581787","2.370439052581787","2.349841356277466","2.349841356277466","2.349841356277466"
"58","2.5274784564971924","2.5274784564971924","2.5274784564971924","2.5033957958221436","2.5033957958221436","2.5033957958221436","2.4026315212249756","2.4026315212249756","2.4026315212249756","2.3781142234802246","2.3781142234802246","2.3781142234802246","2.3381049633026123","2.3381049633026123","2.3381049633026123"
"59","2.493248224258423","2.493248224258423","2.493248224258423","2.4958291053771973","2.4958291053771973","2.4958291053771973","2.4050447940826416","2.4050447940826416","2.4050447940826416","2.335247039794922","2.335247039794922","2.335247039794922","2.2968130111694336","2.2968130111694336","2.2968130111694336"
"60","2.5207769870758057","2.5207769870758057","2.5207769870758057","2.499619483947754","2.499619483947754","2.499619483947754","2.397392988204956","2.397392988204956","2.397392988204956","2.3774900436401367","2.3774900436401367","2.3774900436401367","2.339891195297241","2.339891195297241","2.339891195297241"
"61","2.522737979888916","2.522737979888916","2.522737979888916","2.493391990661621","2.493391990661621","2.493391990661621","2.3923866748809814","2.3923866748809814","2.3923866748809814","2.3593766689300537","2.3593766689300537","2.3593766689300537","2.300947427749634","2.300947427749634","2.300947427749634"
"62","2.506587028503418","2.506587028503418","2.506587028503418","2.488738775253296","2.488738775253296","2.488738775253296","2.3651580810546875","2.3651580810546875","2.3651580810546875","2.2943263053894043","2.2943263053894043","2.2943263053894043","2.3533947467803955","2.3533947467803955","2.3533947467803955"
"63","2.492539644241333","2.492539644241333","2.492539644241333","2.497525691986084","2.497525691986084","2.497525691986084","2.3667380809783936","2.3667380809783936","2.3667380809783936","2.3345658779144287","2.3345658779144287","2.3345658779144287","2.307847738265991","2.307847738265991","2.307847738265991"
"64","2.5132639408111572","2.5132639408111572","2.5132639408111572","2.49753999710083","2.49753999710083","2.49753999710083","2.380518674850464","2.380518674850464","2.380518674850464","2.3515045642852783","2.3515045642852783","2.3515045642852783","2.3215363025665283","2.3215363025665283","2.3215363025665283"
"65","2.4971678256988525","2.4971678256988525","2.4971678256988525","2.483647346496582","2.483647346496582","2.483647346496582","2.3864400386810303","2.3864400386810303","2.3864400386810303","2.375563383102417","2.375563383102417","2.375563383102417","2.306217670440674","2.306217670440674","2.306217670440674"
"66","2.5087320804595947","2.5087320804595947","2.5087320804595947","2.49908185005188","2.49908185005188","2.49908185005188","2.3769333362579346","2.3769333362579346","2.3769333362579346","2.343569755554199","2.343569755554199","2.343569755554199","2.320502758026123","2.320502758026123","2.320502758026123"
"67","2.5014452934265137","2.5014452934265137","2.5014452934265137","2.5041391849517822","2.5041391849517822","2.5041391849517822","2.3984758853912354","2.3984758853912354","2.3984758853912354","2.3769354820251465","2.3769354820251465","2.3769354820251465","2.3120980262756348","2.3120980262756348","2.3120980262756348"
"68","2.4948651790618896","2.4948651790618896","2.4948651790618896","2.510322332382202","2.510322332382202","2.510322332382202","2.368242025375366","2.368242025375366","2.368242025375366","2.3443148136138916","2.3443148136138916","2.3443148136138916","2.2678046226501465","2.2678046226501465","2.2678046226501465"
"69","2.5008602142333984","2.5008602142333984","2.5008602142333984","2.4899609088897705","2.4899609088897705","2.4899609088897705","2.3905553817749023","2.3905553817749023","2.3905553817749023","2.3702189922332764","2.3702189922332764","2.3702189922332764","2.265608787536621","2.265608787536621","2.265608787536621"
"70","2.507842540740967","2.507842540740967","2.507842540740967","2.51759672164917","2.51759672164917","2.51759672164917","2.3452885150909424","2.3452885150909424","2.3452885150909424","2.3314247131347656","2.3314247131347656","2.3314247131347656","2.2536494731903076","2.2536494731903076","2.2536494731903076"
"71","2.499450206756592","2.499450206756592","2.499450206756592","2.4929535388946533","2.4929535388946533","2.4929535388946533","2.3666980266571045","2.3666980266571045","2.3666980266571045","2.3713583946228027","2.3713583946228027","2.3713583946228027","2.2573959827423096","2.2573959827423096","2.2573959827423096"
"72","2.494706630706787","2.494706630706787","2.494706630706787","2.491621255874634","2.491621255874634","2.491621255874634","2.354036331176758","2.354036331176758","2.354036331176758","2.379180431365967","2.379180431365967","2.379180431365967","2.294092893600464","2.294092893600464","2.294092893600464"
"73","2.493035316467285","2.493035316467285","2.493035316467285","2.495448112487793","2.495448112487793","2.495448112487793","2.3502001762390137","2.3502001762390137","2.3502001762390137","2.3406612873077393","2.3406612873077393","2.3406612873077393","2.273391008377075","2.273391008377075","2.273391008377075"
"74","2.5021162033081055","2.5021162033081055","2.5021162033081055","2.4784939289093018","2.4784939289093018","2.4784939289093018","2.3249220848083496","2.3249220848083496","2.3249220848083496","2.3543591499328613","2.3543591499328613","2.3543591499328613","2.246436357498169","2.246436357498169","2.246436357498169"
"75","2.4910247325897217","2.4910247325897217","2.4910247325897217","2.4707863330841064","2.4707863330841064","2.4707863330841064","2.334493637084961","2.334493637084961","2.334493637084961","2.3232696056365967","2.3232696056365967","2.3232696056365967","2.2453582286834717","2.2453582286834717","2.2453582286834717"
"76","2.4978199005126953","2.4978199005126953","2.4978199005126953","2.4952685832977295","2.4952685832977295","2.4952685832977295","2.3367209434509277","2.3367209434509277","2.3367209434509277","2.3111183643341064","2.3111183643341064","2.3111183643341064","2.2604496479034424","2.2604496479034424","2.2604496479034424"
"77","2.4953513145446777","2.4953513145446777","2.4953513145446777","2.4956517219543457","2.4956517219543457","2.4956517219543457","2.345015048980713","2.345015048980713","2.345015048980713","2.321340799331665","2.321340799331665","2.321340799331665","2.272205114364624","2.272205114364624","2.272205114364624"
"78","2.503511905670166","2.503511905670166","2.503511905670166","2.483592987060547","2.483592987060547","2.483592987060547","2.375908613204956","2.375908613204956","2.375908613204956","2.3285634517669678","2.3285634517669678","2.3285634517669678","2.2477147579193115","2.2477147579193115","2.2477147579193115"
"79","2.5091776847839355","2.5091776847839355","2.5091776847839355","2.4646856784820557","2.4646856784820557","2.4646856784820557","2.326472759246826","2.326472759246826","2.326472759246826","2.3422906398773193","2.3422906398773193","2.3422906398773193","2.2326536178588867","2.2326536178588867","2.2326536178588867"
"80","2.4983034133911133","2.4983034133911133","2.4983034133911133","2.470940113067627","2.470940113067627","2.470940113067627","2.3434388637542725","2.3434388637542725","2.3434388637542725","2.3034751415252686","2.3034751415252686","2.3034751415252686","2.31286883354187","2.31286883354187","2.31286883354187"
"81","2.4948599338531494","2.4948599338531494","2.4948599338531494","2.511822462081909","2.511822462081909","2.511822462081909","2.3515117168426514","2.3515117168426514","2.3515117168426514","2.23772931098938","2.23772931098938","2.23772931098938","2.2621402740478516","2.2621402740478516","2.2621402740478516"
"82","2.4917895793914795","2.4917895793914795","2.4917895793914795","2.4673168659210205","2.4673168659210205","2.4673168659210205","2.3520848751068115","2.3520848751068115","2.3520848751068115","2.25937557220459","2.25937557220459","2.25937557220459","2.279383420944214","2.279383420944214","2.279383420944214"
"83","2.4931278228759766","2.4931278228759766","2.4931278228759766","2.5043060779571533","2.5043060779571533","2.5043060779571533","2.3312361240386963","2.3312361240386963","2.3312361240386963","2.2632715702056885","2.2632715702056885","2.2632715702056885","2.2626352310180664","2.2626352310180664","2.2626352310180664"
"84","2.501386880874634","2.501386880874634","2.501386880874634","2.485968828201294","2.485968828201294","2.485968828201294","2.2917606830596924","2.2917606830596924","2.2917606830596924","2.3013007640838623","2.3013007640838623","2.3013007640838623","2.2381765842437744","2.2381765842437744","2.2381765842437744"
"85","2.476505756378174","2.476505756378174","2.476505756378174","2.4867637157440186","2.4867637157440186","2.4867637157440186","2.2836754322052","2.2836754322052","2.2836754322052","2.3142151832580566","2.3142151832580566","2.3142151832580566","2.254214286804199","2.254214286804199","2.254214286804199"
"86","2.5018627643585205","2.5018627643585205","2.5018627643585205","2.4683756828308105","2.4683756828308105","2.4683756828308105","2.301344871520996","2.301344871520996","2.301344871520996","2.298870325088501","2.298870325088501","2.298870325088501","2.258465528488159","2.258465528488159","2.258465528488159"
"87","2.486975908279419","2.486975908279419","2.486975908279419","2.474597454071045","2.474597454071045","2.474597454071045","2.3148396015167236","2.3148396015167236","2.3148396015167236","2.3071951866149902","2.3071951866149902","2.3071951866149902","2.2361655235290527","2.2361655235290527","2.2361655235290527"
"88","2.5023345947265625","2.5023345947265625","2.5023345947265625","2.4764180183410645","2.4764180183410645","2.4764180183410645","2.3273797035217285","2.3273797035217285","2.3273797035217285","2.316213846206665","2.316213846206665","2.316213846206665","2.2576940059661865","2.2576940059661865","2.2576940059661865"
"89","2.511965274810791","2.511965274810791","2.511965274810791","2.4719481468200684","2.4719481468200684","2.4719481468200684","2.2958574295043945","2.2958574295043945","2.2958574295043945","2.3121330738067627","2.3121330738067627","2.3121330738067627","2.2239537239074707","2.2239537239074707","2.2239537239074707"
"90","2.476858615875244","2.476858615875244","2.476858615875244","2.4682910442352295","2.4682910442352295","2.4682910442352295","2.315845012664795","2.315845012664795","2.315845012664795","2.244537353515625","2.244537353515625","2.244537353515625","2.2183139324188232","2.2183139324188232","2.2183139324188232"
"91","2.4903292655944824","2.4903292655944824","2.4903292655944824","2.4657094478607178","2.4657094478607178","2.4657094478607178","2.265793800354004","2.265793800354004","2.265793800354004","2.293607234954834","2.293607234954834","2.293607234954834","2.208608627319336","2.208608627319336","2.208608627319336"
"92","2.495408058166504","2.495408058166504","2.495408058166504","2.4600884914398193","2.4600884914398193","2.4600884914398193","2.2821362018585205","2.2821362018585205","2.2821362018585205","2.2905120849609375","2.2905120849609375","2.2905120849609375","2.217458724975586","2.217458724975586","2.217458724975586"
"93","2.486412525177002","2.486412525177002","2.486412525177002","2.479645013809204","2.479645013809204","2.479645013809204","2.305612802505493","2.305612802505493","2.305612802505493","2.2165706157684326","2.2165706157684326","2.2165706157684326","2.2163965702056885","2.2163965702056885","2.2163965702056885"
"94","2.4927775859832764","2.4927775859832764","2.4927775859832764","2.4835479259490967","2.4835479259490967","2.4835479259490967","2.3084611892700195","2.3084611892700195","2.3084611892700195","2.3036692142486572","2.3036692142486572","2.3036692142486572","2.1941869258880615","2.1941869258880615","2.1941869258880615"
"95","2.49200701713562","2.49200701713562","2.49200701713562","2.486926317214966","2.486926317214966","2.486926317214966","2.2726011276245117","2.2726011276245117","2.2726011276245117","2.3014657497406006","2.3014657497406006","2.3014657497406006","2.2004528045654297","2.2004528045654297","2.2004528045654297"
"96","2.4948890209198","2.4948890209198","2.4948890209198","2.475423812866211","2.475423812866211","2.475423812866211","2.2816946506500244","2.2816946506500244","2.2816946506500244","2.242722511291504","2.242722511291504","2.242722511291504","2.1608877182006836","2.1608877182006836","2.1608877182006836"
"97","2.4948079586029053","2.4948079586029053","2.4948079586029053","2.45867919921875","2.45867919921875","2.45867919921875","2.304431438446045","2.304431438446045","2.304431438446045","2.2635302543640137","2.2635302543640137","2.2635302543640137","2.157520294189453","2.157520294189453","2.157520294189453"
"98","2.4847328662872314","2.4847328662872314","2.4847328662872314","2.472557783126831","2.472557783126831","2.472557783126831","2.2482447624206543","2.2482447624206543","2.2482447624206543","2.30918550491333","2.30918550491333","2.30918550491333","2.1315724849700928","2.1315724849700928","2.1315724849700928"
"99","2.482635974884033","2.482635974884033","2.482635974884033","2.4739253520965576","2.4739253520965576","2.4739253520965576","2.2657217979431152","2.2657217979431152","2.2657217979431152","2.264590263366699","2.264590263366699","2.264590263366699","2.155958414077759","2.155958414077759","2.155958414077759"
"100","2.4938979148864746","2.4938979148864746","2.4938979148864746","2.470444440841675","2.470444440841675","2.470444440841675","2.2629106044769287","2.2629106044769287","2.2629106044769287","2.2659080028533936","2.2659080028533936","2.2659080028533936","2.190768241882324","2.190768241882324","2.190768241882324"
"101","","","","2.4572513103485107","2.4572513103485107","2.4572513103485107","2.2458958625793457","2.2458958625793457","2.2458958625793457","2.2436108589172363","2.2436108589172363","2.2436108589172363","","",""
"102","","","","2.4689953327178955","2.4689953327178955","2.4689953327178955","2.254875659942627","2.254875659942627","2.254875659942627","2.276540994644165","2.276540994644165","2.276540994644165","","",""
"103","","","","2.4755666255950928","2.4755666255950928","2.4755666255950928","2.2147111892700195","2.2147111892700195","2.2147111892700195","2.2639706134796143","2.2639706134796143","2.2639706134796143","","",""
"104","","","","2.482750177383423","2.482750177383423","2.482750177383423","2.269042491912842","2.269042491912842","2.269042491912842","2.2249109745025635","2.2249109745025635","2.2249109745025635","","",""
"105","","","","2.4783530235290527","2.4783530235290527","2.4783530235290527","2.239531993865967","2.239531993865967","2.239531993865967","2.251894474029541","2.251894474029541","2.251894474029541","","",""
"106","","","","2.4713335037231445","2.4713335037231445","2.4713335037231445","2.2254655361175537","2.2254655361175537","2.2254655361175537","2.2645835876464844","2.2645835876464844","2.2645835876464844","","",""
"107","","","","2.4786217212677","2.4786217212677","2.4786217212677","2.206247091293335","2.206247091293335","2.206247091293335","2.187392234802246","2.187392234802246","2.187392234802246","","",""
"108","","","","2.4867544174194336","2.4867544174194336","2.4867544174194336","2.2498624324798584","2.2498624324798584","2.2498624324798584","2.261063575744629","2.261063575744629","2.261063575744629","","",""
"109","","","","2.476775646209717","2.476775646209717","2.476775646209717","2.2211086750030518","2.2211086750030518","2.2211086750030518","2.2398319244384766","2.2398319244384766","2.2398319244384766","","",""
"110","","","","2.4757277965545654","2.4757277965545654","2.4757277965545654","2.2133772373199463","2.2133772373199463","2.2133772373199463","2.212362051010132","2.212362051010132","2.212362051010132","","",""
"111","","","","2.474043607711792","2.474043607711792","2.474043607711792","2.214808702468872","2.214808702468872","2.214808702468872","2.2526516914367676","2.2526516914367676","2.2526516914367676","","",""
"112","","","","2.4605443477630615","2.4605443477630615","2.4605443477630615","2.25492787361145","2.25492787361145","2.25492787361145","2.202981948852539","2.202981948852539","2.202981948852539","","",""
"113","","","","2.46577787399292","2.46577787399292","2.46577787399292","2.1953723430633545","2.1953723430633545","2.1953723430633545","2.275381326675415","2.275381326675415","2.275381326675415","","",""
"114","","","","2.4772796630859375","2.4772796630859375","2.4772796630859375","2.237452983856201","2.237452983856201","2.237452983856201","2.2413747310638428","2.2413747310638428","2.2413747310638428","","",""
"115","","","","2.476621627807617","2.476621627807617","2.476621627807617","2.203899383544922","2.203899383544922","2.203899383544922","2.1511905193328857","2.1511905193328857","2.1511905193328857","","",""
"116","","","","2.4529976844787598","2.4529976844787598","2.4529976844787598","2.162456750869751","2.162456750869751","2.162456750869751","2.241330146789551","2.241330146789551","2.241330146789551","","",""
"117","","","","2.4695332050323486","2.4695332050323486","2.4695332050323486","2.237985610961914","2.237985610961914","2.237985610961914","2.198821544647217","2.198821544647217","2.198821544647217","","",""
"118","","","","2.4778695106506348","2.4778695106506348","2.4778695106506348","2.218380928039551","2.218380928039551","2.218380928039551","2.175501585006714","2.175501585006714","2.175501585006714","","",""
"119","","","","2.478360414505005","2.478360414505005","2.478360414505005","2.2083606719970703","2.2083606719970703","2.2083606719970703","2.2186849117279053","2.2186849117279053","2.2186849117279053","","",""
"120","","","","2.467027187347412","2.467027187347412","2.467027187347412","2.203883647918701","2.203883647918701","2.203883647918701","2.2258801460266113","2.2258801460266113","2.2258801460266113","","",""
"121","","","","2.4566195011138916","2.4566195011138916","2.4566195011138916","2.2282567024230957","2.2282567024230957","2.2282567024230957","2.208806276321411","2.208806276321411","2.208806276321411","","",""
"122","","","","2.458667755126953","2.458667755126953","2.458667755126953","2.17427134513855","2.17427134513855","2.17427134513855","2.2056150436401367","2.2056150436401367","2.2056150436401367","","",""
"123","","","","2.457099437713623","2.457099437713623","2.457099437713623","2.212852954864502","2.212852954864502","2.212852954864502","2.2843308448791504","2.2843308448791504","2.2843308448791504","","",""
"124","","","","2.4662890434265137","2.4662890434265137","2.4662890434265137","2.1630804538726807","2.1630804538726807","2.1630804538726807","2.2361180782318115","2.2361180782318115","2.2361180782318115","","",""
"125","","","","2.467174768447876","2.467174768447876","2.467174768447876","2.2285685539245605","2.2285685539245605","2.2285685539245605","2.2553651332855225","2.2553651332855225","2.2553651332855225","","",""
"126","","","","2.4579997062683105","2.4579997062683105","2.4579997062683105","2.1864359378814697","2.1864359378814697","2.1864359378814697","2.2549901008605957","2.2549901008605957","2.2549901008605957","","",""
"127","","","","2.4786717891693115","2.4786717891693115","2.4786717891693115","2.1363561153411865","2.1363561153411865","2.1363561153411865","2.1965880393981934","2.1965880393981934","2.1965880393981934","","",""
"128","","","","2.4687020778656006","2.4687020778656006","2.4687020778656006","2.1769542694091797","2.1769542694091797","2.1769542694091797","2.20280385017395","2.20280385017395","2.20280385017395","","",""
"129","","","","2.471796751022339","2.471796751022339","2.471796751022339","2.2125656604766846","2.2125656604766846","2.2125656604766846","2.1615183353424072","2.1615183353424072","2.1615183353424072","","",""
"130","","","","2.4718334674835205","2.4718334674835205","2.4718334674835205","2.1426005363464355","2.1426005363464355","2.1426005363464355","2.228241443634033","2.228241443634033","2.228241443634033","","",""
"131","","","","2.4667792320251465","2.4667792320251465","2.4667792320251465","2.185037851333618","2.185037851333618","2.185037851333618","2.2051172256469727","2.2051172256469727","2.2051172256469727","","",""
"132","","","","2.4528558254241943","2.4528558254241943","2.4528558254241943","2.2208337783813477","2.2208337783813477","2.2208337783813477","2.2259345054626465","2.2259345054626465","2.2259345054626465","","",""
"133","","","","2.4670567512512207","2.4670567512512207","2.4670567512512207","2.1765944957733154","2.1765944957733154","2.1765944957733154","2.193171977996826","2.193171977996826","2.193171977996826","","",""
"134","","","","2.481381893157959","2.481381893157959","2.481381893157959","2.1692631244659424","2.1692631244659424","2.1692631244659424","2.2160191535949707","2.2160191535949707","2.2160191535949707","","",""
"135","","","","2.4545717239379883","2.4545717239379883","2.4545717239379883","2.125236749649048","2.125236749649048","2.125236749649048","2.2254481315612793","2.2254481315612793","2.2254481315612793","","",""
"136","","","","2.4702045917510986","2.4702045917510986","2.4702045917510986","2.186222791671753","2.186222791671753","2.186222791671753","2.191534996032715","2.191534996032715","2.191534996032715","","",""
"137","","","","2.461212396621704","2.461212396621704","2.461212396621704","2.1255693435668945","2.1255693435668945","2.1255693435668945","2.209681749343872","2.209681749343872","2.209681749343872","","",""
"138","","","","2.4732649326324463","2.4732649326324463","2.4732649326324463","2.1833853721618652","2.1833853721618652","2.1833853721618652","2.103472948074341","2.103472948074341","2.103472948074341","","",""
"139","","","","2.467224597930908","2.467224597930908","2.467224597930908","2.1762890815734863","2.1762890815734863","2.1762890815734863","2.215822696685791","2.215822696685791","2.215822696685791","","",""
"140","","","","2.4649717807769775","2.4649717807769775","2.4649717807769775","2.182901382446289","2.182901382446289","2.182901382446289","2.2174572944641113","2.2174572944641113","2.2174572944641113","","",""
"141","","","","2.4621949195861816","2.4621949195861816","2.4621949195861816","2.1744935512542725","2.1744935512542725","2.1744935512542725","2.216961622238159","2.216961622238159","2.216961622238159","","",""
"142","","","","2.467414140701294","2.467414140701294","2.467414140701294","2.139387607574463","2.139387607574463","2.139387607574463","2.199803352355957","2.199803352355957","2.199803352355957","","",""
"143","","","","2.4524528980255127","2.4524528980255127","2.4524528980255127","2.211151361465454","2.211151361465454","2.211151361465454","2.1807804107666016","2.1807804107666016","2.1807804107666016","","",""
"144","","","","2.458094596862793","2.458094596862793","2.458094596862793","2.1182708740234375","2.1182708740234375","2.1182708740234375","2.1758522987365723","2.1758522987365723","2.1758522987365723","","",""
"145","","","","2.4504101276397705","2.4504101276397705","2.4504101276397705","2.144080400466919","2.144080400466919","2.144080400466919","2.217705726623535","2.217705726623535","2.217705726623535","","",""
"146","","","","2.4489428997039795","2.4489428997039795","2.4489428997039795","2.156428575515747","2.156428575515747","2.156428575515747","2.136216640472412","2.136216640472412","2.136216640472412","","",""
"147","","","","2.450087070465088","2.450087070465088","2.450087070465088","2.143549919128418","2.143549919128418","2.143549919128418","2.166895866394043","2.166895866394043","2.166895866394043","","",""
"148","","","","2.4538087844848633","2.4538087844848633","2.4538087844848633","2.13944935798645","2.13944935798645","2.13944935798645","2.2536778450012207","2.2536778450012207","2.2536778450012207","","",""
"149","","","","2.4473509788513184","2.4473509788513184","2.4473509788513184","2.216963291168213","2.216963291168213","2.216963291168213","2.209153413772583","2.209153413772583","2.209153413772583","","",""
"150","","","","2.436066150665283","2.436066150665283","2.436066150665283","2.154958486557007","2.154958486557007","2.154958486557007","2.2074389457702637","2.2074389457702637","2.2074389457702637","","",""
"151","","","","2.4459617137908936","2.4459617137908936","2.4459617137908936","2.1970877647399902","2.1970877647399902","2.1970877647399902","2.1283488273620605","2.1283488273620605","2.1283488273620605","","",""
"152","","","","2.4646244049072266","2.4646244049072266","2.4646244049072266","2.1840031147003174","2.1840031147003174","2.1840031147003174","2.2056145668029785","2.2056145668029785","2.2056145668029785","","",""
"153","","","","2.45914626121521","2.45914626121521","2.45914626121521","2.185290813446045","2.185290813446045","2.185290813446045","2.1988918781280518","2.1988918781280518","2.1988918781280518","","",""
"154","","","","2.4491095542907715","2.4491095542907715","2.4491095542907715","2.144268274307251","2.144268274307251","2.144268274307251","2.162996292114258","2.162996292114258","2.162996292114258","","",""
"155","","","","2.463594675064087","2.463594675064087","2.463594675064087","2.1170284748077393","2.1170284748077393","2.1170284748077393","2.1920764446258545","2.1920764446258545","2.1920764446258545","","",""
"156","","","","2.454569101333618","2.454569101333618","2.454569101333618","2.1874401569366455","2.1874401569366455","2.1874401569366455","2.1655001640319824","2.1655001640319824","2.1655001640319824","","",""
"157","","","","2.432856798171997","2.432856798171997","2.432856798171997","2.199199914932251","2.199199914932251","2.199199914932251","2.1935617923736572","2.1935617923736572","2.1935617923736572","","",""
"158","","","","2.433274507522583","2.433274507522583","2.433274507522583","2.094975471496582","2.094975471496582","2.094975471496582","2.14682674407959","2.14682674407959","2.14682674407959","","",""
"159","","","","2.45849609375","2.45849609375","2.45849609375","2.0889322757720947","2.0889322757720947","2.0889322757720947","2.158832550048828","2.158832550048828","2.158832550048828","","",""
"160","","","","2.4344303607940674","2.4344303607940674","2.4344303607940674","2.134848117828369","2.134848117828369","2.134848117828369","2.2045607566833496","2.2045607566833496","2.2045607566833496","","",""
"161","","","","2.4281253814697266","2.4281253814697266","2.4281253814697266","2.22029185295105","2.22029185295105","2.22029185295105","2.234736680984497","2.234736680984497","2.234736680984497","","",""
"162","","","","2.427710771560669","2.427710771560669","2.427710771560669","2.1572177410125732","2.1572177410125732","2.1572177410125732","2.198786497116089","2.198786497116089","2.198786497116089","","",""
"163","","","","2.438222646713257","2.438222646713257","2.438222646713257","2.174229860305786","2.174229860305786","2.174229860305786","2.209092140197754","2.209092140197754","2.209092140197754","","",""
"164","","","","2.4555916786193848","2.4555916786193848","2.4555916786193848","2.163149833679199","2.163149833679199","2.163149833679199","2.1895649433135986","2.1895649433135986","2.1895649433135986","","",""
"165","","","","2.417205333709717","2.417205333709717","2.417205333709717","2.1550488471984863","2.1550488471984863","2.1550488471984863","2.1666793823242188","2.1666793823242188","2.1666793823242188","","",""
"166","","","","2.4418351650238037","2.4418351650238037","2.4418351650238037","2.132233142852783","2.132233142852783","2.132233142852783","2.237194776535034","2.237194776535034","2.237194776535034","","",""
"167","","","","2.4563043117523193","2.4563043117523193","2.4563043117523193","2.162684679031372","2.162684679031372","2.162684679031372","2.1686463356018066","2.1686463356018066","2.1686463356018066","","",""
"168","","","","2.4520647525787354","2.4520647525787354","2.4520647525787354","2.120537281036377","2.120537281036377","2.120537281036377","2.1782257556915283","2.1782257556915283","2.1782257556915283","","",""
"169","","","","2.437413215637207","2.437413215637207","2.437413215637207","2.1031174659729004","2.1031174659729004","2.1031174659729004","2.2016265392303467","2.2016265392303467","2.2016265392303467","","",""
"170","","","","2.4328577518463135","2.4328577518463135","2.4328577518463135","2.1000874042510986","2.1000874042510986","2.1000874042510986","2.222423553466797","2.222423553466797","2.222423553466797","","",""
"171","","","","2.436711072921753","2.436711072921753","2.436711072921753","2.1058671474456787","2.1058671474456787","2.1058671474456787","2.172961711883545","2.172961711883545","2.172961711883545","","",""
"172","","","","2.4419450759887695","2.4419450759887695","2.4419450759887695","2.1345527172088623","2.1345527172088623","2.1345527172088623","2.202557325363159","2.202557325363159","2.202557325363159","","",""
"173","","","","2.4507787227630615","2.4507787227630615","2.4507787227630615","2.1566004753112793","2.1566004753112793","2.1566004753112793","2.1646485328674316","2.1646485328674316","2.1646485328674316","","",""
"174","","","","2.445422887802124","2.445422887802124","2.445422887802124","2.131357431411743","2.131357431411743","2.131357431411743","2.217780113220215","2.217780113220215","2.217780113220215","","",""
"175","","","","2.4308440685272217","2.4308440685272217","2.4308440685272217","2.153764486312866","2.153764486312866","2.153764486312866","2.1880784034729004","2.1880784034729004","2.1880784034729004","","",""
"176","","","","2.4369850158691406","2.4369850158691406","2.4369850158691406","2.170337677001953","2.170337677001953","2.170337677001953","2.173046827316284","2.173046827316284","2.173046827316284","","",""
"177","","","","2.438399076461792","2.438399076461792","2.438399076461792","2.180172920227051","2.180172920227051","2.180172920227051","2.205972194671631","2.205972194671631","2.205972194671631","","",""
"178","","","","2.474642038345337","2.474642038345337","2.474642038345337","2.1764426231384277","2.1764426231384277","2.1764426231384277","2.195242166519165","2.195242166519165","2.195242166519165","","",""
"179","","","","2.448526620864868","2.448526620864868","2.448526620864868","2.101015090942383","2.101015090942383","2.101015090942383","2.1850814819335938","2.1850814819335938","2.1850814819335938","","",""
"180","","","","2.4437496662139893","2.4437496662139893","2.4437496662139893","2.1111457347869873","2.1111457347869873","2.1111457347869873","2.2439019680023193","2.2439019680023193","2.2439019680023193","","",""
"181","","","","2.457066774368286","2.457066774368286","2.457066774368286","2.1324892044067383","2.1324892044067383","2.1324892044067383","2.247082471847534","2.247082471847534","2.247082471847534","","",""
"182","","","","2.4347453117370605","2.4347453117370605","2.4347453117370605","2.1117751598358154","2.1117751598358154","2.1117751598358154","2.198390245437622","2.198390245437622","2.198390245437622","","",""
"183","","","","2.45015549659729","2.45015549659729","2.45015549659729","2.1734769344329834","2.1734769344329834","2.1734769344329834","2.185849189758301","2.185849189758301","2.185849189758301","","",""
"184","","","","2.4233081340789795","2.4233081340789795","2.4233081340789795","2.1243622303009033","2.1243622303009033","2.1243622303009033","2.2558343410491943","2.2558343410491943","2.2558343410491943","","",""
"185","","","","2.4552550315856934","2.4552550315856934","2.4552550315856934","2.1639394760131836","2.1639394760131836","2.1639394760131836","2.1282620429992676","2.1282620429992676","2.1282620429992676","","",""
"186","","","","2.425654649734497","2.425654649734497","2.425654649734497","2.1502532958984375","2.1502532958984375","2.1502532958984375","2.1706583499908447","2.1706583499908447","2.1706583499908447","","",""
"187","","","","2.4577956199645996","2.4577956199645996","2.4577956199645996","2.168091297149658","2.168091297149658","2.168091297149658","2.1425929069519043","2.1425929069519043","2.1425929069519043","","",""
"188","","","","2.451115608215332","2.451115608215332","2.451115608215332","2.1140763759613037","2.1140763759613037","2.1140763759613037","2.2039260864257812","2.2039260864257812","2.2039260864257812","","",""
"189","","","","2.426994562149048","2.426994562149048","2.426994562149048","2.110755205154419","2.110755205154419","2.110755205154419","2.1227638721466064","2.1227638721466064","2.1227638721466064","","",""
"190","","","","2.4288687705993652","2.4288687705993652","2.4288687705993652","2.1241824626922607","2.1241824626922607","2.1241824626922607","2.113255262374878","2.113255262374878","2.113255262374878","","",""
"191","","","","2.4529871940612793","2.4529871940612793","2.4529871940612793","2.0957324504852295","2.0957324504852295","2.0957324504852295","2.1549599170684814","2.1549599170684814","2.1549599170684814","","",""
"192","","","","2.455740213394165","2.455740213394165","2.455740213394165","2.139953851699829","2.139953851699829","2.139953851699829","2.1769185066223145","2.1769185066223145","2.1769185066223145","","",""
"193","","","","2.463235855102539","2.463235855102539","2.463235855102539","2.1446197032928467","2.1446197032928467","2.1446197032928467","2.173513412475586","2.173513412475586","2.173513412475586","","",""
"194","","","","2.4447689056396484","2.4447689056396484","2.4447689056396484","2.132390022277832","2.132390022277832","2.132390022277832","2.136974811553955","2.136974811553955","2.136974811553955","","",""
"195","","","","2.454833984375","2.454833984375","2.454833984375","2.189440965652466","2.189440965652466","2.189440965652466","2.1159682273864746","2.1159682273864746","2.1159682273864746","","",""
"196","","","","2.4308252334594727","2.4308252334594727","2.4308252334594727","2.0833053588867188","2.0833053588867188","2.0833053588867188","2.153294086456299","2.153294086456299","2.153294086456299","","",""
"197","","","","2.458496570587158","2.458496570587158","2.458496570587158","2.0833053588867188","2.0833053588867188","2.0833053588867188","2.2139906883239746","2.2139906883239746","2.2139906883239746","","",""
"198","","","","2.416701078414917","2.416701078414917","2.416701078414917","2.113560676574707","2.113560676574707","2.113560676574707","2.208127498626709","2.208127498626709","2.208127498626709","","",""
"199","","","","2.4316606521606445","2.4316606521606445","2.4316606521606445","2.141263008117676","2.141263008117676","2.141263008117676","2.1317358016967773","2.1317358016967773","2.1317358016967773","","",""
"200","","","","2.4723567962646484","2.4723567962646484","2.4723567962646484","2.113806962966919","2.113806962966919","2.113806962966919","2.173464298248291","2.173464298248291","2.173464298248291","","",""