"Step","transformer-2-(bin) - val/acc_bin","transformer-2-(bin) - val/acc_bin__MIN","transformer-2-(bin) - val/acc_bin__MAX","transformer-2 - val/acc_bin","transformer-2 - val/acc_bin__MIN","transformer-2 - val/acc_bin__MAX"
"1","0.6818273663520813","0.6818273663520813","0.6818273663520813","0.40873515605926514","0.40873515605926514","0.40873515605926514"
"2","0.6708513498306274","0.6708513498306274","0.6708513498306274","0.42151665687561035","0.42151665687561035","0.42151665687561035"
"3","0.6430549621582031","0.6430549621582031","0.6430549621582031","0.47714105248451233","0.47714105248451233","0.47714105248451233"
"4","0.7255271077156067","0.7255271077156067","0.7255271077156067","0.45657920837402344","0.45657920837402344","0.45657920837402344"
"5","0.6887765526771545","0.6887765526771545","0.6887765526771545","0.4531325399875641","0.4531325399875641","0.4531325399875641"
"6","0.6806501746177673","0.6806501746177673","0.6806501746177673","0.4477972984313965","0.4477972984313965","0.4477972984313965"
"7","0.7006779909133911","0.7006779909133911","0.7006779909133911","0.4795556664466858","0.4795556664466858","0.4795556664466858"
"8","0.673169732093811","0.673169732093811","0.673169732093811","0.4855700135231018","0.4855700135231018","0.4855700135231018"
"9","0.6783521771430969","0.6783521771430969","0.6783521771430969","0.45661312341690063","0.45661312341690063","0.45661312341690063"
"10","0.6737667918205261","0.6737667918205261","0.6737667918205261","0.48617613315582275","0.48617613315582275","0.48617613315582275"
"11","0.7172113656997681","0.7172113656997681","0.7172113656997681","0.48174598813056946","0.48174598813056946","0.48174598813056946"
"12","0.7164718508720398","0.7164718508720398","0.7164718508720398","0.5086905360221863","0.5086905360221863","0.5086905360221863"
"13","0.7137876152992249","0.7137876152992249","0.7137876152992249","0.5112398862838745","0.5112398862838745","0.5112398862838745"
"14","0.70528244972229","0.70528244972229","0.70528244972229","0.5196477174758911","0.5196477174758911","0.5196477174758911"
"15","0.691382110118866","0.691382110118866","0.691382110118866","0.5015760064125061","0.5015760064125061","0.5015760064125061"
"16","0.7186985611915588","0.7186985611915588","0.7186985611915588","0.5107704401016235","0.5107704401016235","0.5107704401016235"
"17","0.7263315320014954","0.7263315320014954","0.7263315320014954","0.5632163882255554","0.5632163882255554","0.5632163882255554"
"18","0.7179580330848694","0.7179580330848694","0.7179580330848694","0.5824374556541443","0.5824374556541443","0.5824374556541443"
"19","0.6951258778572083","0.6951258778572083","0.6951258778572083","0.560377299785614","0.560377299785614","0.560377299785614"
"20","0.7150489687919617","0.7150489687919617","0.7150489687919617","0.5592011213302612","0.5592011213302612","0.5592011213302612"
"21","0.7156482934951782","0.7156482934951782","0.7156482934951782","0.5831595659255981","0.5831595659255981","0.5831595659255981"
"22","0.726883053779602","0.726883053779602","0.726883053779602","0.5881946682929993","0.5881946682929993","0.5881946682929993"
"23","0.7172719240188599","0.7172719240188599","0.7172719240188599","0.6069697141647339","0.6069697141647339","0.6069697141647339"
"24","0.7320072650909424","0.7320072650909424","0.7320072650909424","0.5986307263374329","0.5986307263374329","0.5986307263374329"
"25","0.7284003496170044","0.7284003496170044","0.7284003496170044","0.6172094345092773","0.6172094345092773","0.6172094345092773"
"26","0.7295335531234741","0.7295335531234741","0.7295335531234741","0.6488687992095947","0.6488687992095947","0.6488687992095947"
"27","0.7313172221183777","0.7313172221183777","0.7313172221183777","0.667294979095459","0.667294979095459","0.667294979095459"
"28","0.7018846273422241","0.7018846273422241","0.7018846273422241","0.6916342377662659","0.6916342377662659","0.6916342377662659"
"29","0.7216846942901611","0.7216846942901611","0.7216846942901611","0.6866521239280701","0.6866521239280701","0.6866521239280701"
"30","0.7097404599189758","0.7097404599189758","0.7097404599189758","0.6772736310958862","0.6772736310958862","0.6772736310958862"
"31","0.7107756733894348","0.7107756733894348","0.7107756733894348","0.6948849558830261","0.6948849558830261","0.6948849558830261"
"32","0.6975279450416565","0.6975279450416565","0.6975279450416565","0.6818570494651794","0.6818570494651794","0.6818570494651794"
"33","0.730398952960968","0.730398952960968","0.730398952960968","0.7046998739242554","0.7046998739242554","0.7046998739242554"
"34","0.7350640892982483","0.7350640892982483","0.7350640892982483","0.7172561883926392","0.7172561883926392","0.7172561883926392"
"35","0.7369259595870972","0.7369259595870972","0.7369259595870972","0.7329183220863342","0.7329183220863342","0.7329183220863342"
"36","0.7394194006919861","0.7394194006919861","0.7394194006919861","0.7256215810775757","0.7256215810775757","0.7256215810775757"
"37","0.7502493858337402","0.7502493858337402","0.7502493858337402","0.7090073227882385","0.7090073227882385","0.7090073227882385"
"38","0.7396746277809143","0.7396746277809143","0.7396746277809143","0.7121009826660156","0.7121009826660156","0.7121009826660156"
"39","0.7027347683906555","0.7027347683906555","0.7027347683906555","0.7047091722488403","0.7047091722488403","0.7047091722488403"
"40","0.6969693899154663","0.6969693899154663","0.6969693899154663","0.7019981145858765","0.7019981145858765","0.7019981145858765"
"41","0.7310106754302979","0.7310106754302979","0.7310106754302979","0.6986773610115051","0.6986773610115051","0.6986773610115051"
"42","0.7595356106758118","0.7595356106758118","0.7595356106758118","0.7165934443473816","0.7165934443473816","0.7165934443473816"
"43","0.726416826248169","0.726416826248169","0.726416826248169","0.7431157231330872","0.7431157231330872","0.7431157231330872"
"44","0.7215967774391174","0.7215967774391174","0.7215967774391174","0.7424038648605347","0.7424038648605347","0.7424038648605347"
"45","0.7308148741722107","0.7308148741722107","0.7308148741722107","0.7362351417541504","0.7362351417541504","0.7362351417541504"
"46","0.7428576946258545","0.7428576946258545","0.7428576946258545","0.7382908463478088","0.7382908463478088","0.7382908463478088"
"47","0.7430664896965027","0.7430664896965027","0.7430664896965027","0.7411587834358215","0.7411587834358215","0.7411587834358215"
"48","0.7282808423042297","0.7282808423042297","0.7282808423042297","0.7439956068992615","0.7439956068992615","0.7439956068992615"
"49","0.7295497059822083","0.7295497059822083","0.7295497059822083","0.7389926910400391","0.7389926910400391","0.7389926910400391"
"50","0.7330161333084106","0.7330161333084106","0.7330161333084106","0.7498160004615784","0.7498160004615784","0.7498160004615784"
"51","0.7452132105827332","0.7452132105827332","0.7452132105827332","0.7425892949104309","0.7425892949104309","0.7425892949104309"
"52","0.7375239133834839","0.7375239133834839","0.7375239133834839","0.7253761291503906","0.7253761291503906","0.7253761291503906"
"53","0.7382482290267944","0.7382482290267944","0.7382482290267944","0.7400157451629639","0.7400157451629639","0.7400157451629639"
"54","0.7321401238441467","0.7321401238441467","0.7321401238441467","0.7468410730361938","0.7468410730361938","0.7468410730361938"
"55","0.7361547350883484","0.7361547350883484","0.7361547350883484","0.750749409198761","0.750749409198761","0.750749409198761"
"56","0.7489157319068909","0.7489157319068909","0.7489157319068909","0.7493829131126404","0.7493829131126404","0.7493829131126404"
"57","0.7494223117828369","0.7494223117828369","0.7494223117828369","0.7559098601341248","0.7559098601341248","0.7559098601341248"
"58","0.7460840344429016","0.7460840344429016","0.7460840344429016","0.7478107810020447","0.7478107810020447","0.7478107810020447"
"59","0.7534291744232178","0.7534291744232178","0.7534291744232178","0.754843533039093","0.754843533039093","0.754843533039093"
"60","0.7532202005386353","0.7532202005386353","0.7532202005386353","0.7492047548294067","0.7492047548294067","0.7492047548294067"
"61","0.7474392652511597","0.7474392652511597","0.7474392652511597","0.7500448822975159","0.7500448822975159","0.7500448822975159"
"62","0.7541454434394836","0.7541454434394836","0.7541454434394836","0.742579460144043","0.742579460144043","0.742579460144043"
"63","0.7531102299690247","0.7531102299690247","0.7531102299690247","0.7347791194915771","0.7347791194915771","0.7347791194915771"
"64","0.7530003786087036","0.7530003786087036","0.7530003786087036","0.7541661858558655","0.7541661858558655","0.7541661858558655"
"65","0.75938481092453","0.75938481092453","0.75938481092453","0.7412685751914978","0.7412685751914978","0.7412685751914978"
"66","0.7657434344291687","0.7657434344291687","0.7657434344291687","0.7302457690238953","0.7302457690238953","0.7302457690238953"
"67","0.7632409930229187","0.7632409930229187","0.7632409930229187","0.759721040725708","0.759721040725708","0.759721040725708"
"68","0.7583699226379395","0.7583699226379395","0.7583699226379395","0.7328571677207947","0.7328571677207947","0.7328571677207947"
"69","0.7360657453536987","0.7360657453536987","0.7360657453536987","0.7247537970542908","0.7247537970542908","0.7247537970542908"
"70","0.7645664215087891","0.7645664215087891","0.7645664215087891","0.7322621941566467","0.7322621941566467","0.7322621941566467"
"71","0.7692630290985107","0.7692630290985107","0.7692630290985107","0.7492902874946594","0.7492902874946594","0.7492902874946594"
"72","0.7395423650741577","0.7395423650741577","0.7395423650741577","0.7350489497184753","0.7350489497184753","0.7350489497184753"
"73","0.7353138327598572","0.7353138327598572","0.7353138327598572","0.7350540161132812","0.7350540161132812","0.7350540161132812"
"74","0.7288669943809509","0.7288669943809509","0.7288669943809509","0.7425431609153748","0.7425431609153748","0.7425431609153748"
"75","0.7370445728302002","0.7370445728302002","0.7370445728302002","0.7429929971694946","0.7429929971694946","0.7429929971694946"
"76","0.7664003968238831","0.7664003968238831","0.7664003968238831","0.7263915538787842","0.7263915538787842","0.7263915538787842"
"77","0.7493979930877686","0.7493979930877686","0.7493979930877686","0.7362347841262817","0.7362347841262817","0.7362347841262817"
"78","0.7490325570106506","0.7490325570106506","0.7490325570106506","0.7416619658470154","0.7416619658470154","0.7416619658470154"
"79","0.7376324534416199","0.7376324534416199","0.7376324534416199","0.730221688747406","0.730221688747406","0.730221688747406"
"80","0.7337087988853455","0.7337087988853455","0.7337087988853455","0.7317417860031128","0.7317417860031128","0.7317417860031128"
"81","0.7328592538833618","0.7328592538833618","0.7328592538833618","0.7451760172843933","0.7451760172843933","0.7451760172843933"
"82","0.7437134385108948","0.7437134385108948","0.7437134385108948","0.7280405163764954","0.7280405163764954","0.7280405163764954"
"83","0.7691296339035034","0.7691296339035034","0.7691296339035034","0.7406688928604126","0.7406688928604126","0.7406688928604126"
"84","0.7494007349014282","0.7494007349014282","0.7494007349014282","0.7447899580001831","0.7447899580001831","0.7447899580001831"
"85","0.7402485013008118","0.7402485013008118","0.7402485013008118","0.7273381948471069","0.7273381948471069","0.7273381948471069"
"86","0.7328070998191833","0.7328070998191833","0.7328070998191833","0.7317529916763306","0.7317529916763306","0.7317529916763306"
"87","0.7412422299385071","0.7412422299385071","0.7412422299385071","0.7607010006904602","0.7607010006904602","0.7607010006904602"
"88","0.7471319437026978","0.7471319437026978","0.7471319437026978","0.751301109790802","0.751301109790802","0.751301109790802"
"89","0.7414627075195312","0.7414627075195312","0.7414627075195312","0.744981586933136","0.744981586933136","0.744981586933136"
"90","0.7308929562568665","0.7308929562568665","0.7308929562568665","0.7495126128196716","0.7495126128196716","0.7495126128196716"
"91","0.7429656386375427","0.7429656386375427","0.7429656386375427","0.7403031587600708","0.7403031587600708","0.7403031587600708"
"92","0.759100079536438","0.759100079536438","0.759100079536438","0.7470592856407166","0.7470592856407166","0.7470592856407166"
"93","0.7566468119621277","0.7566468119621277","0.7566468119621277","0.7574844360351562","0.7574844360351562","0.7574844360351562"
"94","0.7373371124267578","0.7373371124267578","0.7373371124267578","0.7517426609992981","0.7517426609992981","0.7517426609992981"
"95","0.74075847864151","0.74075847864151","0.74075847864151","0.7455664277076721","0.7455664277076721","0.7455664277076721"
"96","0.7339597344398499","0.7339597344398499","0.7339597344398499","0.7417692542076111","0.7417692542076111","0.7417692542076111"
"97","0.7272340059280396","0.7272340059280396","0.7272340059280396","0.748586118221283","0.748586118221283","0.748586118221283"
"98","0.734131395816803","0.734131395816803","0.734131395816803","0.7389726638793945","0.7389726638793945","0.7389726638793945"
"99","0.7583861947059631","0.7583861947059631","0.7583861947059631","0.7458608746528625","0.7458608746528625","0.7458608746528625"
"100","0.7539950609207153","0.7539950609207153","0.7539950609207153","0.754808247089386","0.754808247089386","0.754808247089386"
"101","0.7385762929916382","0.7385762929916382","0.7385762929916382","0.7587296962738037","0.7587296962738037","0.7587296962738037"
"102","0.7301728129386902","0.7301728129386902","0.7301728129386902","0.7582056522369385","0.7582056522369385","0.7582056522369385"
"103","0.7564679384231567","0.7564679384231567","0.7564679384231567","0.7546848058700562","0.7546848058700562","0.7546848058700562"
"104","0.7546559572219849","0.7546559572219849","0.7546559572219849","0.7424451112747192","0.7424451112747192","0.7424451112747192"
"105","0.7357717752456665","0.7357717752456665","0.7357717752456665","0.7597880959510803","0.7597880959510803","0.7597880959510803"
"106","0.7325558066368103","0.7325558066368103","0.7325558066368103","0.7503870725631714","0.7503870725631714","0.7503870725631714"
"107","0.7322381138801575","0.7322381138801575","0.7322381138801575","0.7425200343132019","0.7425200343132019","0.7425200343132019"
"108","0.7301241755485535","0.7301241755485535","0.7301241755485535","0.7533347606658936","0.7533347606658936","0.7533347606658936"
"109","0.7307124137878418","0.7307124137878418","0.7307124137878418","0.7553572654724121","0.7553572654724121","0.7553572654724121"
"110","0.7498111724853516","0.7498111724853516","0.7498111724853516","0.748651385307312","0.748651385307312","0.748651385307312"
"111","0.7504906058311462","0.7504906058311462","0.7504906058311462","0.7644752264022827","0.7644752264022827","0.7644752264022827"
"112","0.7466248273849487","0.7466248273849487","0.7466248273849487","0.7513459324836731","0.7513459324836731","0.7513459324836731"
"113","0.7254101634025574","0.7254101634025574","0.7254101634025574","0.7589638233184814","0.7589638233184814","0.7589638233184814"
"114","0.725033164024353","0.725033164024353","0.725033164024353","0.7327403426170349","0.7327403426170349","0.7327403426170349"
"115","0.7224398851394653","0.7224398851394653","0.7224398851394653","0.726509153842926","0.726509153842926","0.726509153842926"
"116","0.7302820682525635","0.7302820682525635","0.7302820682525635","0.7631348967552185","0.7631348967552185","0.7631348967552185"
"117","0.7262082695960999","0.7262082695960999","0.7262082695960999","0.7483989596366882","0.7483989596366882","0.7483989596366882"
"118","0.7238799333572388","0.7238799333572388","0.7238799333572388","0.7411113381385803","0.7411113381385803","0.7411113381385803"
"119","0.7470939755439758","0.7470939755439758","0.7470939755439758","0.7639048099517822","0.7639048099517822","0.7639048099517822"
"120","0.7537036538124084","0.7537036538124084","0.7537036538124084","0.7320399284362793","0.7320399284362793","0.7320399284362793"
"121","0.7483505010604858","0.7483505010604858","0.7483505010604858","0.7415137887001038","0.7415137887001038","0.7415137887001038"
"122","0.7254365682601929","0.7254365682601929","0.7254365682601929","0.7632966637611389","0.7632966637611389","0.7632966637611389"
"123","0.7120822072029114","0.7120822072029114","0.7120822072029114","0.7603530287742615","0.7603530287742615","0.7603530287742615"
"124","0.7360487580299377","0.7360487580299377","0.7360487580299377","0.7411560416221619","0.7411560416221619","0.7411560416221619"
"125","0.7401686906814575","0.7401686906814575","0.7401686906814575","0.7388381958007812","0.7388381958007812","0.7388381958007812"
"126","0.7506798505783081","0.7506798505783081","0.7506798505783081","0.7609816193580627","0.7609816193580627","0.7609816193580627"
"127","0.711723268032074","0.711723268032074","0.711723268032074","0.7397543787956238","0.7397543787956238","0.7397543787956238"
"128","0.7198179364204407","0.7198179364204407","0.7198179364204407","0.7447499632835388","0.7447499632835388","0.7447499632835388"
"129","0.7385465502738953","0.7385465502738953","0.7385465502738953","0.7457653284072876","0.7457653284072876","0.7457653284072876"
"130","0.7359638214111328","0.7359638214111328","0.7359638214111328","0.7472946643829346","0.7472946643829346","0.7472946643829346"
"131","0.7387544512748718","0.7387544512748718","0.7387544512748718","0.7441154718399048","0.7441154718399048","0.7441154718399048"
"132","0.7406774163246155","0.7406774163246155","0.7406774163246155","0.7622852921485901","0.7622852921485901","0.7622852921485901"
"133","0.7615655660629272","0.7615655660629272","0.7615655660629272","0.7473978400230408","0.7473978400230408","0.7473978400230408"
"134","0.7141814827919006","0.7141814827919006","0.7141814827919006","0.7403249144554138","0.7403249144554138","0.7403249144554138"
"135","0.7114552855491638","0.7114552855491638","0.7114552855491638","0.7509778738021851","0.7509778738021851","0.7509778738021851"
"136","0.7281925678253174","0.7281925678253174","0.7281925678253174","0.7356058359146118","0.7356058359146118","0.7356058359146118"
"137","0.7513533234596252","0.7513533234596252","0.7513533234596252","0.744381844997406","0.744381844997406","0.744381844997406"
"138","0.7512577176094055","0.7512577176094055","0.7512577176094055","0.7429335713386536","0.7429335713386536","0.7429335713386536"
"139","0.7491079568862915","0.7491079568862915","0.7491079568862915","0.7437757253646851","0.7437757253646851","0.7437757253646851"
"140","0.7286597490310669","0.7286597490310669","0.7286597490310669","0.7490081191062927","0.7490081191062927","0.7490081191062927"
"141","0.7305095195770264","0.7305095195770264","0.7305095195770264","0.7420260906219482","0.7420260906219482","0.7420260906219482"
"142","0.7522475719451904","0.7522475719451904","0.7522475719451904","0.7442417740821838","0.7442417740821838","0.7442417740821838"
"143","0.7608778476715088","0.7608778476715088","0.7608778476715088","0.7618085741996765","0.7618085741996765","0.7618085741996765"
"144","0.7308984994888306","0.7308984994888306","0.7308984994888306","0.7395807504653931","0.7395807504653931","0.7395807504653931"
"145","0.7333114743232727","0.7333114743232727","0.7333114743232727","0.7364950180053711","0.7364950180053711","0.7364950180053711"
"146","0.7525724768638611","0.7525724768638611","0.7525724768638611","0.7382276654243469","0.7382276654243469","0.7382276654243469"
"147","0.7325485944747925","0.7325485944747925","0.7325485944747925","0.7315548658370972","0.7315548658370972","0.7315548658370972"
"148","0.7333549857139587","0.7333549857139587","0.7333549857139587","0.7629135847091675","0.7629135847091675","0.7629135847091675"
"149","0.7380576729774475","0.7380576729774475","0.7380576729774475","0.7362715005874634","0.7362715005874634","0.7362715005874634"
"150","0.7371678948402405","0.7371678948402405","0.7371678948402405","0.7364423274993896","0.7364423274993896","0.7364423274993896"
"151","0.7385514974594116","0.7385514974594116","0.7385514974594116","0.7392598986625671","0.7392598986625671","0.7392598986625671"
"152","0.7369540333747864","0.7369540333747864","0.7369540333747864","0.7442430853843689","0.7442430853843689","0.7442430853843689"
"153","0.7394511699676514","0.7394511699676514","0.7394511699676514","0.7411007285118103","0.7411007285118103","0.7411007285118103"
"154","0.7407091856002808","0.7407091856002808","0.7407091856002808","0.7620450258255005","0.7620450258255005","0.7620450258255005"
"155","0.7437626719474792","0.7437626719474792","0.7437626719474792","0.7454034686088562","0.7454034686088562","0.7454034686088562"
"156","0.7619479298591614","0.7619479298591614","0.7619479298591614","0.7634726762771606","0.7634726762771606","0.7634726762771606"
"157","0.7469096779823303","0.7469096779823303","0.7469096779823303","0.7431338429450989","0.7431338429450989","0.7431338429450989"
"158","0.7452312111854553","0.7452312111854553","0.7452312111854553","0.7569738626480103","0.7569738626480103","0.7569738626480103"
"159","0.7286544442176819","0.7286544442176819","0.7286544442176819","0.7660894989967346","0.7660894989967346","0.7660894989967346"
"160","0.7266964912414551","0.7266964912414551","0.7266964912414551","0.7553156614303589","0.7553156614303589","0.7553156614303589"
"161","0.7320242524147034","0.7320242524147034","0.7320242524147034","0.7637460827827454","0.7637460827827454","0.7637460827827454"
"162","0.7497410774230957","0.7497410774230957","0.7497410774230957","0.7313640117645264","0.7313640117645264","0.7313640117645264"
"163","0.7489446997642517","0.7489446997642517","0.7489446997642517","0.7662826180458069","0.7662826180458069","0.7662826180458069"
"164","0.7310013771057129","0.7310013771057129","0.7310013771057129","0.7383256554603577","0.7383256554603577","0.7383256554603577"
"165","0.743940532207489","0.743940532207489","0.743940532207489","0.757965087890625","0.757965087890625","0.757965087890625"
"166","0.748905599117279","0.748905599117279","0.748905599117279","0.7466155886650085","0.7466155886650085","0.7466155886650085"
"167","0.7492809295654297","0.7492809295654297","0.7492809295654297","0.740048885345459","0.740048885345459","0.740048885345459"
"168","0.738109290599823","0.738109290599823","0.738109290599823","0.7619013786315918","0.7619013786315918","0.7619013786315918"
"169","0.7373012900352478","0.7373012900352478","0.7373012900352478","0.7559381127357483","0.7559381127357483","0.7559381127357483"
"170","0.737454354763031","0.737454354763031","0.737454354763031","0.7449617385864258","0.7449617385864258","0.7449617385864258"
"171","0.7495687007904053","0.7495687007904053","0.7495687007904053","0.7487937211990356","0.7487937211990356","0.7487937211990356"
"172","0.7485803365707397","0.7485803365707397","0.7485803365707397","0.7442117929458618","0.7442117929458618","0.7442117929458618"
"173","0.7432111501693726","0.7432111501693726","0.7432111501693726","0.7286398410797119","0.7286398410797119","0.7286398410797119"
"174","0.741969108581543","0.741969108581543","0.741969108581543","0.7693135738372803","0.7693135738372803","0.7693135738372803"
"175","0.7408754825592041","0.7408754825592041","0.7408754825592041","0.7403853535652161","0.7403853535652161","0.7403853535652161"
"176","0.741431713104248","0.741431713104248","0.741431713104248","0.7591579556465149","0.7591579556465149","0.7591579556465149"
"177","0.7407078146934509","0.7407078146934509","0.7407078146934509","0.7452301383018494","0.7452301383018494","0.7452301383018494"
"178","0.7404798865318298","0.7404798865318298","0.7404798865318298","0.7582747340202332","0.7582747340202332","0.7582747340202332"
"179","0.742817223072052","0.742817223072052","0.742817223072052","0.744762659072876","0.744762659072876","0.744762659072876"
"180","0.7425786256790161","0.7425786256790161","0.7425786256790161","0.7582376003265381","0.7582376003265381","0.7582376003265381"
"181","0.743665874004364","0.743665874004364","0.743665874004364","0.7601498365402222","0.7601498365402222","0.7601498365402222"
"182","0.741937518119812","0.741937518119812","0.741937518119812","0.7554265856742859","0.7554265856742859","0.7554265856742859"
"183","0.7430813312530518","0.7430813312530518","0.7430813312530518","0.7601110339164734","0.7601110339164734","0.7601110339164734"
"184","0.7434977293014526","0.7434977293014526","0.7434977293014526","0.731491208076477","0.731491208076477","0.731491208076477"
"185","0.7438888549804688","0.7438888549804688","0.7438888549804688","0.7654927372932434","0.7654927372932434","0.7654927372932434"
"186","0.7438353896141052","0.7438353896141052","0.7438353896141052","0.7331393957138062","0.7331393957138062","0.7331393957138062"
"187","0.7435276508331299","0.7435276508331299","0.7435276508331299","0.7621066570281982","0.7621066570281982","0.7621066570281982"
"188","0.7440611720085144","0.7440611720085144","0.7440611720085144","0.7576831579208374","0.7576831579208374","0.7576831579208374"
"189","0.7436470985412598","0.7436470985412598","0.7436470985412598","0.7583627700805664","0.7583627700805664","0.7583627700805664"
"190","0.7455161213874817","0.7455161213874817","0.7455161213874817","0.7685076594352722","0.7685076594352722","0.7685076594352722"
"191","0.7451823353767395","0.7451823353767395","0.7451823353767395","0.7387028336524963","0.7387028336524963","0.7387028336524963"
"192","0.7407240271568298","0.7407240271568298","0.7407240271568298","0.7461236715316772","0.7461236715316772","0.7461236715316772"
"193","0.7445325255393982","0.7445325255393982","0.7445325255393982","0.7686933875083923","0.7686933875083923","0.7686933875083923"
"194","0.7453943490982056","0.7453943490982056","0.7453943490982056","0.729613721370697","0.729613721370697","0.729613721370697"
"195","0.7453477382659912","0.7453477382659912","0.7453477382659912","0.756991982460022","0.756991982460022","0.756991982460022"
"196","0.7446702122688293","0.7446702122688293","0.7446702122688293","0.7589085698127747","0.7589085698127747","0.7589085698127747"
"197","0.7453368902206421","0.7453368902206421","0.7453368902206421","0.7425886392593384","0.7425886392593384","0.7425886392593384"
"198","0.7456884980201721","0.7456884980201721","0.7456884980201721","0.7615149021148682","0.7615149021148682","0.7615149021148682"
"199","0.7454677224159241","0.7454677224159241","0.7454677224159241","0.7580636143684387","0.7580636143684387","0.7580636143684387"
"200","0.7452950477600098","0.7452950477600098","0.7452950477600098","0.7442919015884399","0.7442919015884399","0.7442919015884399"
"201","0.7459934949874878","0.7459934949874878","0.7459934949874878","0.737639307975769","0.737639307975769","0.737639307975769"
"202","0.74021315574646","0.74021315574646","0.74021315574646","0.7618042826652527","0.7618042826652527","0.7618042826652527"
"203","0.7418500185012817","0.7418500185012817","0.7418500185012817","0.7536613345146179","0.7536613345146179","0.7536613345146179"
"204","0.7419725656509399","0.7419725656509399","0.7419725656509399","0.7607213854789734","0.7607213854789734","0.7607213854789734"
"205","0.7411201596260071","0.7411201596260071","0.7411201596260071","0.7732900977134705","0.7732900977134705","0.7732900977134705"
"206","0.7424389719963074","0.7424389719963074","0.7424389719963074","0.7548641562461853","0.7548641562461853","0.7548641562461853"
"207","0.7454949617385864","0.7454949617385864","0.7454949617385864","0.7662472128868103","0.7662472128868103","0.7662472128868103"
"208","0.7471299767494202","0.7471299767494202","0.7471299767494202","0.778408408164978","0.778408408164978","0.778408408164978"
"209","0.7442528009414673","0.7442528009414673","0.7442528009414673","0.7481949329376221","0.7481949329376221","0.7481949329376221"
"210","0.7433601021766663","0.7433601021766663","0.7433601021766663","0.7708232998847961","0.7708232998847961","0.7708232998847961"
"211","0.7462562322616577","0.7462562322616577","0.7462562322616577","0.7574818730354309","0.7574818730354309","0.7574818730354309"
"212","0.7429656982421875","0.7429656982421875","0.7429656982421875","0.7563188672065735","0.7563188672065735","0.7563188672065735"
"213","0.74396812915802","0.74396812915802","0.74396812915802","0.769824743270874","0.769824743270874","0.769824743270874"
"214","0.7437718510627747","0.7437718510627747","0.7437718510627747","0.7385567426681519","0.7385567426681519","0.7385567426681519"
"215","0.7482755184173584","0.7482755184173584","0.7482755184173584","0.7564915418624878","0.7564915418624878","0.7564915418624878"
"216","0.7479165196418762","0.7479165196418762","0.7479165196418762","0.7464805841445923","0.7464805841445923","0.7464805841445923"
"217","0.7452065348625183","0.7452065348625183","0.7452065348625183","0.7394382953643799","0.7394382953643799","0.7394382953643799"
"218","0.7473539710044861","0.7473539710044861","0.7473539710044861","0.7704836130142212","0.7704836130142212","0.7704836130142212"
"219","0.7462192177772522","0.7462192177772522","0.7462192177772522","0.758782684803009","0.758782684803009","0.758782684803009"
"220","0.7456096410751343","0.7456096410751343","0.7456096410751343","0.7665631175041199","0.7665631175041199","0.7665631175041199"
"221","0.7442716956138611","0.7442716956138611","0.7442716956138611","0.7669274210929871","0.7669274210929871","0.7669274210929871"
"222","0.7482806444168091","0.7482806444168091","0.7482806444168091","0.7437412142753601","0.7437412142753601","0.7437412142753601"
"223","0.749258279800415","0.749258279800415","0.749258279800415","0.7537183165550232","0.7537183165550232","0.7537183165550232"
"224","0.7489361763000488","0.7489361763000488","0.7489361763000488","0.7609923481941223","0.7609923481941223","0.7609923481941223"
"225","0.7485339641571045","0.7485339641571045","0.7485339641571045","0.742108166217804","0.742108166217804","0.742108166217804"
"226","0.7375534176826477","0.7375534176826477","0.7375534176826477","0.7680378556251526","0.7680378556251526","0.7680378556251526"
"227","0.7464243173599243","0.7464243173599243","0.7464243173599243","0.7660714983940125","0.7660714983940125","0.7660714983940125"
"228","0.7508165836334229","0.7508165836334229","0.7508165836334229","0.7651867270469666","0.7651867270469666","0.7651867270469666"
"229","0.7479224801063538","0.7479224801063538","0.7479224801063538","0.7434241771697998","0.7434241771697998","0.7434241771697998"
"230","0.7486482262611389","0.7486482262611389","0.7486482262611389","0.7660815715789795","0.7660815715789795","0.7660815715789795"
"231","0.7451163530349731","0.7451163530349731","0.7451163530349731","0.7393193244934082","0.7393193244934082","0.7393193244934082"
"232","0.7467638254165649","0.7467638254165649","0.7467638254165649","0.7647197246551514","0.7647197246551514","0.7647197246551514"
"233","0.7462199330329895","0.7462199330329895","0.7462199330329895","0.737707793712616","0.737707793712616","0.737707793712616"
"234","0.7487502098083496","0.7487502098083496","0.7487502098083496","0.7722382545471191","0.7722382545471191","0.7722382545471191"
"235","0.7518877983093262","0.7518877983093262","0.7518877983093262","0.744730532169342","0.744730532169342","0.744730532169342"
"236","0.7492165565490723","0.7492165565490723","0.7492165565490723","0.7703936100006104","0.7703936100006104","0.7703936100006104"
"237","0.7511889338493347","0.7511889338493347","0.7511889338493347","0.7635509967803955","0.7635509967803955","0.7635509967803955"
"238","0.7504442930221558","0.7504442930221558","0.7504442930221558","0.7525786757469177","0.7525786757469177","0.7525786757469177"
"239","0.751723051071167","0.751723051071167","0.751723051071167","0.7639069557189941","0.7639069557189941","0.7639069557189941"
"240","0.7450308799743652","0.7450308799743652","0.7450308799743652","0.7542003393173218","0.7542003393173218","0.7542003393173218"
"241","0.7340847849845886","0.7340847849845886","0.7340847849845886","0.7373568415641785","0.7373568415641785","0.7373568415641785"
"242","0.7383954524993896","0.7383954524993896","0.7383954524993896","0.7680209875106812","0.7680209875106812","0.7680209875106812"
"243","0.7462847232818604","0.7462847232818604","0.7462847232818604","0.7644861936569214","0.7644861936569214","0.7644861936569214"
"244","0.7435872554779053","0.7435872554779053","0.7435872554779053","0.7747678160667419","0.7747678160667419","0.7747678160667419"
"245","0.7524446845054626","0.7524446845054626","0.7524446845054626","0.7466694712638855","0.7466694712638855","0.7466694712638855"
"246","0.7507851123809814","0.7507851123809814","0.7507851123809814","0.773811399936676","0.773811399936676","0.773811399936676"
"247","0.743097722530365","0.743097722530365","0.743097722530365","0.7654837369918823","0.7654837369918823","0.7654837369918823"
"248","0.7414101362228394","0.7414101362228394","0.7414101362228394","0.7483369708061218","0.7483369708061218","0.7483369708061218"
"249","0.7416468262672424","0.7416468262672424","0.7416468262672424","0.776790976524353","0.776790976524353","0.776790976524353"
"250","0.740075409412384","0.740075409412384","0.740075409412384","0.7396733164787292","0.7396733164787292","0.7396733164787292"
"251","0.7509014010429382","0.7509014010429382","0.7509014010429382","0.7582100033760071","0.7582100033760071","0.7582100033760071"
"252","0.7507031559944153","0.7507031559944153","0.7507031559944153","0.7622550129890442","0.7622550129890442","0.7622550129890442"
"253","0.7505149245262146","0.7505149245262146","0.7505149245262146","0.7645506858825684","0.7645506858825684","0.7645506858825684"
"254","0.74339359998703","0.74339359998703","0.74339359998703","0.7463220953941345","0.7463220953941345","0.7463220953941345"
"255","0.744306206703186","0.744306206703186","0.744306206703186","0.7522557973861694","0.7522557973861694","0.7522557973861694"
"256","0.7495222687721252","0.7495222687721252","0.7495222687721252","0.772935152053833","0.772935152053833","0.772935152053833"
"257","0.7495216131210327","0.7495216131210327","0.7495216131210327","0.7597693800926208","0.7597693800926208","0.7597693800926208"
"258","0.7483277320861816","0.7483277320861816","0.7483277320861816","0.7691031098365784","0.7691031098365784","0.7691031098365784"
"259","0.7505305409431458","0.7505305409431458","0.7505305409431458","0.7467003464698792","0.7467003464698792","0.7467003464698792"
"260","0.7502877116203308","0.7502877116203308","0.7502877116203308","0.7684594392776489","0.7684594392776489","0.7684594392776489"
"261","0.7446900606155396","0.7446900606155396","0.7446900606155396","0.7453476190567017","0.7453476190567017","0.7453476190567017"
"262","0.7474859952926636","0.7474859952926636","0.7474859952926636","0.7383531332015991","0.7383531332015991","0.7383531332015991"
"263","0.7499255537986755","0.7499255537986755","0.7499255537986755","0.7655372023582458","0.7655372023582458","0.7655372023582458"
"264","0.7448718547821045","0.7448718547821045","0.7448718547821045","0.7552069425582886","0.7552069425582886","0.7552069425582886"
"265","0.7457672357559204","0.7457672357559204","0.7457672357559204","0.763426661491394","0.763426661491394","0.763426661491394"
"266","0.748217761516571","0.748217761516571","0.748217761516571","0.7505669593811035","0.7505669593811035","0.7505669593811035"
"267","0.7407078146934509","0.7407078146934509","0.7407078146934509","0.7577085494995117","0.7577085494995117","0.7577085494995117"
"268","0.7454032897949219","0.7454032897949219","0.7454032897949219","0.7739363312721252","0.7739363312721252","0.7739363312721252"
"269","0.7445158362388611","0.7445158362388611","0.7445158362388611","0.7697603702545166","0.7697603702545166","0.7697603702545166"
"270","0.7472595572471619","0.7472595572471619","0.7472595572471619","0.7750021815299988","0.7750021815299988","0.7750021815299988"
"271","0.7512025237083435","0.7512025237083435","0.7512025237083435","0.7470870614051819","0.7470870614051819","0.7470870614051819"
"272","0.7456049919128418","0.7456049919128418","0.7456049919128418","0.7801725268363953","0.7801725268363953","0.7801725268363953"
"273","0.7451291680335999","0.7451291680335999","0.7451291680335999","0.7456713318824768","0.7456713318824768","0.7456713318824768"
"274","0.7402403950691223","0.7402403950691223","0.7402403950691223","0.7689003944396973","0.7689003944396973","0.7689003944396973"
"275","0.7433107495307922","0.7433107495307922","0.7433107495307922","0.7559838891029358","0.7559838891029358","0.7559838891029358"
"276","0.7449120283126831","0.7449120283126831","0.7449120283126831","0.7693979740142822","0.7693979740142822","0.7693979740142822"
"277","0.7508310079574585","0.7508310079574585","0.7508310079574585","0.7417688369750977","0.7417688369750977","0.7417688369750977"
"278","0.7613288760185242","0.7613288760185242","0.7613288760185242","0.7668372392654419","0.7668372392654419","0.7668372392654419"
"279","0.7647269368171692","0.7647269368171692","0.7647269368171692","0.7252374291419983","0.7252374291419983","0.7252374291419983"
"280","0.7494961023330688","0.7494961023330688","0.7494961023330688","0.7745505571365356","0.7745505571365356","0.7745505571365356"
"281","0.7502091526985168","0.7502091526985168","0.7502091526985168","0.7379895448684692","0.7379895448684692","0.7379895448684692"
"282","0.7632629871368408","0.7632629871368408","0.7632629871368408","0.7809428572654724","0.7809428572654724","0.7809428572654724"
"283","0.763270914554596","0.763270914554596","0.763270914554596","0.7693295478820801","0.7693295478820801","0.7693295478820801"
"284","0.7490581274032593","0.7490581274032593","0.7490581274032593","0.732799232006073","0.732799232006073","0.732799232006073"
"285","0.7481523752212524","0.7481523752212524","0.7481523752212524","0.7673500180244446","0.7673500180244446","0.7673500180244446"
"286","0.7621312737464905","0.7621312737464905","0.7621312737464905","0.7723453044891357","0.7723453044891357","0.7723453044891357"
"287","0.7458511590957642","0.7458511590957642","0.7458511590957642","0.7563521862030029","0.7563521862030029","0.7563521862030029"
"288","0.7404189705848694","0.7404189705848694","0.7404189705848694","0.7656608819961548","0.7656608819961548","0.7656608819961548"
"289","0.7368449568748474","0.7368449568748474","0.7368449568748474","0.7440525889396667","0.7440525889396667","0.7440525889396667"
"290","0.7409403324127197","0.7409403324127197","0.7409403324127197","0.7562261819839478","0.7562261819839478","0.7562261819839478"
"291","0.7423595190048218","0.7423595190048218","0.7423595190048218","0.7654036283493042","0.7654036283493042","0.7654036283493042"
"292","0.7346624135971069","0.7346624135971069","0.7346624135971069","0.7522561550140381","0.7522561550140381","0.7522561550140381"
"293","0.7340855598449707","0.7340855598449707","0.7340855598449707","0.7720605134963989","0.7720605134963989","0.7720605134963989"
"294","0.7351959943771362","0.7351959943771362","0.7351959943771362","0.7651712894439697","0.7651712894439697","0.7651712894439697"
"295","0.738971471786499","0.738971471786499","0.738971471786499","0.7731874585151672","0.7731874585151672","0.7731874585151672"
"296","0.7441005110740662","0.7441005110740662","0.7441005110740662","0.7493448853492737","0.7493448853492737","0.7493448853492737"
"297","0.745404064655304","0.745404064655304","0.745404064655304","0.7773087024688721","0.7773087024688721","0.7773087024688721"
"298","0.7637887597084045","0.7637887597084045","0.7637887597084045","0.7674923539161682","0.7674923539161682","0.7674923539161682"
"299","0.7623918652534485","0.7623918652534485","0.7623918652534485","0.7576252222061157","0.7576252222061157","0.7576252222061157"
"300","0.7463903427124023","0.7463903427124023","0.7463903427124023","0.7425901889801025","0.7425901889801025","0.7425901889801025"
"301","0.7597158551216125","0.7597158551216125","0.7597158551216125","0.7649476528167725","0.7649476528167725","0.7649476528167725"
"302","0.7550510764122009","0.7550510764122009","0.7550510764122009","0.7618172764778137","0.7618172764778137","0.7618172764778137"
"303","0.7439558506011963","0.7439558506011963","0.7439558506011963","0.7698221802711487","0.7698221802711487","0.7698221802711487"
"304","0.7433327436447144","0.7433327436447144","0.7433327436447144","0.7686794400215149","0.7686794400215149","0.7686794400215149"
"305","0.7575996518135071","0.7575996518135071","0.7575996518135071","0.7707799077033997","0.7707799077033997","0.7707799077033997"
"306","0.7599421143531799","0.7599421143531799","0.7599421143531799","0.7531126141548157","0.7531126141548157","0.7531126141548157"
"307","0.7446631789207458","0.7446631789207458","0.7446631789207458","0.7693613171577454","0.7693613171577454","0.7693613171577454"
"308","0.7373981475830078","0.7373981475830078","0.7373981475830078","0.7508360743522644","0.7508360743522644","0.7508360743522644"
"309","0.7595500349998474","0.7595500349998474","0.7595500349998474","0.7707860469818115","0.7707860469818115","0.7707860469818115"
"310","0.7584294080734253","0.7584294080734253","0.7584294080734253","0.7737414240837097","0.7737414240837097","0.7737414240837097"
"311","0.758163571357727","0.758163571357727","0.758163571357727","0.7562423348426819","0.7562423348426819","0.7562423348426819"
"312","0.7582350373268127","0.7582350373268127","0.7582350373268127","0.7737302780151367","0.7737302780151367","0.7737302780151367"
"313","0.7592369318008423","0.7592369318008423","0.7592369318008423","0.7450994849205017","0.7450994849205017","0.7450994849205017"
"314","0.7647292017936707","0.7647292017936707","0.7647292017936707","0.7725756764411926","0.7725756764411926","0.7725756764411926"
"315","0.7586088180541992","0.7586088180541992","0.7586088180541992","0.7437623739242554","0.7437623739242554","0.7437623739242554"
"316","0.7615815997123718","0.7615815997123718","0.7615815997123718","0.7746371626853943","0.7746371626853943","0.7746371626853943"
"317","0.7584646940231323","0.7584646940231323","0.7584646940231323","0.7672804594039917","0.7672804594039917","0.7672804594039917"
"318","0.755873441696167","0.755873441696167","0.755873441696167","0.7420421242713928","0.7420421242713928","0.7420421242713928"
"319","0.7403834462165833","0.7403834462165833","0.7403834462165833","0.7563391327857971","0.7563391327857971","0.7563391327857971"
"320","0.7405480146408081","0.7405480146408081","0.7405480146408081","0.7523516416549683","0.7523516416549683","0.7523516416549683"
"321","0.7571248412132263","0.7571248412132263","0.7571248412132263","0.7411373853683472","0.7411373853683472","0.7411373853683472"
"322","0.756849467754364","0.756849467754364","0.756849467754364","0.7671286463737488","0.7671286463737488","0.7671286463737488"
"323","0.7396854758262634","0.7396854758262634","0.7396854758262634","0.7492163181304932","0.7492163181304932","0.7492163181304932"
"324","0.7472702860832214","0.7472702860832214","0.7472702860832214","0.7658875584602356","0.7658875584602356","0.7658875584602356"
"325","0.7413971424102783","0.7413971424102783","0.7413971424102783","0.7533060908317566","0.7533060908317566","0.7533060908317566"
"326","0.7417767643928528","0.7417767643928528","0.7417767643928528","0.7710512280464172","0.7710512280464172","0.7710512280464172"
"327","0.737144410610199","0.737144410610199","0.737144410610199","0.7538694143295288","0.7538694143295288","0.7538694143295288"
"328","0.7566995024681091","0.7566995024681091","0.7566995024681091","0.7493329644203186","0.7493329644203186","0.7493329644203186"
"329","0.7566058039665222","0.7566058039665222","0.7566058039665222","0.7675285935401917","0.7675285935401917","0.7675285935401917"
"330","0.7594449520111084","0.7594449520111084","0.7594449520111084","0.7453507781028748","0.7453507781028748","0.7453507781028748"
"331","0.7559998631477356","0.7559998631477356","0.7559998631477356","0.7588713765144348","0.7588713765144348","0.7588713765144348"
"332","0.7531449198722839","0.7531449198722839","0.7531449198722839","0.7657188773155212","0.7657188773155212","0.7657188773155212"
"333","0.7425410747528076","0.7425410747528076","0.7425410747528076","0.7589622139930725","0.7589622139930725","0.7589622139930725"
"334","0.7533215284347534","0.7533215284347534","0.7533215284347534","0.7593773007392883","0.7593773007392883","0.7593773007392883"
"335","0.7337994575500488","0.7337994575500488","0.7337994575500488","0.755007803440094","0.755007803440094","0.755007803440094"
"336","0.740303635597229","0.740303635597229","0.740303635597229","0.7694768905639648","0.7694768905639648","0.7694768905639648"
"337","0.7346584796905518","0.7346584796905518","0.7346584796905518","0.7659997344017029","0.7659997344017029","0.7659997344017029"
"338","0.7560514807701111","0.7560514807701111","0.7560514807701111","0.7760134935379028","0.7760134935379028","0.7760134935379028"
"339","0.7700340151786804","0.7700340151786804","0.7700340151786804","0.7498916387557983","0.7498916387557983","0.7498916387557983"
"340","0.7605507373809814","0.7605507373809814","0.7605507373809814","0.7447611093521118","0.7447611093521118","0.7447611093521118"
"341","0.7574155330657959","0.7574155330657959","0.7574155330657959","0.7700542211532593","0.7700542211532593","0.7700542211532593"
"342","0.7341373562812805","0.7341373562812805","0.7341373562812805","0.7334409952163696","0.7334409952163696","0.7334409952163696"
"343","0.7356107831001282","0.7356107831001282","0.7356107831001282","0.7782586812973022","0.7782586812973022","0.7782586812973022"
"344","0.7520357370376587","0.7520357370376587","0.7520357370376587","0.7467842698097229","0.7467842698097229","0.7467842698097229"
"345","0.7362712621688843","0.7362712621688843","0.7362712621688843","0.757685124874115","0.757685124874115","0.757685124874115"
"346","0.754097580909729","0.754097580909729","0.754097580909729","0.7671588659286499","0.7671588659286499","0.7671588659286499"
"347","0.7553789615631104","0.7553789615631104","0.7553789615631104","0.752612829208374","0.752612829208374","0.752612829208374"
"348","0.7590972185134888","0.7590972185134888","0.7590972185134888","0.7526030540466309","0.7526030540466309","0.7526030540466309"
"349","0.7600992321968079","0.7600992321968079","0.7600992321968079","0.7687307596206665","0.7687307596206665","0.7687307596206665"
"350","0.7618486285209656","0.7618486285209656","0.7618486285209656","0.7568350434303284","0.7568350434303284","0.7568350434303284"
"351","0.75787353515625","0.75787353515625","0.75787353515625","0.7738142013549805","0.7738142013549805","0.7738142013549805"
"352","0.7486101984977722","0.7486101984977722","0.7486101984977722","0.7413312792778015","0.7413312792778015","0.7413312792778015"
"353","0.75346839427948","0.75346839427948","0.75346839427948","0.7794969081878662","0.7794969081878662","0.7794969081878662"
"354","0.7550801038742065","0.7550801038742065","0.7550801038742065","0.7488685846328735","0.7488685846328735","0.7488685846328735"
"355","0.7590095400810242","0.7590095400810242","0.7590095400810242","0.752853274345398","0.752853274345398","0.752853274345398"
"356","0.7614223957061768","0.7614223957061768","0.7614223957061768","0.7556335926055908","0.7556335926055908","0.7556335926055908"
"357","0.7583252787590027","0.7583252787590027","0.7583252787590027","0.7591953873634338","0.7591953873634338","0.7591953873634338"
"358","0.7601462602615356","0.7601462602615356","0.7601462602615356","0.7564001679420471","0.7564001679420471","0.7564001679420471"
"359","0.7564287781715393","0.7564287781715393","0.7564287781715393","0.7529011964797974","0.7529011964797974","0.7529011964797974"
"360","0.7548602223396301","0.7548602223396301","0.7548602223396301","0.7721548676490784","0.7721548676490784","0.7721548676490784"
"361","0.7506000995635986","0.7506000995635986","0.7506000995635986","0.7496246695518494","0.7496246695518494","0.7496246695518494"
"362","0.754982054233551","0.754982054233551","0.754982054233551","0.759810745716095","0.759810745716095","0.759810745716095"
"363","0.7558492422103882","0.7558492422103882","0.7558492422103882","0.771811306476593","0.771811306476593","0.771811306476593"
"364","0.7545119524002075","0.7545119524002075","0.7545119524002075","0.7651660442352295","0.7651660442352295","0.7651660442352295"
"365","0.7582712769508362","0.7582712769508362","0.7582712769508362","0.779324471950531","0.779324471950531","0.779324471950531"
"366","0.7592262029647827","0.7592262029647827","0.7592262029647827","0.7612922787666321","0.7612922787666321","0.7612922787666321"
"367","0.758989155292511","0.758989155292511","0.758989155292511","0.7504516243934631","0.7504516243934631","0.7504516243934631"
"368","0.7599592804908752","0.7599592804908752","0.7599592804908752","0.7670671939849854","0.7670671939849854","0.7670671939849854"
"369","0.7595804929733276","0.7595804929733276","0.7595804929733276","0.7395948171615601","0.7395948171615601","0.7395948171615601"
"370","0.760607898235321","0.760607898235321","0.760607898235321","0.7625994682312012","0.7625994682312012","0.7625994682312012"
"371","0.7617546916007996","0.7617546916007996","0.7617546916007996","0.7603429555892944","0.7603429555892944","0.7603429555892944"
"372","0.762424647808075","0.762424647808075","0.762424647808075","0.7564762830734253","0.7564762830734253","0.7564762830734253"
"373","0.7616738080978394","0.7616738080978394","0.7616738080978394","0.7484245896339417","0.7484245896339417","0.7484245896339417"
"374","0.7600826621055603","0.7600826621055603","0.7600826621055603","0.7518072724342346","0.7518072724342346","0.7518072724342346"
"375","0.7698752880096436","0.7698752880096436","0.7698752880096436","0.7687467932701111","0.7687467932701111","0.7687467932701111"
"376","0.7686446905136108","0.7686446905136108","0.7686446905136108","0.7671119570732117","0.7671119570732117","0.7671119570732117"
"377","0.7623830437660217","0.7623830437660217","0.7623830437660217","0.7559212446212769","0.7559212446212769","0.7559212446212769"
"378","0.7603104710578918","0.7603104710578918","0.7603104710578918","0.7816263437271118","0.7816263437271118","0.7816263437271118"
"379","0.7537602782249451","0.7537602782249451","0.7537602782249451","0.7364234924316406","0.7364234924316406","0.7364234924316406"
"380","0.7507676482200623","0.7507676482200623","0.7507676482200623","0.7745854258537292","0.7745854258537292","0.7745854258537292"
"381","0.7555847764015198","0.7555847764015198","0.7555847764015198","0.7554977536201477","0.7554977536201477","0.7554977536201477"
"382","0.7556684017181396","0.7556684017181396","0.7556684017181396","0.7475599646568298","0.7475599646568298","0.7475599646568298"
"383","0.7514814138412476","0.7514814138412476","0.7514814138412476","0.7632184028625488","0.7632184028625488","0.7632184028625488"
"384","0.7511735558509827","0.7511735558509827","0.7511735558509827","0.7469834685325623","0.7469834685325623","0.7469834685325623"
"385","0.7506411075592041","0.7506411075592041","0.7506411075592041","0.7496159672737122","0.7496159672737122","0.7496159672737122"
"386","0.7588765025138855","0.7588765025138855","0.7588765025138855","0.754292905330658","0.754292905330658","0.754292905330658"
"387","0.7492315769195557","0.7492315769195557","0.7492315769195557","0.766225278377533","0.766225278377533","0.766225278377533"
"388","0.7545668482780457","0.7545668482780457","0.7545668482780457","0.7773312330245972","0.7773312330245972","0.7773312330245972"
"389","0.7508593797683716","0.7508593797683716","0.7508593797683716","0.7672183513641357","0.7672183513641357","0.7672183513641357"
"390","0.7575963735580444","0.7575963735580444","0.7575963735580444","0.7474367618560791","0.7474367618560791","0.7474367618560791"
"391","0.7532241344451904","0.7532241344451904","0.7532241344451904","0.7473363280296326","0.7473363280296326","0.7473363280296326"
"392","0.7585294246673584","0.7585294246673584","0.7585294246673584","0.7462502121925354","0.7462502121925354","0.7462502121925354"
"393","0.7528263926506042","0.7528263926506042","0.7528263926506042","0.7464107275009155","0.7464107275009155","0.7464107275009155"
"394","0.7523906826972961","0.7523906826972961","0.7523906826972961","0.7532804012298584","0.7532804012298584","0.7532804012298584"
"395","0.7522094249725342","0.7522094249725342","0.7522094249725342","0.7668234705924988","0.7668234705924988","0.7668234705924988"
"396","0.7529293298721313","0.7529293298721313","0.7529293298721313","0.7574524879455566","0.7574524879455566","0.7574524879455566"
"397","0.7491505742073059","0.7491505742073059","0.7491505742073059","0.7423032522201538","0.7423032522201538","0.7423032522201538"
"398","0.7526713609695435","0.7526713609695435","0.7526713609695435","0.763141393661499","0.763141393661499","0.763141393661499"
"399","0.7511366605758667","0.7511366605758667","0.7511366605758667","0.7502058148384094","0.7502058148384094","0.7502058148384094"
"400","0.7528581619262695","0.7528581619262695","0.7528581619262695","0.7682563066482544","0.7682563066482544","0.7682563066482544"
"401","0.7540647387504578","0.7540647387504578","0.7540647387504578","0.7528466582298279","0.7528466582298279","0.7528466582298279"
"402","0.7519013285636902","0.7519013285636902","0.7519013285636902","0.7708183526992798","0.7708183526992798","0.7708183526992798"
"403","0.764426052570343","0.764426052570343","0.764426052570343","0.7786153554916382","0.7786153554916382","0.7786153554916382"
"404","0.7615970969200134","0.7615970969200134","0.7615970969200134","0.7741557955741882","0.7741557955741882","0.7741557955741882"
"405","0.7539597749710083","0.7539597749710083","0.7539597749710083","0.7500047087669373","0.7500047087669373","0.7500047087669373"
"406","0.7612324357032776","0.7612324357032776","0.7612324357032776","0.7523826360702515","0.7523826360702515","0.7523826360702515"
"407","0.7598498463630676","0.7598498463630676","0.7598498463630676","0.7472291588783264","0.7472291588783264","0.7472291588783264"
"408","0.7517105340957642","0.7517105340957642","0.7517105340957642","0.7655925154685974","0.7655925154685974","0.7655925154685974"
"409","0.751775324344635","0.751775324344635","0.751775324344635","0.7459891438484192","0.7459891438484192","0.7459891438484192"
"410","0.7520582675933838","0.7520582675933838","0.7520582675933838","0.7691652774810791","0.7691652774810791","0.7691652774810791"
"411","0.7523595094680786","0.7523595094680786","0.7523595094680786","0.759239912033081","0.759239912033081","0.759239912033081"
"412","0.764086127281189","0.764086127281189","0.764086127281189","0.7644276022911072","0.7644276022911072","0.7644276022911072"
"413","0.764988899230957","0.764988899230957","0.764988899230957","0.7619192600250244","0.7619192600250244","0.7619192600250244"
"414","0.7636005282402039","0.7636005282402039","0.7636005282402039","0.7782413959503174","0.7782413959503174","0.7782413959503174"
"415","0.7692292332649231","0.7692292332649231","0.7692292332649231","0.7453689575195312","0.7453689575195312","0.7453689575195312"
"416","0.7627643346786499","0.7627643346786499","0.7627643346786499","0.7707285284996033","0.7707285284996033","0.7707285284996033"
"417","0.7631071209907532","0.7631071209907532","0.7631071209907532","0.7596002817153931","0.7596002817153931","0.7596002817153931"
"418","0.7667441368103027","0.7667441368103027","0.7667441368103027","0.7785419225692749","0.7785419225692749","0.7785419225692749"
"419","0.7603859901428223","0.7603859901428223","0.7603859901428223","0.7451448440551758","0.7451448440551758","0.7451448440551758"
"420","0.7578617930412292","0.7578617930412292","0.7578617930412292","0.7529372572898865","0.7529372572898865","0.7529372572898865"
"421","0.7508950233459473","0.7508950233459473","0.7508950233459473","0.7572462558746338","0.7572462558746338","0.7572462558746338"
"422","0.7607440948486328","0.7607440948486328","0.7607440948486328","0.7518212795257568","0.7518212795257568","0.7518212795257568"
"423","0.7534310221672058","0.7534310221672058","0.7534310221672058","0.7418694496154785","0.7418694496154785","0.7418694496154785"
"424","0.7620953917503357","0.7620953917503357","0.7620953917503357","0.7731016278266907","0.7731016278266907","0.7731016278266907"
"425","0.769344687461853","0.769344687461853","0.769344687461853","0.74405437707901","0.74405437707901","0.74405437707901"
"426","0.7601278424263","0.7601278424263","0.7601278424263","0.7713177800178528","0.7713177800178528","0.7713177800178528"
"427","0.7576128244400024","0.7576128244400024","0.7576128244400024","0.7575567960739136","0.7575567960739136","0.7575567960739136"
"428","0.7506884932518005","0.7506884932518005","0.7506884932518005","0.7503960132598877","0.7503960132598877","0.7503960132598877"
"429","0.7584424018859863","0.7584424018859863","0.7584424018859863","0.7471257448196411","0.7471257448196411","0.7471257448196411"
"430","0.7569970488548279","0.7569970488548279","0.7569970488548279","0.7662544250488281","0.7662544250488281","0.7662544250488281"
"431","0.7588716149330139","0.7588716149330139","0.7588716149330139","0.7482007741928101","0.7482007741928101","0.7482007741928101"
"432","0.7593417167663574","0.7593417167663574","0.7593417167663574","0.7522614002227783","0.7522614002227783","0.7522614002227783"
"433","0.763430655002594","0.763430655002594","0.763430655002594","0.7717277407646179","0.7717277407646179","0.7717277407646179"
"434","0.7616710066795349","0.7616710066795349","0.7616710066795349","0.7761967778205872","0.7761967778205872","0.7761967778205872"
"435","0.7593458890914917","0.7593458890914917","0.7593458890914917","0.7567431926727295","0.7567431926727295","0.7567431926727295"
"436","0.7619617581367493","0.7619617581367493","0.7619617581367493","0.7527384161949158","0.7527384161949158","0.7527384161949158"
"437","0.7594312429428101","0.7594312429428101","0.7594312429428101","0.7863332033157349","0.7863332033157349","0.7863332033157349"
"438","0.7584571242332458","0.7584571242332458","0.7584571242332458","0.7448071837425232","0.7448071837425232","0.7448071837425232"
"439","0.7636883854866028","0.7636883854866028","0.7636883854866028","0.7794190645217896","0.7794190645217896","0.7794190645217896"
"440","0.7651976346969604","0.7651976346969604","0.7651976346969604","0.7549124360084534","0.7549124360084534","0.7549124360084534"
"441","0.7607617378234863","0.7607617378234863","0.7607617378234863","0.7575320601463318","0.7575320601463318","0.7575320601463318"
"442","0.7691158652305603","0.7691158652305603","0.7691158652305603","0.7857615947723389","0.7857615947723389","0.7857615947723389"
"443","0.7505849599838257","0.7505849599838257","0.7505849599838257","0.7610008716583252","0.7610008716583252","0.7610008716583252"
"444","0.757682740688324","0.757682740688324","0.757682740688324","0.7581725716590881","0.7581725716590881","0.7581725716590881"
"445","0.7506599426269531","0.7506599426269531","0.7506599426269531","0.748124361038208","0.748124361038208","0.748124361038208"
"446","0.7626509666442871","0.7626509666442871","0.7626509666442871","0.7673221826553345","0.7673221826553345","0.7673221826553345"
"447","0.7509031295776367","0.7509031295776367","0.7509031295776367","0.7681059241294861","0.7681059241294861","0.7681059241294861"
"448","0.7610865235328674","0.7610865235328674","0.7610865235328674","0.7506359219551086","0.7506359219551086","0.7506359219551086"
"449","0.7584090232849121","0.7584090232849121","0.7584090232849121","0.7499390244483948","0.7499390244483948","0.7499390244483948"
"450","0.7557717561721802","0.7557717561721802","0.7557717561721802","0.7549058794975281","0.7549058794975281","0.7549058794975281"
"451","0.7582241296768188","0.7582241296768188","0.7582241296768188","0.7677187919616699","0.7677187919616699","0.7677187919616699"
"452","0.7608599662780762","0.7608599662780762","0.7608599662780762","0.7650086283683777","0.7650086283683777","0.7650086283683777"
"453","0.7592100501060486","0.7592100501060486","0.7592100501060486","0.7505565285682678","0.7505565285682678","0.7505565285682678"
"454","0.7629641890525818","0.7629641890525818","0.7629641890525818","0.7667441368103027","0.7667441368103027","0.7667441368103027"
"455","0.7623389959335327","0.7623389959335327","0.7623389959335327","0.7606773972511292","0.7606773972511292","0.7606773972511292"
"456","0.7673168182373047","0.7673168182373047","0.7673168182373047","0.7628052830696106","0.7628052830696106","0.7628052830696106"
"457","0.7734816074371338","0.7734816074371338","0.7734816074371338","0.7490209341049194","0.7490209341049194","0.7490209341049194"
"458","0.7661837935447693","0.7661837935447693","0.7661837935447693","0.7568162679672241","0.7568162679672241","0.7568162679672241"
"459","0.7693620920181274","0.7693620920181274","0.7693620920181274","0.7811128497123718","0.7811128497123718","0.7811128497123718"
"460","0.7570466995239258","0.7570466995239258","0.7570466995239258","0.7389894127845764","0.7389894127845764","0.7389894127845764"
"461","0.7643129825592041","0.7643129825592041","0.7643129825592041","0.7849501371383667","0.7849501371383667","0.7849501371383667"
"462","0.7634217143058777","0.7634217143058777","0.7634217143058777","0.7866776585578918","0.7866776585578918","0.7866776585578918"
"463","0.7596055865287781","0.7596055865287781","0.7596055865287781","0.7507410645484924","0.7507410645484924","0.7507410645484924"
"464","0.7641684412956238","0.7641684412956238","0.7641684412956238","0.7744431495666504","0.7744431495666504","0.7744431495666504"
"465","0.7661675810813904","0.7661675810813904","0.7661675810813904","0.7669668793678284","0.7669668793678284","0.7669668793678284"
"466","0.7673062682151794","0.7673062682151794","0.7673062682151794","0.7702112793922424","0.7702112793922424","0.7702112793922424"
"467","0.772606372833252","0.772606372833252","0.772606372833252","0.7775529623031616","0.7775529623031616","0.7775529623031616"
"468","0.7682223320007324","0.7682223320007324","0.7682223320007324","0.7656475901603699","0.7656475901603699","0.7656475901603699"
"469","0.762137770652771","0.762137770652771","0.762137770652771","0.7386291027069092","0.7386291027069092","0.7386291027069092"
"470","0.7654191255569458","0.7654191255569458","0.7654191255569458","0.7929127812385559","0.7929127812385559","0.7929127812385559"
"471","0.766749918460846","0.766749918460846","0.766749918460846","0.7664268612861633","0.7664268612861633","0.7664268612861633"
"472","0.768913984298706","0.768913984298706","0.768913984298706","0.7604373693466187","0.7604373693466187","0.7604373693466187"
"473","0.768208920955658","0.768208920955658","0.768208920955658","0.7739294767379761","0.7739294767379761","0.7739294767379761"
"474","0.7696280479431152","0.7696280479431152","0.7696280479431152","0.7686979174613953","0.7686979174613953","0.7686979174613953"
"475","0.768597424030304","0.768597424030304","0.768597424030304","0.7740606069564819","0.7740606069564819","0.7740606069564819"
"476","0.7653010487556458","0.7653010487556458","0.7653010487556458","0.7843999862670898","0.7843999862670898","0.7843999862670898"
"477","0.7718451619148254","0.7718451619148254","0.7718451619148254","0.7550832629203796","0.7550832629203796","0.7550832629203796"
"478","0.7718048095703125","0.7718048095703125","0.7718048095703125","0.786420464515686","0.786420464515686","0.786420464515686"
"479","0.765386700630188","0.765386700630188","0.765386700630188","0.7510697841644287","0.7510697841644287","0.7510697841644287"
"480","0.760496973991394","0.760496973991394","0.760496973991394","0.7487212419509888","0.7487212419509888","0.7487212419509888"
"481","0.7636523246765137","0.7636523246765137","0.7636523246765137","0.787165105342865","0.787165105342865","0.787165105342865"
"482","0.7643601298332214","0.7643601298332214","0.7643601298332214","0.7820202708244324","0.7820202708244324","0.7820202708244324"
"483","0.7662808895111084","0.7662808895111084","0.7662808895111084","0.7673414349555969","0.7673414349555969","0.7673414349555969"
"484","0.7652662992477417","0.7652662992477417","0.7652662992477417","0.7690173387527466","0.7690173387527466","0.7690173387527466"
"485","0.7641433477401733","0.7641433477401733","0.7641433477401733","0.7623119950294495","0.7623119950294495","0.7623119950294495"
"486","0.7673649191856384","0.7673649191856384","0.7673649191856384","0.7671221494674683","0.7671221494674683","0.7671221494674683"
"487","0.7704187035560608","0.7704187035560608","0.7704187035560608","0.7794686555862427","0.7794686555862427","0.7794686555862427"
"488","0.7625593543052673","0.7625593543052673","0.7625593543052673","0.7535076141357422","0.7535076141357422","0.7535076141357422"
"489","0.7606623768806458","0.7606623768806458","0.7606623768806458","0.7809832692146301","0.7809832692146301","0.7809832692146301"
"490","0.758871853351593","0.758871853351593","0.758871853351593","0.7572135925292969","0.7572135925292969","0.7572135925292969"
"491","0.7530496716499329","0.7530496716499329","0.7530496716499329","0.7773503661155701","0.7773503661155701","0.7773503661155701"
"492","0.7703326940536499","0.7703326940536499","0.7703326940536499","0.7628337144851685","0.7628337144851685","0.7628337144851685"
"493","0.7656005620956421","0.7656005620956421","0.7656005620956421","0.757795512676239","0.757795512676239","0.757795512676239"
"494","0.7718625664710999","0.7718625664710999","0.7718625664710999","0.7767108082771301","0.7767108082771301","0.7767108082771301"
"495","0.7656930088996887","0.7656930088996887","0.7656930088996887","0.7801555395126343","0.7801555395126343","0.7801555395126343"
"496","0.7610335350036621","0.7610335350036621","0.7610335350036621","0.7807579040527344","0.7807579040527344","0.7807579040527344"
"497","0.7615442276000977","0.7615442276000977","0.7615442276000977","0.7438696026802063","0.7438696026802063","0.7438696026802063"
"498","0.7520122528076172","0.7520122528076172","0.7520122528076172","0.7602314949035645","0.7602314949035645","0.7602314949035645"
"499","0.7607979774475098","0.7607979774475098","0.7607979774475098","0.78511643409729","0.78511643409729","0.78511643409729"
"500","0.7611424326896667","0.7611424326896667","0.7611424326896667","0.751283586025238","0.751283586025238","0.751283586025238"
"501","0.754588782787323","0.754588782787323","0.754588782787323","0.7811171412467957","0.7811171412467957","0.7811171412467957"
"502","0.759210467338562","0.759210467338562","0.759210467338562","0.7775353789329529","0.7775353789329529","0.7775353789329529"
"503","0.7656424045562744","0.7656424045562744","0.7656424045562744","0.7570657730102539","0.7570657730102539","0.7570657730102539"
"504","0.7643212676048279","0.7643212676048279","0.7643212676048279","0.7820696234703064","0.7820696234703064","0.7820696234703064"
"505","0.7641278505325317","0.7641278505325317","0.7641278505325317","0.7445481419563293","0.7445481419563293","0.7445481419563293"
"506","0.7613705992698669","0.7613705992698669","0.7613705992698669","0.7768910527229309","0.7768910527229309","0.7768910527229309"
"507","0.7642446756362915","0.7642446756362915","0.7642446756362915","0.780142068862915","0.780142068862915","0.780142068862915"
"508","0.7647789716720581","0.7647789716720581","0.7647789716720581","0.7543962001800537","0.7543962001800537","0.7543962001800537"
"509","0.7638636827468872","0.7638636827468872","0.7638636827468872","0.7834022641181946","0.7834022641181946","0.7834022641181946"
"510","0.7565550208091736","0.7565550208091736","0.7565550208091736","0.7553867101669312","0.7553867101669312","0.7553867101669312"
"511","0.7601220011711121","0.7601220011711121","0.7601220011711121","0.7922601103782654","0.7922601103782654","0.7922601103782654"
"512","0.7607707381248474","0.7607707381248474","0.7607707381248474","0.7435101270675659","0.7435101270675659","0.7435101270675659"
"513","0.7553364634513855","0.7553364634513855","0.7553364634513855","0.7626425623893738","0.7626425623893738","0.7626425623893738"
"514","0.7646209597587585","0.7646209597587585","0.7646209597587585","0.7633103132247925","0.7633103132247925","0.7633103132247925"
"515","0.7630535960197449","0.7630535960197449","0.7630535960197449","0.7576516270637512","0.7576516270637512","0.7576516270637512"
"516","0.7614849209785461","0.7614849209785461","0.7614849209785461","0.7712269425392151","0.7712269425392151","0.7712269425392151"
"517","0.7539713978767395","0.7539713978767395","0.7539713978767395","0.7857319116592407","0.7857319116592407","0.7857319116592407"
"518","0.7504733204841614","0.7504733204841614","0.7504733204841614","0.7814704179763794","0.7814704179763794","0.7814704179763794"
"519","0.7500610947608948","0.7500610947608948","0.7500610947608948","0.7623229026794434","0.7623229026794434","0.7623229026794434"
"520","0.7543408870697021","0.7543408870697021","0.7543408870697021","0.7828260064125061","0.7828260064125061","0.7828260064125061"
"521","0.7531847953796387","0.7531847953796387","0.7531847953796387","0.758926510810852","0.758926510810852","0.758926510810852"
"522","0.7631794214248657","0.7631794214248657","0.7631794214248657","0.7519116997718811","0.7519116997718811","0.7519116997718811"
"523","0.7625390887260437","0.7625390887260437","0.7625390887260437","0.791315495967865","0.791315495967865","0.791315495967865"
"524","0.765126645565033","0.765126645565033","0.765126645565033","0.7726387977600098","0.7726387977600098","0.7726387977600098"
"525","0.762599766254425","0.762599766254425","0.762599766254425","0.7896009683609009","0.7896009683609009","0.7896009683609009"
"526","0.7571250200271606","0.7571250200271606","0.7571250200271606","0.7632144689559937","0.7632144689559937","0.7632144689559937"
"527","0.755638599395752","0.755638599395752","0.755638599395752","0.7626308798789978","0.7626308798789978","0.7626308798789978"
"528","0.7650877833366394","0.7650877833366394","0.7650877833366394","0.7963622808456421","0.7963622808456421","0.7963622808456421"
"529","0.7559270858764648","0.7559270858764648","0.7559270858764648","0.7388628721237183","0.7388628721237183","0.7388628721237183"
"530","0.7634310722351074","0.7634310722351074","0.7634310722351074","0.7752666473388672","0.7752666473388672","0.7752666473388672"
"531","0.7572609186172485","0.7572609186172485","0.7572609186172485","0.7645204663276672","0.7645204663276672","0.7645204663276672"
"532","0.7625017166137695","0.7625017166137695","0.7625017166137695","0.7827144265174866","0.7827144265174866","0.7827144265174866"
"533","0.759186863899231","0.759186863899231","0.759186863899231","0.7841059565544128","0.7841059565544128","0.7841059565544128"
"534","0.7643775939941406","0.7643775939941406","0.7643775939941406","0.7777196168899536","0.7777196168899536","0.7777196168899536"
"535","0.7687305808067322","0.7687305808067322","0.7687305808067322","0.7656433582305908","0.7656433582305908","0.7656433582305908"
"536","0.766536295413971","0.766536295413971","0.766536295413971","0.7658332586288452","0.7658332586288452","0.7658332586288452"
"537","0.7666751146316528","0.7666751146316528","0.7666751146316528","0.7695633769035339","0.7695633769035339","0.7695633769035339"
"538","0.7604725360870361","0.7604725360870361","0.7604725360870361","0.7535869479179382","0.7535869479179382","0.7535869479179382"
"539","0.7639416456222534","0.7639416456222534","0.7639416456222534","0.7811065316200256","0.7811065316200256","0.7811065316200256"
"540","0.7662448287010193","0.7662448287010193","0.7662448287010193","0.7771504521369934","0.7771504521369934","0.7771504521369934"
"541","0.7582071423530579","0.7582071423530579","0.7582071423530579","0.7777745127677917","0.7777745127677917","0.7777745127677917"
"542","0.7607489824295044","0.7607489824295044","0.7607489824295044","0.7813898921012878","0.7813898921012878","0.7813898921012878"
"543","0.7649399638175964","0.7649399638175964","0.7649399638175964","0.7537853717803955","0.7537853717803955","0.7537853717803955"
"544","0.7557674646377563","0.7557674646377563","0.7557674646377563","0.7768796682357788","0.7768796682357788","0.7768796682357788"
"545","0.7628706097602844","0.7628706097602844","0.7628706097602844","0.735345184803009","0.735345184803009","0.735345184803009"
"546","0.7588537335395813","0.7588537335395813","0.7588537335395813","0.7804572582244873","0.7804572582244873","0.7804572582244873"
"547","0.7504097819328308","0.7504097819328308","0.7504097819328308","0.7792609333992004","0.7792609333992004","0.7792609333992004"
"548","0.754150927066803","0.754150927066803","0.754150927066803","0.7755070328712463","0.7755070328712463","0.7755070328712463"
"549","0.7553576231002808","0.7553576231002808","0.7553576231002808","0.7818331122398376","0.7818331122398376","0.7818331122398376"
"550","0.7555662989616394","0.7555662989616394","0.7555662989616394","0.7685799598693848","0.7685799598693848","0.7685799598693848"
"551","0.7635930180549622","0.7635930180549622","0.7635930180549622","0.7751281261444092","0.7751281261444092","0.7751281261444092"
"552","0.7635884284973145","0.7635884284973145","0.7635884284973145","0.7709669470787048","0.7709669470787048","0.7709669470787048"
"553","0.757797360420227","0.757797360420227","0.757797360420227","0.7747006416320801","0.7747006416320801","0.7747006416320801"
"554","0.7572210431098938","0.7572210431098938","0.7572210431098938","0.7619852423667908","0.7619852423667908","0.7619852423667908"
"555","0.7565630674362183","0.7565630674362183","0.7565630674362183","0.7583770751953125","0.7583770751953125","0.7583770751953125"
"556","0.7646721005439758","0.7646721005439758","0.7646721005439758","0.7893267273902893","0.7893267273902893","0.7893267273902893"
"557","0.7637490034103394","0.7637490034103394","0.7637490034103394","0.760773241519928","0.760773241519928","0.760773241519928"
"558","0.7645810842514038","0.7645810842514038","0.7645810842514038","0.7729588747024536","0.7729588747024536","0.7729588747024536"
"559","0.7580021619796753","0.7580021619796753","0.7580021619796753","0.7639857530593872","0.7639857530593872","0.7639857530593872"
"560","0.7567806839942932","0.7567806839942932","0.7567806839942932","0.7567917108535767","0.7567917108535767","0.7567917108535767"
"561","0.7573032975196838","0.7573032975196838","0.7573032975196838","0.7853151559829712","0.7853151559829712","0.7853151559829712"
"562","0.7551788687705994","0.7551788687705994","0.7551788687705994","0.7495198249816895","0.7495198249816895","0.7495198249816895"
"563","0.7515698075294495","0.7515698075294495","0.7515698075294495","0.7845335006713867","0.7845335006713867","0.7845335006713867"
"564","0.74969083070755","0.74969083070755","0.74969083070755","0.7611592411994934","0.7611592411994934","0.7611592411994934"
"565","0.7535153031349182","0.7535153031349182","0.7535153031349182","0.7806400656700134","0.7806400656700134","0.7806400656700134"
"566","0.7570852041244507","0.7570852041244507","0.7570852041244507","0.7810094952583313","0.7810094952583313","0.7810094952583313"
"567","0.7574183344841003","0.7574183344841003","0.7574183344841003","0.7607110738754272","0.7607110738754272","0.7607110738754272"
"568","0.7587960362434387","0.7587960362434387","0.7587960362434387","0.7806244492530823","0.7806244492530823","0.7806244492530823"
"569","0.7591925859451294","0.7591925859451294","0.7591925859451294","0.7757880091667175","0.7757880091667175","0.7757880091667175"
"570","0.7582988739013672","0.7582988739013672","0.7582988739013672","0.7835233211517334","0.7835233211517334","0.7835233211517334"
"571","0.7520803809165955","0.7520803809165955","0.7520803809165955","0.7547012567520142","0.7547012567520142","0.7547012567520142"
"572","0.7571178078651428","0.7571178078651428","0.7571178078651428","0.7724650502204895","0.7724650502204895","0.7724650502204895"
"573","0.7460963129997253","0.7460963129997253","0.7460963129997253","0.7685579657554626","0.7685579657554626","0.7685579657554626"
"574","0.7595370411872864","0.7595370411872864","0.7595370411872864","0.7578067779541016","0.7578067779541016","0.7578067779541016"
"575","0.7495551109313965","0.7495551109313965","0.7495551109313965","0.768305778503418","0.768305778503418","0.768305778503418"
"576","0.7585965394973755","0.7585965394973755","0.7585965394973755","0.7608190178871155","0.7608190178871155","0.7608190178871155"
"577","0.7664610147476196","0.7664610147476196","0.7664610147476196","0.7744907140731812","0.7744907140731812","0.7744907140731812"
"578","0.7626425623893738","0.7626425623893738","0.7626425623893738","0.7832151055335999","0.7832151055335999","0.7832151055335999"
"579","0.7596978545188904","0.7596978545188904","0.7596978545188904","0.7641850113868713","0.7641850113868713","0.7641850113868713"
"580","0.7568023800849915","0.7568023800849915","0.7568023800849915","0.7639023065567017","0.7639023065567017","0.7639023065567017"
"581","0.7557849884033203","0.7557849884033203","0.7557849884033203","0.7870327234268188","0.7870327234268188","0.7870327234268188"
"582","0.7616246938705444","0.7616246938705444","0.7616246938705444","0.7596379518508911","0.7596379518508911","0.7596379518508911"
"583","0.7593590021133423","0.7593590021133423","0.7593590021133423","0.7757009267807007","0.7757009267807007","0.7757009267807007"
"584","0.7502765655517578","0.7502765655517578","0.7502765655517578","0.7653982043266296","0.7653982043266296","0.7653982043266296"
"585","0.7555609345436096","0.7555609345436096","0.7555609345436096","0.7790510654449463","0.7790510654449463","0.7790510654449463"
"586","0.7524230480194092","0.7524230480194092","0.7524230480194092","0.774726390838623","0.774726390838623","0.774726390838623"
"587","0.7605903744697571","0.7605903744697571","0.7605903744697571","0.7825782895088196","0.7825782895088196","0.7825782895088196"
"588","0.7677239179611206","0.7677239179611206","0.7677239179611206","0.777072548866272","0.777072548866272","0.777072548866272"
"589","0.7577213048934937","0.7577213048934937","0.7577213048934937","0.7584898471832275","0.7584898471832275","0.7584898471832275"
"590","0.7577705979347229","0.7577705979347229","0.7577705979347229","0.7796387672424316","0.7796387672424316","0.7796387672424316"
"591","0.7535635232925415","0.7535635232925415","0.7535635232925415","0.7741222381591797","0.7741222381591797","0.7741222381591797"
"592","0.7574543952941895","0.7574543952941895","0.7574543952941895","0.7764860987663269","0.7764860987663269","0.7764860987663269"
"593","0.7515901327133179","0.7515901327133179","0.7515901327133179","0.7810656428337097","0.7810656428337097","0.7810656428337097"
"594","0.7570352554321289","0.7570352554321289","0.7570352554321289","0.7779834270477295","0.7779834270477295","0.7779834270477295"
"595","0.7563520073890686","0.7563520073890686","0.7563520073890686","0.7573056221008301","0.7573056221008301","0.7573056221008301"
"596","0.7636459469795227","0.7636459469795227","0.7636459469795227","0.7621548771858215","0.7621548771858215","0.7621548771858215"
"597","0.7565938830375671","0.7565938830375671","0.7565938830375671","0.7612671852111816","0.7612671852111816","0.7612671852111816"
"598","0.7519571781158447","0.7519571781158447","0.7519571781158447","0.7678917646408081","0.7678917646408081","0.7678917646408081"
"599","0.7489513754844666","0.7489513754844666","0.7489513754844666","0.785885214805603","0.785885214805603","0.785885214805603"
"600","0.7483704686164856","0.7483704686164856","0.7483704686164856","0.7612196803092957","0.7612196803092957","0.7612196803092957"
"601","0.7510914206504822","0.7510914206504822","0.7510914206504822","0.7469000220298767","0.7469000220298767","0.7469000220298767"
"602","0.75970458984375","0.75970458984375","0.75970458984375","0.7795321345329285","0.7795321345329285","0.7795321345329285"
"603","0.7584603428840637","0.7584603428840637","0.7584603428840637","0.7818171977996826","0.7818171977996826","0.7818171977996826"
"604","0.7565446496009827","0.7565446496009827","0.7565446496009827","0.7602233290672302","0.7602233290672302","0.7602233290672302"
"605","0.7541742920875549","0.7541742920875549","0.7541742920875549","0.7738139033317566","0.7738139033317566","0.7738139033317566"
"606","0.7563413381576538","0.7563413381576538","0.7563413381576538","0.7768588066101074","0.7768588066101074","0.7768588066101074"
"607","0.7541266083717346","0.7541266083717346","0.7541266083717346","0.7722403407096863","0.7722403407096863","0.7722403407096863"
"608","0.7668666839599609","0.7668666839599609","0.7668666839599609","0.7672948837280273","0.7672948837280273","0.7672948837280273"
"609","0.7586525082588196","0.7586525082588196","0.7586525082588196","0.7659986019134521","0.7659986019134521","0.7659986019134521"
"610","0.7549570202827454","0.7549570202827454","0.7549570202827454","0.7624350786209106","0.7624350786209106","0.7624350786209106"
"611","0.7530199289321899","0.7530199289321899","0.7530199289321899","0.777901291847229","0.777901291847229","0.777901291847229"
"612","0.7494716644287109","0.7494716644287109","0.7494716644287109","0.7699470520019531","0.7699470520019531","0.7699470520019531"
"613","0.7482320070266724","0.7482320070266724","0.7482320070266724","0.7613282203674316","0.7613282203674316","0.7613282203674316"
"614","0.7500402331352234","0.7500402331352234","0.7500402331352234","0.7541145086288452","0.7541145086288452","0.7541145086288452"
"615","0.7607273459434509","0.7607273459434509","0.7607273459434509","0.7812698483467102","0.7812698483467102","0.7812698483467102"
"616","0.7721826434135437","0.7721826434135437","0.7721826434135437","0.7791196703910828","0.7791196703910828","0.7791196703910828"
"617","0.761766791343689","0.761766791343689","0.761766791343689","0.7823082208633423","0.7823082208633423","0.7823082208633423"
"618","0.754203736782074","0.754203736782074","0.754203736782074","0.7708821296691895","0.7708821296691895","0.7708821296691895"
"619","0.7560824155807495","0.7560824155807495","0.7560824155807495","0.7805300951004028","0.7805300951004028","0.7805300951004028"
"620","0.763953685760498","0.763953685760498","0.763953685760498","0.7808436155319214","0.7808436155319214","0.7808436155319214"
"621","0.760714054107666","0.760714054107666","0.760714054107666","0.7781395316123962","0.7781395316123962","0.7781395316123962"
"622","0.7608922123908997","0.7608922123908997","0.7608922123908997","","",""
"623","0.7528613209724426","0.7528613209724426","0.7528613209724426","","",""
"624","0.7530003190040588","0.7530003190040588","0.7530003190040588","","",""
"625","0.7531418204307556","0.7531418204307556","0.7531418204307556","","",""
"626","0.7582689523696899","0.7582689523696899","0.7582689523696899","","",""
"627","0.7601172924041748","0.7601172924041748","0.7601172924041748","","",""
"628","0.7559832334518433","0.7559832334518433","0.7559832334518433","","",""
"629","0.772081732749939","0.772081732749939","0.772081732749939","","",""
"630","0.7634969353675842","0.7634969353675842","0.7634969353675842","","",""
"631","0.7569969296455383","0.7569969296455383","0.7569969296455383","","",""
"632","0.7682185173034668","0.7682185173034668","0.7682185173034668","","",""
"633","0.7525332570075989","0.7525332570075989","0.7525332570075989","","",""
"634","0.7649034857749939","0.7649034857749939","0.7649034857749939","","",""
"635","0.7572332620620728","0.7572332620620728","0.7572332620620728","","",""
"636","0.7509554624557495","0.7509554624557495","0.7509554624557495","","",""
"637","0.7478092312812805","0.7478092312812805","0.7478092312812805","","",""
"638","0.7506113052368164","0.7506113052368164","0.7506113052368164","","",""
"639","0.7522003054618835","0.7522003054618835","0.7522003054618835","","",""
"640","0.7517371773719788","0.7517371773719788","0.7517371773719788","","",""
"641","0.7535793781280518","0.7535793781280518","0.7535793781280518","","",""
"642","0.7500629425048828","0.7500629425048828","0.7500629425048828","","",""
"643","0.7472283840179443","0.7472283840179443","0.7472283840179443","","",""
"644","0.7523296475410461","0.7523296475410461","0.7523296475410461","","",""
"645","0.7548219561576843","0.7548219561576843","0.7548219561576843","","",""
"646","0.7577136158943176","0.7577136158943176","0.7577136158943176","","",""
"647","0.7539989948272705","0.7539989948272705","0.7539989948272705","","",""
"648","0.7503296732902527","0.7503296732902527","0.7503296732902527","","",""
"649","0.747619092464447","0.747619092464447","0.747619092464447","","",""
"650","0.7492587566375732","0.7492587566375732","0.7492587566375732","","",""
"651","0.7506409287452698","0.7506409287452698","0.7506409287452698","","",""
"652","0.7478713989257812","0.7478713989257812","0.7478713989257812","","",""
"653","0.75215083360672","0.75215083360672","0.75215083360672","","",""
"654","0.7485753297805786","0.7485753297805786","0.7485753297805786","","",""
"655","0.7524244785308838","0.7524244785308838","0.7524244785308838","","",""
"656","0.7485641837120056","0.7485641837120056","0.7485641837120056","","",""
"657","0.7526111602783203","0.7526111602783203","0.7526111602783203","","",""
"658","0.753832221031189","0.753832221031189","0.753832221031189","","",""
"659","0.7465986609458923","0.7465986609458923","0.7465986609458923","","",""
"660","0.7526521682739258","0.7526521682739258","0.7526521682739258","","",""
"661","0.7512075304985046","0.7512075304985046","0.7512075304985046","","",""
"662","0.752480685710907","0.752480685710907","0.752480685710907","","",""
"663","0.7586287260055542","0.7586287260055542","0.7586287260055542","","",""
"664","0.759597897529602","0.759597897529602","0.759597897529602","","",""
"665","0.7538895010948181","0.7538895010948181","0.7538895010948181","","",""
"666","0.7539100050926208","0.7539100050926208","0.7539100050926208","","",""
"667","0.743761420249939","0.743761420249939","0.743761420249939","","",""
"668","0.7499096393585205","0.7499096393585205","0.7499096393585205","","",""
"669","0.7564395666122437","0.7564395666122437","0.7564395666122437","","",""
"670","0.7506495118141174","0.7506495118141174","0.7506495118141174","","",""
"671","0.7750629186630249","0.7750629186630249","0.7750629186630249","","",""
"672","0.753020167350769","0.753020167350769","0.753020167350769","","",""
"673","0.7582716345787048","0.7582716345787048","0.7582716345787048","","",""
"674","0.7482723593711853","0.7482723593711853","0.7482723593711853","","",""
"675","0.7465763092041016","0.7465763092041016","0.7465763092041016","","",""
"676","0.7501687407493591","0.7501687407493591","0.7501687407493591","","",""
"677","0.7579889297485352","0.7579889297485352","0.7579889297485352","","",""
"678","0.7536386251449585","0.7536386251449585","0.7536386251449585","","",""
"679","0.7507633566856384","0.7507633566856384","0.7507633566856384","","",""
"680","0.7505042552947998","0.7505042552947998","0.7505042552947998","","",""
"681","0.7497360110282898","0.7497360110282898","0.7497360110282898","","",""
"682","0.7510964870452881","0.7510964870452881","0.7510964870452881","","",""
"683","0.7484147548675537","0.7484147548675537","0.7484147548675537","","",""
"684","0.7537739276885986","0.7537739276885986","0.7537739276885986","","",""
"685","0.7565695643424988","0.7565695643424988","0.7565695643424988","","",""
"686","0.7577879428863525","0.7577879428863525","0.7577879428863525","","",""
"687","0.7476618885993958","0.7476618885993958","0.7476618885993958","","",""
"688","0.7488753199577332","0.7488753199577332","0.7488753199577332","","",""
"689","0.7490149736404419","0.7490149736404419","0.7490149736404419","","",""
"690","0.7442012429237366","0.7442012429237366","0.7442012429237366","","",""
"691","0.7522130608558655","0.7522130608558655","0.7522130608558655","","",""
"692","0.7539379596710205","0.7539379596710205","0.7539379596710205","","",""
"693","0.7549475431442261","0.7549475431442261","0.7549475431442261","","",""
"694","0.7532455325126648","0.7532455325126648","0.7532455325126648","","",""
"695","0.7530707716941833","0.7530707716941833","0.7530707716941833","","",""
"696","0.752765953540802","0.752765953540802","0.752765953540802","","",""
"697","0.753600537776947","0.753600537776947","0.753600537776947","","",""
"698","0.7488424181938171","0.7488424181938171","0.7488424181938171","","",""
"699","0.7472554445266724","0.7472554445266724","0.7472554445266724","","",""
"700","0.7515288591384888","0.7515288591384888","0.7515288591384888","","",""
"701","0.7505761384963989","0.7505761384963989","0.7505761384963989","","",""
"702","0.7531164288520813","0.7531164288520813","0.7531164288520813","","",""
"703","0.7564483880996704","0.7564483880996704","0.7564483880996704","","",""
"704","0.7607507109642029","0.7607507109642029","0.7607507109642029","","",""
"705","0.7596210837364197","0.7596210837364197","0.7596210837364197","","",""
"706","0.7515779733657837","0.7515779733657837","0.7515779733657837","","",""
"707","0.7497224807739258","0.7497224807739258","0.7497224807739258","","",""
"708","0.7564923167228699","0.7564923167228699","0.7564923167228699","","",""
"709","0.7525463700294495","0.7525463700294495","0.7525463700294495","","",""
"710","0.7739524245262146","0.7739524245262146","0.7739524245262146","","",""
"711","0.7554035782814026","0.7554035782814026","0.7554035782814026","","",""
"712","0.7554779648780823","0.7554779648780823","0.7554779648780823","","",""
"713","0.7502527832984924","0.7502527832984924","0.7502527832984924","","",""