"Step","transformer-2-(bin) - val/auc","transformer-2-(bin) - val/auc__MIN","transformer-2-(bin) - val/auc__MAX","transformer-2 - val/auc","transformer-2 - val/auc__MIN","transformer-2 - val/auc__MAX"
"1","0.5472185015678406","0.5472185015678406","0.5472185015678406","0.5254329442977905","0.5254329442977905","0.5254329442977905"
"2","0.5713351964950562","0.5713351964950562","0.5713351964950562","0.5678892731666565","0.5678892731666565","0.5678892731666565"
"3","0.5899572372436523","0.5899572372436523","0.5899572372436523","0.592644214630127","0.592644214630127","0.592644214630127"
"4","0.6023273468017578","0.6023273468017578","0.6023273468017578","0.6110125780105591","0.6110125780105591","0.6110125780105591"
"5","0.6129395365715027","0.6129395365715027","0.6129395365715027","0.6208380460739136","0.6208380460739136","0.6208380460739136"
"6","0.6214667558670044","0.6214667558670044","0.6214667558670044","0.634194552898407","0.634194552898407","0.634194552898407"
"7","0.6289607286453247","0.6289607286453247","0.6289607286453247","0.6406168937683105","0.6406168937683105","0.6406168937683105"
"8","0.6354477405548096","0.6354477405548096","0.6354477405548096","0.6492506265640259","0.6492506265640259","0.6492506265640259"
"9","0.6405706405639648","0.6405706405639648","0.6405706405639648","0.6540723443031311","0.6540723443031311","0.6540723443031311"
"10","0.6450225114822388","0.6450225114822388","0.6450225114822388","0.658775806427002","0.658775806427002","0.658775806427002"
"11","0.6485289335250854","0.6485289335250854","0.6485289335250854","0.6648935079574585","0.6648935079574585","0.6648935079574585"
"12","0.6518466472625732","0.6518466472625732","0.6518466472625732","0.6687098741531372","0.6687098741531372","0.6687098741531372"
"13","0.6544852256774902","0.6544852256774902","0.6544852256774902","0.6726598143577576","0.6726598143577576","0.6726598143577576"
"14","0.6567736864089966","0.6567736864089966","0.6567736864089966","0.6773890852928162","0.6773890852928162","0.6773890852928162"
"15","0.6588956117630005","0.6588956117630005","0.6588956117630005","0.6819754242897034","0.6819754242897034","0.6819754242897034"
"16","0.6608209609985352","0.6608209609985352","0.6608209609985352","0.6839852333068848","0.6839852333068848","0.6839852333068848"
"17","0.6626741290092468","0.6626741290092468","0.6626741290092468","0.688909649848938","0.688909649848938","0.688909649848938"
"18","0.6645537614822388","0.6645537614822388","0.6645537614822388","0.693663477897644","0.693663477897644","0.693663477897644"
"19","0.666418194770813","0.666418194770813","0.666418194770813","0.6987718343734741","0.6987718343734741","0.6987718343734741"
"20","0.6681194305419922","0.6681194305419922","0.6681194305419922","0.7038190364837646","0.7038190364837646","0.7038190364837646"
"21","0.6700073480606079","0.6700073480606079","0.6700073480606079","0.7093614339828491","0.7093614339828491","0.7093614339828491"
"22","0.6714848875999451","0.6714848875999451","0.6714848875999451","0.7133432030677795","0.7133432030677795","0.7133432030677795"
"23","0.673272967338562","0.673272967338562","0.673272967338562","0.7168970108032227","0.7168970108032227","0.7168970108032227"
"24","0.6747739315032959","0.6747739315032959","0.6747739315032959","0.7231292724609375","0.7231292724609375","0.7231292724609375"
"25","0.6766308546066284","0.6766308546066284","0.6766308546066284","0.7298548817634583","0.7298548817634583","0.7298548817634583"
"26","0.6781918406486511","0.6781918406486511","0.6781918406486511","0.7343016862869263","0.7343016862869263","0.7343016862869263"
"27","0.6797299385070801","0.6797299385070801","0.6797299385070801","0.7387436032295227","0.7387436032295227","0.7387436032295227"
"28","0.6817827224731445","0.6817827224731445","0.6817827224731445","0.7429126501083374","0.7429126501083374","0.7429126501083374"
"29","0.6831879615783691","0.6831879615783691","0.6831879615783691","0.7460814714431763","0.7460814714431763","0.7460814714431763"
"30","0.6849266290664673","0.6849266290664673","0.6849266290664673","0.7485719919204712","0.7485719919204712","0.7485719919204712"
"31","0.6863881349563599","0.6863881349563599","0.6863881349563599","0.7507011890411377","0.7507011890411377","0.7507011890411377"
"32","0.688033938407898","0.688033938407898","0.688033938407898","0.7521284818649292","0.7521284818649292","0.7521284818649292"
"33","0.6893995404243469","0.6893995404243469","0.6893995404243469","0.7528516054153442","0.7528516054153442","0.7528516054153442"
"34","0.6908233761787415","0.6908233761787415","0.6908233761787415","0.7538082003593445","0.7538082003593445","0.7538082003593445"
"35","0.6925197839736938","0.6925197839736938","0.6925197839736938","0.7550164461135864","0.7550164461135864","0.7550164461135864"
"36","0.6941715478897095","0.6941715478897095","0.6941715478897095","0.7555489540100098","0.7555489540100098","0.7555489540100098"
"37","0.695986270904541","0.695986270904541","0.695986270904541","0.7559889554977417","0.7559889554977417","0.7559889554977417"
"38","0.6974374055862427","0.6974374055862427","0.6974374055862427","0.7581263780593872","0.7581263780593872","0.7581263780593872"
"39","0.6989679932594299","0.6989679932594299","0.6989679932594299","0.7603049278259277","0.7603049278259277","0.7603049278259277"
"40","0.7004178762435913","0.7004178762435913","0.7004178762435913","0.7614867687225342","0.7614867687225342","0.7614867687225342"
"41","0.7018701434135437","0.7018701434135437","0.7018701434135437","0.7637981176376343","0.7637981176376343","0.7637981176376343"
"42","0.7031784057617188","0.7031784057617188","0.7031784057617188","0.7678265571594238","0.7678265571594238","0.7678265571594238"
"43","0.7045024633407593","0.7045024633407593","0.7045024633407593","0.7706491351127625","0.7706491351127625","0.7706491351127625"
"44","0.7059990167617798","0.7059990167617798","0.7059990167617798","0.7729513049125671","0.7729513049125671","0.7729513049125671"
"45","0.7074923515319824","0.7074923515319824","0.7074923515319824","0.7755738496780396","0.7755738496780396","0.7755738496780396"
"46","0.7089403867721558","0.7089403867721558","0.7089403867721558","0.7765949368476868","0.7765949368476868","0.7765949368476868"
"47","0.7104073762893677","0.7104073762893677","0.7104073762893677","0.7761048078536987","0.7761048078536987","0.7761048078536987"
"48","0.7116246819496155","0.7116246819496155","0.7116246819496155","0.7789918184280396","0.7789918184280396","0.7789918184280396"
"49","0.712925910949707","0.712925910949707","0.712925910949707","0.7799546718597412","0.7799546718597412","0.7799546718597412"
"50","0.714169979095459","0.714169979095459","0.714169979095459","0.7813401222229004","0.7813401222229004","0.7813401222229004"
"51","0.7154272794723511","0.7154272794723511","0.7154272794723511","0.7823489904403687","0.7823489904403687","0.7823489904403687"
"52","0.7167341709136963","0.7167341709136963","0.7167341709136963","0.7820039987564087","0.7820039987564087","0.7820039987564087"
"53","0.7179484367370605","0.7179484367370605","0.7179484367370605","0.7838643789291382","0.7838643789291382","0.7838643789291382"
"54","0.7193692922592163","0.7193692922592163","0.7193692922592163","0.7848770022392273","0.7848770022392273","0.7848770022392273"
"55","0.7204849720001221","0.7204849720001221","0.7204849720001221","0.7862063646316528","0.7862063646316528","0.7862063646316528"
"56","0.7215554714202881","0.7215554714202881","0.7215554714202881","0.7880786657333374","0.7880786657333374","0.7880786657333374"
"57","0.7226414680480957","0.7226414680480957","0.7226414680480957","0.7898491621017456","0.7898491621017456","0.7898491621017456"
"58","0.7236764430999756","0.7236764430999756","0.7236764430999756","0.7902858257293701","0.7902858257293701","0.7902858257293701"
"59","0.7247081398963928","0.7247081398963928","0.7247081398963928","0.7904101610183716","0.7904101610183716","0.7904101610183716"
"60","0.725845992565155","0.725845992565155","0.725845992565155","0.7909063100814819","0.7909063100814819","0.7909063100814819"
"61","0.726679801940918","0.726679801940918","0.726679801940918","0.7928367853164673","0.7928367853164673","0.7928367853164673"
"62","0.7278087139129639","0.7278087139129639","0.7278087139129639","0.7937623858451843","0.7937623858451843","0.7937623858451843"
"63","0.7287728786468506","0.7287728786468506","0.7287728786468506","0.7952775955200195","0.7952775955200195","0.7952775955200195"
"64","0.7297184467315674","0.7297184467315674","0.7297184467315674","0.794511616230011","0.794511616230011","0.794511616230011"
"65","0.7304638624191284","0.7304638624191284","0.7304638624191284","0.7963173389434814","0.7963173389434814","0.7963173389434814"
"66","0.7312387228012085","0.7312387228012085","0.7312387228012085","0.799080491065979","0.799080491065979","0.799080491065979"
"67","0.7319592237472534","0.7319592237472534","0.7319592237472534","0.7980891466140747","0.7980891466140747","0.7980891466140747"
"68","0.732775866985321","0.732775866985321","0.732775866985321","0.7999624013900757","0.7999624013900757","0.7999624013900757"
"69","0.7334860563278198","0.7334860563278198","0.7334860563278198","0.8013843297958374","0.8013843297958374","0.8013843297958374"
"70","0.7341269850730896","0.7341269850730896","0.7341269850730896","0.801568865776062","0.801568865776062","0.801568865776062"
"71","0.7347739934921265","0.7347739934921265","0.7347739934921265","0.7998573780059814","0.7998573780059814","0.7998573780059814"
"72","0.735540509223938","0.735540509223938","0.735540509223938","0.8003813624382019","0.8003813624382019","0.8003813624382019"
"73","0.7361011505126953","0.7361011505126953","0.7361011505126953","0.8039443492889404","0.8039443492889404","0.8039443492889404"
"74","0.7365410327911377","0.7365410327911377","0.7365410327911377","0.8037461638450623","0.8037461638450623","0.8037461638450623"
"75","0.7371401190757751","0.7371401190757751","0.7371401190757751","0.8029104471206665","0.8029104471206665","0.8029104471206665"
"76","0.7375363111495972","0.7375363111495972","0.7375363111495972","0.8062983751296997","0.8062983751296997","0.8062983751296997"
"77","0.737960159778595","0.737960159778595","0.737960159778595","0.807563066482544","0.807563066482544","0.807563066482544"
"78","0.7383782863616943","0.7383782863616943","0.7383782863616943","0.8067225813865662","0.8067225813865662","0.8067225813865662"
"79","0.73888099193573","0.73888099193573","0.73888099193573","0.8088594675064087","0.8088594675064087","0.8088594675064087"
"80","0.7392369508743286","0.7392369508743286","0.7392369508743286","0.808230996131897","0.808230996131897","0.808230996131897"
"81","0.7394751906394958","0.7394751906394958","0.7394751906394958","0.8061507344245911","0.8061507344245911","0.8061507344245911"
"82","0.7397799491882324","0.7397799491882324","0.7397799491882324","0.8110184669494629","0.8110184669494629","0.8110184669494629"
"83","0.7398577928543091","0.7398577928543091","0.7398577928543091","0.8082776069641113","0.8082776069641113","0.8082776069641113"
"84","0.7401281595230103","0.7401281595230103","0.7401281595230103","0.8085072040557861","0.8085072040557861","0.8085072040557861"
"85","0.74033522605896","0.74033522605896","0.74033522605896","0.8127756714820862","0.8127756714820862","0.8127756714820862"
"86","0.7406113147735596","0.7406113147735596","0.7406113147735596","0.8134742975234985","0.8134742975234985","0.8134742975234985"
"87","0.7408038377761841","0.7408038377761841","0.7408038377761841","0.8124343752861023","0.8124343752861023","0.8124343752861023"
"88","0.7409473657608032","0.7409473657608032","0.7409473657608032","0.8150085210800171","0.8150085210800171","0.8150085210800171"
"89","0.7412474751472473","0.7412474751472473","0.7412474751472473","0.815410852432251","0.815410852432251","0.815410852432251"
"90","0.7414577007293701","0.7414577007293701","0.7414577007293701","0.8140913248062134","0.8140913248062134","0.8140913248062134"
"91","0.7416535019874573","0.7416535019874573","0.7416535019874573","0.8164839744567871","0.8164839744567871","0.8164839744567871"
"92","0.7418498992919922","0.7418498992919922","0.7418498992919922","0.8172155618667603","0.8172155618667603","0.8172155618667603"
"93","0.7421890497207642","0.7421890497207642","0.7421890497207642","0.8172568082809448","0.8172568082809448","0.8172568082809448"
"94","0.7425038814544678","0.7425038814544678","0.7425038814544678","0.8185251951217651","0.8185251951217651","0.8185251951217651"
"95","0.7427367568016052","0.7427367568016052","0.7427367568016052","0.8186535835266113","0.8186535835266113","0.8186535835266113"
"96","0.7428672313690186","0.7428672313690186","0.7428672313690186","0.8184311985969543","0.8184311985969543","0.8184311985969543"
"97","0.7430802583694458","0.7430802583694458","0.7430802583694458","0.8194918036460876","0.8194918036460876","0.8194918036460876"
"98","0.7433916330337524","0.7433916330337524","0.7433916330337524","0.820514440536499","0.820514440536499","0.820514440536499"
"99","0.7437088489532471","0.7437088489532471","0.7437088489532471","0.8204479217529297","0.8204479217529297","0.8204479217529297"
"100","0.7440987825393677","0.7440987825393677","0.7440987825393677","0.821473240852356","0.821473240852356","0.821473240852356"
"101","0.744349479675293","0.744349479675293","0.744349479675293","0.8225604295730591","0.8225604295730591","0.8225604295730591"
"102","0.7445589303970337","0.7445589303970337","0.7445589303970337","0.8236773014068604","0.8236773014068604","0.8236773014068604"
"103","0.7448304891586304","0.7448304891586304","0.7448304891586304","0.8235036134719849","0.8235036134719849","0.8235036134719849"
"104","0.7451785206794739","0.7451785206794739","0.7451785206794739","0.8247612714767456","0.8247612714767456","0.8247612714767456"
"105","0.7455140352249146","0.7455140352249146","0.7455140352249146","0.8240362405776978","0.8240362405776978","0.8240362405776978"
"106","0.7459549903869629","0.7459549903869629","0.7459549903869629","0.8245086073875427","0.8245086073875427","0.8245086073875427"
"107","0.746341347694397","0.746341347694397","0.746341347694397","0.825751781463623","0.825751781463623","0.825751781463623"
"108","0.7468114495277405","0.7468114495277405","0.7468114495277405","0.8254772424697876","0.8254772424697876","0.8254772424697876"
"109","0.747252345085144","0.747252345085144","0.747252345085144","0.8264279961585999","0.8264279961585999","0.8264279961585999"
"110","0.7476229667663574","0.7476229667663574","0.7476229667663574","0.8267211318016052","0.8267211318016052","0.8267211318016052"
"111","0.748050332069397","0.748050332069397","0.748050332069397","0.8264912962913513","0.8264912962913513","0.8264912962913513"
"112","0.7487021684646606","0.7487021684646606","0.7487021684646606","0.8275232315063477","0.8275232315063477","0.8275232315063477"
"113","0.7493027448654175","0.7493027448654175","0.7493027448654175","0.8269332647323608","0.8269332647323608","0.8269332647323608"
"114","0.749803900718689","0.749803900718689","0.749803900718689","0.8273295164108276","0.8273295164108276","0.8273295164108276"
"115","0.750411868095398","0.750411868095398","0.750411868095398","0.8283740282058716","0.8283740282058716","0.8283740282058716"
"116","0.750882089138031","0.750882089138031","0.750882089138031","0.8280090689659119","0.8280090689659119","0.8280090689659119"
"117","0.7513634562492371","0.7513634562492371","0.7513634562492371","0.8285046815872192","0.8285046815872192","0.8285046815872192"
"118","0.7519763112068176","0.7519763112068176","0.7519763112068176","0.8294366598129272","0.8294366598129272","0.8294366598129272"
"119","0.752424418926239","0.752424418926239","0.752424418926239","0.8285815119743347","0.8285815119743347","0.8285815119743347"
"120","0.7528747916221619","0.7528747916221619","0.7528747916221619","0.8295753002166748","0.8295753002166748","0.8295753002166748"
"121","0.7534778714179993","0.7534778714179993","0.7534778714179993","0.8301923274993896","0.8301923274993896","0.8301923274993896"
"122","0.7539489269256592","0.7539489269256592","0.7539489269256592","0.8298369646072388","0.8298369646072388","0.8298369646072388"
"123","0.7543438076972961","0.7543438076972961","0.7543438076972961","0.8303593993186951","0.8303593993186951","0.8303593993186951"
"124","0.7547757625579834","0.7547757625579834","0.7547757625579834","0.8299835324287415","0.8299835324287415","0.8299835324287415"
"125","0.7553499937057495","0.7553499937057495","0.7553499937057495","0.83060622215271","0.83060622215271","0.83060622215271"
"126","0.7556281685829163","0.7556281685829163","0.7556281685829163","0.8289638757705688","0.8289638757705688","0.8289638757705688"
"127","0.7563510537147522","0.7563510537147522","0.7563510537147522","0.8305604457855225","0.8305604457855225","0.8305604457855225"
"128","0.7567927837371826","0.7567927837371826","0.7567927837371826","0.8315556049346924","0.8315556049346924","0.8315556049346924"
"129","0.7572966814041138","0.7572966814041138","0.7572966814041138","0.8315334916114807","0.8315334916114807","0.8315334916114807"
"130","0.7577208280563354","0.7577208280563354","0.7577208280563354","0.8320235013961792","0.8320235013961792","0.8320235013961792"
"131","0.7583791613578796","0.7583791613578796","0.7583791613578796","0.8324058651924133","0.8324058651924133","0.8324058651924133"
"132","0.7591250538825989","0.7591250538825989","0.7591250538825989","0.8325249552726746","0.8325249552726746","0.8325249552726746"
"133","0.7596325874328613","0.7596325874328613","0.7596325874328613","0.8322650194168091","0.8322650194168091","0.8322650194168091"
"134","0.7606042623519897","0.7606042623519897","0.7606042623519897","0.8326739072799683","0.8326739072799683","0.8326739072799683"
"135","0.7614238262176514","0.7614238262176514","0.7614238262176514","0.832202672958374","0.832202672958374","0.832202672958374"
"136","0.7621905207633972","0.7621905207633972","0.7621905207633972","0.832273006439209","0.832273006439209","0.832273006439209"
"137","0.7629515528678894","0.7629515528678894","0.7629515528678894","0.8314294815063477","0.8314294815063477","0.8314294815063477"
"138","0.7637091875076294","0.7637091875076294","0.7637091875076294","0.8332109451293945","0.8332109451293945","0.8332109451293945"
"139","0.7646738290786743","0.7646738290786743","0.7646738290786743","0.8328695297241211","0.8328695297241211","0.8328695297241211"
"140","0.7655619382858276","0.7655619382858276","0.7655619382858276","0.8339979648590088","0.8339979648590088","0.8339979648590088"
"141","0.7663588523864746","0.7663588523864746","0.7663588523864746","0.8348050713539124","0.8348050713539124","0.8348050713539124"
"142","0.7672438025474548","0.7672438025474548","0.7672438025474548","0.8344430327415466","0.8344430327415466","0.8344430327415466"
"143","0.767912745475769","0.767912745475769","0.767912745475769","0.8347084522247314","0.8347084522247314","0.8347084522247314"
"144","0.7686521410942078","0.7686521410942078","0.7686521410942078","0.8353250026702881","0.8353250026702881","0.8353250026702881"
"145","0.7692735195159912","0.7692735195159912","0.7692735195159912","0.8336834907531738","0.8336834907531738","0.8336834907531738"
"146","0.7699096202850342","0.7699096202850342","0.7699096202850342","0.8322140574455261","0.8322140574455261","0.8322140574455261"
"147","0.7705854177474976","0.7705854177474976","0.7705854177474976","0.833578884601593","0.833578884601593","0.833578884601593"
"148","0.7711852192878723","0.7711852192878723","0.7711852192878723","0.8312439918518066","0.8312439918518066","0.8312439918518066"
"149","0.7718194723129272","0.7718194723129272","0.7718194723129272","0.8347049951553345","0.8347049951553345","0.8347049951553345"
"150","0.7723726034164429","0.7723726034164429","0.7723726034164429","0.8345786333084106","0.8345786333084106","0.8345786333084106"
"151","0.7728738784790039","0.7728738784790039","0.7728738784790039","0.8365437984466553","0.8365437984466553","0.8365437984466553"
"152","0.7734998464584351","0.7734998464584351","0.7734998464584351","0.8359165191650391","0.8359165191650391","0.8359165191650391"
"153","0.7739092111587524","0.7739092111587524","0.7739092111587524","0.8368967175483704","0.8368967175483704","0.8368967175483704"
"154","0.7744415402412415","0.7744415402412415","0.7744415402412415","0.8370602130889893","0.8370602130889893","0.8370602130889893"
"155","0.7748380899429321","0.7748380899429321","0.7748380899429321","0.8377772569656372","0.8377772569656372","0.8377772569656372"
"156","0.7753562927246094","0.7753562927246094","0.7753562927246094","0.8374095559120178","0.8374095559120178","0.8374095559120178"
"157","0.7758184671401978","0.7758184671401978","0.7758184671401978","0.8381925821304321","0.8381925821304321","0.8381925821304321"
"158","0.7762347459793091","0.7762347459793091","0.7762347459793091","0.8379796147346497","0.8379796147346497","0.8379796147346497"
"159","0.7766356468200684","0.7766356468200684","0.7766356468200684","0.8384997844696045","0.8384997844696045","0.8384997844696045"
"160","0.7770165205001831","0.7770165205001831","0.7770165205001831","0.8373422026634216","0.8373422026634216","0.8373422026634216"
"161","0.7773886919021606","0.7773886919021606","0.7773886919021606","0.8390275239944458","0.8390275239944458","0.8390275239944458"
"162","0.7775139212608337","0.7775139212608337","0.7775139212608337","0.8375420570373535","0.8375420570373535","0.8375420570373535"
"163","0.7780400514602661","0.7780400514602661","0.7780400514602661","0.8373020887374878","0.8373020887374878","0.8373020887374878"
"164","0.7784193158149719","0.7784193158149719","0.7784193158149719","0.8381143808364868","0.8381143808364868","0.8381143808364868"
"165","0.7788543701171875","0.7788543701171875","0.7788543701171875","0.8366924524307251","0.8366924524307251","0.8366924524307251"
"166","0.779218316078186","0.779218316078186","0.779218316078186","0.8379992842674255","0.8379992842674255","0.8379992842674255"
"167","0.7795642018318176","0.7795642018318176","0.7795642018318176","0.8388546705245972","0.8388546705245972","0.8388546705245972"
"168","0.7799551486968994","0.7799551486968994","0.7799551486968994","0.8387079238891602","0.8387079238891602","0.8387079238891602"
"169","0.7803745269775391","0.7803745269775391","0.7803745269775391","0.8394944667816162","0.8394944667816162","0.8394944667816162"
"170","0.7807453870773315","0.7807453870773315","0.7807453870773315","0.8396223783493042","0.8396223783493042","0.8396223783493042"
"171","0.7810076475143433","0.7810076475143433","0.7810076475143433","0.840300440788269","0.840300440788269","0.840300440788269"
"172","0.7814657688140869","0.7814657688140869","0.7814657688140869","0.840446949005127","0.840446949005127","0.840446949005127"
"173","0.7819086313247681","0.7819086313247681","0.7819086313247681","0.8380950689315796","0.8380950689315796","0.8380950689315796"
"174","0.7823801040649414","0.7823801040649414","0.7823801040649414","0.840461254119873","0.840461254119873","0.840461254119873"
"175","0.7827672958374023","0.7827672958374023","0.7827672958374023","0.8405618667602539","0.8405618667602539","0.8405618667602539"
"176","0.7831162214279175","0.7831162214279175","0.7831162214279175","0.8406811952590942","0.8406811952590942","0.8406811952590942"
"177","0.7834838628768921","0.7834838628768921","0.7834838628768921","0.840752124786377","0.840752124786377","0.840752124786377"
"178","0.7837321758270264","0.7837321758270264","0.7837321758270264","0.8405057787895203","0.8405057787895203","0.8405057787895203"
"179","0.7842676043510437","0.7842676043510437","0.7842676043510437","0.8414252996444702","0.8414252996444702","0.8414252996444702"
"180","0.7845567464828491","0.7845567464828491","0.7845567464828491","0.8409745097160339","0.8409745097160339","0.8409745097160339"
"181","0.784838080406189","0.784838080406189","0.784838080406189","0.8422234058380127","0.8422234058380127","0.8422234058380127"
"182","0.7852553129196167","0.7852553129196167","0.7852553129196167","0.8412348628044128","0.8412348628044128","0.8412348628044128"
"183","0.7855264544487","0.7855264544487","0.7855264544487","0.8412826061248779","0.8412826061248779","0.8412826061248779"
"184","0.7856805920600891","0.7856805920600891","0.7856805920600891","0.8407946825027466","0.8407946825027466","0.8407946825027466"
"185","0.7862114310264587","0.7862114310264587","0.7862114310264587","0.8424127101898193","0.8424127101898193","0.8424127101898193"
"186","0.7863861322402954","0.7863861322402954","0.7863861322402954","0.8422853946685791","0.8422853946685791","0.8422853946685791"
"187","0.7866300344467163","0.7866300344467163","0.7866300344467163","0.8412008285522461","0.8412008285522461","0.8412008285522461"
"188","0.7868385910987854","0.7868385910987854","0.7868385910987854","0.8423030376434326","0.8423030376434326","0.8423030376434326"
"189","0.7872041463851929","0.7872041463851929","0.7872041463851929","0.8428314328193665","0.8428314328193665","0.8428314328193665"
"190","0.7875547409057617","0.7875547409057617","0.7875547409057617","0.8409931659698486","0.8409931659698486","0.8409931659698486"
"191","0.7877230048179626","0.7877230048179626","0.7877230048179626","0.8427573442459106","0.8427573442459106","0.8427573442459106"
"192","0.7879884243011475","0.7879884243011475","0.7879884243011475","0.8425818681716919","0.8425818681716919","0.8425818681716919"
"193","0.7880648374557495","0.7880648374557495","0.7880648374557495","0.8414607048034668","0.8414607048034668","0.8414607048034668"
"194","0.7883833050727844","0.7883833050727844","0.7883833050727844","0.8428962230682373","0.8428962230682373","0.8428962230682373"
"195","0.788735032081604","0.788735032081604","0.788735032081604","0.8419636487960815","0.8419636487960815","0.8419636487960815"
"196","0.7890196442604065","0.7890196442604065","0.7890196442604065","0.8423217535018921","0.8423217535018921","0.8423217535018921"
"197","0.7893224954605103","0.7893224954605103","0.7893224954605103","0.8434486389160156","0.8434486389160156","0.8434486389160156"
"198","0.7895551919937134","0.7895551919937134","0.7895551919937134","0.8428643941879272","0.8428643941879272","0.8428643941879272"
"199","0.7896914482116699","0.7896914482116699","0.7896914482116699","0.8431503772735596","0.8431503772735596","0.8431503772735596"
"200","0.7899561524391174","0.7899561524391174","0.7899561524391174","0.8436743021011353","0.8436743021011353","0.8436743021011353"
"201","0.7901217341423035","0.7901217341423035","0.7901217341423035","0.843231737613678","0.843231737613678","0.843231737613678"
"202","0.7906031608581543","0.7906031608581543","0.7906031608581543","0.8437890410423279","0.8437890410423279","0.8437890410423279"
"203","0.7906697988510132","0.7906697988510132","0.7906697988510132","0.8423453569412231","0.8423453569412231","0.8423453569412231"
"204","0.7909801006317139","0.7909801006317139","0.7909801006317139","0.8435323238372803","0.8435323238372803","0.8435323238372803"
"205","0.7911071181297302","0.7911071181297302","0.7911071181297302","0.8442187905311584","0.8442187905311584","0.8442187905311584"
"206","0.7914800047874451","0.7914800047874451","0.7914800047874451","0.8428420424461365","0.8428420424461365","0.8428420424461365"
"207","0.7916386127471924","0.7916386127471924","0.7916386127471924","0.8445453643798828","0.8445453643798828","0.8445453643798828"
"208","0.7918353080749512","0.7918353080749512","0.7918353080749512","0.843589186668396","0.843589186668396","0.843589186668396"
"209","0.7921327352523804","0.7921327352523804","0.7921327352523804","0.8429303169250488","0.8429303169250488","0.8429303169250488"
"210","0.7923879623413086","0.7923879623413086","0.7923879623413086","0.8430664539337158","0.8430664539337158","0.8430664539337158"
"211","0.7927346229553223","0.7927346229553223","0.7927346229553223","0.8441027402877808","0.8441027402877808","0.8441027402877808"
"212","0.7927596569061279","0.7927596569061279","0.7927596569061279","0.844460666179657","0.844460666179657","0.844460666179657"
"213","0.7931035757064819","0.7931035757064819","0.7931035757064819","0.8443603515625","0.8443603515625","0.8443603515625"
"214","0.7931609153747559","0.7931609153747559","0.7931609153747559","0.8443737030029297","0.8443737030029297","0.8443737030029297"
"215","0.793839693069458","0.793839693069458","0.793839693069458","0.8437488079071045","0.8437488079071045","0.8437488079071045"
"216","0.7939711809158325","0.7939711809158325","0.7939711809158325","0.8450455069541931","0.8450455069541931","0.8450455069541931"
"217","0.7940922379493713","0.7940922379493713","0.7940922379493713","0.844573974609375","0.844573974609375","0.844573974609375"
"218","0.7944947481155396","0.7944947481155396","0.7944947481155396","0.8445252180099487","0.8445252180099487","0.8445252180099487"
"219","0.7947056293487549","0.7947056293487549","0.7947056293487549","0.8440091609954834","0.8440091609954834","0.8440091609954834"
"220","0.7950646877288818","0.7950646877288818","0.7950646877288818","0.8444305658340454","0.8444305658340454","0.8444305658340454"
"221","0.7949771285057068","0.7949771285057068","0.7949771285057068","0.8447405099868774","0.8447405099868774","0.8447405099868774"
"222","0.7954948544502258","0.7954948544502258","0.7954948544502258","0.8448765277862549","0.8448765277862549","0.8448765277862549"
"223","0.7961077094078064","0.7961077094078064","0.7961077094078064","0.8434757590293884","0.8434757590293884","0.8434757590293884"
"224","0.7959538102149963","0.7959538102149963","0.7959538102149963","0.8455123901367188","0.8455123901367188","0.8455123901367188"
"225","0.7965848445892334","0.7965848445892334","0.7965848445892334","0.8451168537139893","0.8451168537139893","0.8451168537139893"
"226","0.7968194484710693","0.7968194484710693","0.7968194484710693","0.8454709053039551","0.8454709053039551","0.8454709053039551"
"227","0.7969944477081299","0.7969944477081299","0.7969944477081299","0.843752384185791","0.843752384185791","0.843752384185791"
"228","0.7975453734397888","0.7975453734397888","0.7975453734397888","0.845390796661377","0.845390796661377","0.845390796661377"
"229","0.7975872159004211","0.7975872159004211","0.7975872159004211","0.8455458879470825","0.8455458879470825","0.8455458879470825"
"230","0.7980020046234131","0.7980020046234131","0.7980020046234131","0.843407392501831","0.843407392501831","0.843407392501831"
"231","0.798266589641571","0.798266589641571","0.798266589641571","0.8447592854499817","0.8447592854499817","0.8447592854499817"
"232","0.7985999584197998","0.7985999584197998","0.7985999584197998","0.8447191715240479","0.8447191715240479","0.8447191715240479"
"233","0.7989745140075684","0.7989745140075684","0.7989745140075684","0.8455833196640015","0.8455833196640015","0.8455833196640015"
"234","0.79924476146698","0.79924476146698","0.79924476146698","0.8445940017700195","0.8445940017700195","0.8445940017700195"
"235","0.7994338274002075","0.7994338274002075","0.7994338274002075","0.8457905054092407","0.8457905054092407","0.8457905054092407"
"236","0.7997908592224121","0.7997908592224121","0.7997908592224121","0.84493088722229","0.84493088722229","0.84493088722229"
"237","0.7999387979507446","0.7999387979507446","0.7999387979507446","0.8459321856498718","0.8459321856498718","0.8459321856498718"
"238","0.8004544973373413","0.8004544973373413","0.8004544973373413","0.84563148021698","0.84563148021698","0.84563148021698"
"239","0.8006938099861145","0.8006938099861145","0.8006938099861145","0.84619140625","0.84619140625","0.84619140625"
"240","0.8007196187973022","0.8007196187973022","0.8007196187973022","0.8450076580047607","0.8450076580047607","0.8450076580047607"
"241","0.8006150722503662","0.8006150722503662","0.8006150722503662","0.8461621403694153","0.8461621403694153","0.8461621403694153"
"242","0.8011912107467651","0.8011912107467651","0.8011912107467651","0.8453108072280884","0.8453108072280884","0.8453108072280884"
"243","0.8012169599533081","0.8012169599533081","0.8012169599533081","0.8463670015335083","0.8463670015335083","0.8463670015335083"
"244","0.8019277453422546","0.8019277453422546","0.8019277453422546","0.8459949493408203","0.8459949493408203","0.8459949493408203"
"245","0.8019967079162598","0.8019967079162598","0.8019967079162598","0.845352292060852","0.845352292060852","0.845352292060852"
"246","0.8023294806480408","0.8023294806480408","0.8023294806480408","0.8462878465652466","0.8462878465652466","0.8462878465652466"
"247","0.8023800849914551","0.8023800849914551","0.8023800849914551","0.8459519147872925","0.8459519147872925","0.8459519147872925"
"248","0.8026806712150574","0.8026806712150574","0.8026806712150574","0.8461776971817017","0.8461776971817017","0.8461776971817017"
"249","0.8028392791748047","0.8028392791748047","0.8028392791748047","0.8471957445144653","0.8471957445144653","0.8471957445144653"
"250","0.8029453754425049","0.8029453754425049","0.8029453754425049","0.8463337421417236","0.8463337421417236","0.8463337421417236"
"251","0.8034852743148804","0.8034852743148804","0.8034852743148804","0.8461079597473145","0.8461079597473145","0.8461079597473145"
"252","0.8036447763442993","0.8036447763442993","0.8036447763442993","0.8463287353515625","0.8463287353515625","0.8463287353515625"
"253","0.8039985299110413","0.8039985299110413","0.8039985299110413","0.8469178080558777","0.8469178080558777","0.8469178080558777"
"254","0.8041818737983704","0.8041818737983704","0.8041818737983704","0.8471558094024658","0.8471558094024658","0.8471558094024658"
"255","0.8042579889297485","0.8042579889297485","0.8042579889297485","0.8467755317687988","0.8467755317687988","0.8467755317687988"
"256","0.804538905620575","0.804538905620575","0.804538905620575","0.8463568687438965","0.8463568687438965","0.8463568687438965"
"257","0.8046572208404541","0.8046572208404541","0.8046572208404541","0.846216082572937","0.846216082572937","0.846216082572937"
"258","0.8050556778907776","0.8050556778907776","0.8050556778907776","0.8462555408477783","0.8462555408477783","0.8462555408477783"
"259","0.8053907752037048","0.8053907752037048","0.8053907752037048","0.8473926186561584","0.8473926186561584","0.8473926186561584"
"260","0.8053231239318848","0.8053231239318848","0.8053231239318848","0.8465244770050049","0.8465244770050049","0.8465244770050049"
"261","0.805688202381134","0.805688202381134","0.805688202381134","0.8466572761535645","0.8466572761535645","0.8466572761535645"
"262","0.8058838844299316","0.8058838844299316","0.8058838844299316","0.8473367691040039","0.8473367691040039","0.8473367691040039"
"263","0.8060716390609741","0.8060716390609741","0.8060716390609741","0.8470140695571899","0.8470140695571899","0.8470140695571899"
"264","0.8060739040374756","0.8060739040374756","0.8060739040374756","0.8471678495407104","0.8471678495407104","0.8471678495407104"
"265","0.8062858581542969","0.8062858581542969","0.8062858581542969","0.8470502495765686","0.8470502495765686","0.8470502495765686"
"266","0.8062597513198853","0.8062597513198853","0.8062597513198853","0.8470433354377747","0.8470433354377747","0.8470433354377747"
"267","0.8067967891693115","0.8067967891693115","0.8067967891693115","0.8463449478149414","0.8463449478149414","0.8463449478149414"
"268","0.8068382740020752","0.8068382740020752","0.8068382740020752","0.8473126888275146","0.8473126888275146","0.8473126888275146"
"269","0.8067066073417664","0.8067066073417664","0.8067066073417664","0.8477929830551147","0.8477929830551147","0.8477929830551147"
"270","0.8072523474693298","0.8072523474693298","0.8072523474693298","0.8467549681663513","0.8467549681663513","0.8467549681663513"
"271","0.8072546720504761","0.8072546720504761","0.8072546720504761","0.8474043607711792","0.8474043607711792","0.8474043607711792"
"272","0.8074719905853271","0.8074719905853271","0.8074719905853271","0.8475810289382935","0.8475810289382935","0.8475810289382935"
"273","0.8077002167701721","0.8077002167701721","0.8077002167701721","0.8473720550537109","0.8473720550537109","0.8473720550537109"
"274","0.8075006604194641","0.8075006604194641","0.8075006604194641","0.8473947048187256","0.8473947048187256","0.8473947048187256"
"275","0.8079140782356262","0.8079140782356262","0.8079140782356262","0.8472926616668701","0.8472926616668701","0.8472926616668701"
"276","0.8080890774726868","0.8080890774726868","0.8080890774726868","0.847557008266449","0.847557008266449","0.847557008266449"
"277","0.8082687258720398","0.8082687258720398","0.8082687258720398","0.847577691078186","0.847577691078186","0.847577691078186"
"278","0.8083228468894958","0.8083228468894958","0.8083228468894958","0.8476639986038208","0.8476639986038208","0.8476639986038208"
"279","0.8085936307907104","0.8085936307907104","0.8085936307907104","0.8472671508789062","0.8472671508789062","0.8472671508789062"
"280","0.8085843920707703","0.8085843920707703","0.8085843920707703","0.845475971698761","0.845475971698761","0.845475971698761"
"281","0.8088701963424683","0.8088701963424683","0.8088701963424683","0.8482265472412109","0.8482265472412109","0.8482265472412109"
"282","0.8089449405670166","0.8089449405670166","0.8089449405670166","0.8481980562210083","0.8481980562210083","0.8481980562210083"
"283","0.8091380596160889","0.8091380596160889","0.8091380596160889","0.8480935096740723","0.8480935096740723","0.8480935096740723"
"284","0.8091107606887817","0.8091107606887817","0.8091107606887817","0.8475225567817688","0.8475225567817688","0.8475225567817688"
"285","0.809195339679718","0.809195339679718","0.809195339679718","0.8477771282196045","0.8477771282196045","0.8477771282196045"
"286","0.8094350099563599","0.8094350099563599","0.8094350099563599","0.8482654094696045","0.8482654094696045","0.8482654094696045"
"287","0.8094184398651123","0.8094184398651123","0.8094184398651123","0.8471463918685913","0.8471463918685913","0.8471463918685913"
"288","0.8092188239097595","0.8092188239097595","0.8092188239097595","0.8480996489524841","0.8480996489524841","0.8480996489524841"
"289","0.8096230030059814","0.8096230030059814","0.8096230030059814","0.8478610515594482","0.8478610515594482","0.8478610515594482"
"290","0.8096615076065063","0.8096615076065063","0.8096615076065063","0.8475042581558228","0.8475042581558228","0.8475042581558228"
"291","0.8099570274353027","0.8099570274353027","0.8099570274353027","0.8478821516036987","0.8478821516036987","0.8478821516036987"
"292","0.8097546696662903","0.8097546696662903","0.8097546696662903","0.8478652238845825","0.8478652238845825","0.8478652238845825"
"293","0.809726357460022","0.809726357460022","0.809726357460022","0.8487392663955688","0.8487392663955688","0.8487392663955688"
"294","0.8100149035453796","0.8100149035453796","0.8100149035453796","0.8471550345420837","0.8471550345420837","0.8471550345420837"
"295","0.810332715511322","0.810332715511322","0.810332715511322","0.8483328223228455","0.8483328223228455","0.8483328223228455"
"296","0.8103956580162048","0.8103956580162048","0.8103956580162048","0.8485639691352844","0.8485639691352844","0.8485639691352844"
"297","0.8104940056800842","0.8104940056800842","0.8104940056800842","0.8477181196212769","0.8477181196212769","0.8477181196212769"
"298","0.8105065822601318","0.8105065822601318","0.8105065822601318","0.8483148813247681","0.8483148813247681","0.8483148813247681"
"299","0.810814619064331","0.810814619064331","0.810814619064331","0.8470196723937988","0.8470196723937988","0.8470196723937988"
"300","0.8106995224952698","0.8106995224952698","0.8106995224952698","0.8478325605392456","0.8478325605392456","0.8478325605392456"
"301","0.8108465671539307","0.8108465671539307","0.8108465671539307","0.8478878140449524","0.8478878140449524","0.8478878140449524"
"302","0.8107743263244629","0.8107743263244629","0.8107743263244629","0.848337709903717","0.848337709903717","0.848337709903717"
"303","0.8109965920448303","0.8109965920448303","0.8109965920448303","0.8484729528427124","0.8484729528427124","0.8484729528427124"
"304","0.81110680103302","0.81110680103302","0.81110680103302","0.8485658168792725","0.8485658168792725","0.8485658168792725"
"305","0.8113121390342712","0.8113121390342712","0.8113121390342712","0.8477829694747925","0.8477829694747925","0.8477829694747925"
"306","0.8113123178482056","0.8113123178482056","0.8113123178482056","0.8474035263061523","0.8474035263061523","0.8474035263061523"
"307","0.8113162517547607","0.8113162517547607","0.8113162517547607","0.8466832637786865","0.8466832637786865","0.8466832637786865"
"308","0.811516284942627","0.811516284942627","0.811516284942627","0.8482484221458435","0.8482484221458435","0.8482484221458435"
"309","0.8115025758743286","0.8115025758743286","0.8115025758743286","0.8485243320465088","0.8485243320465088","0.8485243320465088"
"310","0.8116785883903503","0.8116785883903503","0.8116785883903503","0.8486136198043823","0.8486136198043823","0.8486136198043823"
"311","0.8116598129272461","0.8116598129272461","0.8116598129272461","0.8484230637550354","0.8484230637550354","0.8484230637550354"
"312","0.8118561506271362","0.8118561506271362","0.8118561506271362","0.847870409488678","0.847870409488678","0.847870409488678"
"313","0.8119692206382751","0.8119692206382751","0.8119692206382751","0.8480136394500732","0.8480136394500732","0.8480136394500732"
"314","0.8120347261428833","0.8120347261428833","0.8120347261428833","0.8467373847961426","0.8467373847961426","0.8467373847961426"
"315","0.812242329120636","0.812242329120636","0.812242329120636","0.8481735587120056","0.8481735587120056","0.8481735587120056"
"316","0.8123030066490173","0.8123030066490173","0.8123030066490173","0.8485939502716064","0.8485939502716064","0.8485939502716064"
"317","0.8121737241744995","0.8121737241744995","0.8121737241744995","0.8477635383605957","0.8477635383605957","0.8477635383605957"
"318","0.8123172521591187","0.8123172521591187","0.8123172521591187","0.8480943441390991","0.8480943441390991","0.8480943441390991"
"319","0.8124489784240723","0.8124489784240723","0.8124489784240723","0.8466532230377197","0.8466532230377197","0.8466532230377197"
"320","0.812166690826416","0.812166690826416","0.812166690826416","0.8476221561431885","0.8476221561431885","0.8476221561431885"
"321","0.8125912547111511","0.8125912547111511","0.8125912547111511","0.8488530516624451","0.8488530516624451","0.8488530516624451"
"322","0.8127703666687012","0.8127703666687012","0.8127703666687012","0.8472063541412354","0.8472063541412354","0.8472063541412354"
"323","0.8126367330551147","0.8126367330551147","0.8126367330551147","0.8487023115158081","0.8487023115158081","0.8487023115158081"
"324","0.8125097751617432","0.8125097751617432","0.8125097751617432","0.8471535444259644","0.8471535444259644","0.8471535444259644"
"325","0.8130155801773071","0.8130155801773071","0.8130155801773071","0.8489525318145752","0.8489525318145752","0.8489525318145752"
"326","0.8127096891403198","0.8127096891403198","0.8127096891403198","0.847550630569458","0.847550630569458","0.847550630569458"
"327","0.8132437467575073","0.8132437467575073","0.8132437467575073","0.8481494188308716","0.8481494188308716","0.8481494188308716"
"328","0.8127017021179199","0.8127017021179199","0.8127017021179199","0.8477367162704468","0.8477367162704468","0.8477367162704468"
"329","0.8132136464118958","0.8132136464118958","0.8132136464118958","0.8461393713951111","0.8461393713951111","0.8461393713951111"
"330","0.8132319450378418","0.8132319450378418","0.8132319450378418","0.8486655950546265","0.8486655950546265","0.8486655950546265"
"331","0.8132870197296143","0.8132870197296143","0.8132870197296143","0.8475779294967651","0.8475779294967651","0.8475779294967651"
"332","0.8132146000862122","0.8132146000862122","0.8132146000862122","0.848580002784729","0.848580002784729","0.848580002784729"
"333","0.813539981842041","0.813539981842041","0.813539981842041","0.8483376502990723","0.8483376502990723","0.8483376502990723"
"334","0.8133320212364197","0.8133320212364197","0.8133320212364197","0.8480187058448792","0.8480187058448792","0.8480187058448792"
"335","0.8134948015213013","0.8134948015213013","0.8134948015213013","0.8479892015457153","0.8479892015457153","0.8479892015457153"
"336","0.8135215044021606","0.8135215044021606","0.8135215044021606","0.8472819924354553","0.8472819924354553","0.8472819924354553"
"337","0.8136374950408936","0.8136374950408936","0.8136374950408936","0.847888708114624","0.847888708114624","0.847888708114624"
"338","0.8139052391052246","0.8139052391052246","0.8139052391052246","0.8474940061569214","0.8474940061569214","0.8474940061569214"
"339","0.8140419125556946","0.8140419125556946","0.8140419125556946","0.8479490280151367","0.8479490280151367","0.8479490280151367"
"340","0.8140828013420105","0.8140828013420105","0.8140828013420105","0.8480313420295715","0.8480313420295715","0.8480313420295715"
"341","0.8142173290252686","0.8142173290252686","0.8142173290252686","0.8450078368186951","0.8450078368186951","0.8450078368186951"
"342","0.8140791654586792","0.8140791654586792","0.8140791654586792","0.8470728397369385","0.8470728397369385","0.8470728397369385"
"343","0.8140996694564819","0.8140996694564819","0.8140996694564819","0.8483846187591553","0.8483846187591553","0.8483846187591553"
"344","0.8143215775489807","0.8143215775489807","0.8143215775489807","0.8479787707328796","0.8479787707328796","0.8479787707328796"
"345","0.8142774105072021","0.8142774105072021","0.8142774105072021","0.8476772308349609","0.8476772308349609","0.8476772308349609"
"346","0.8143796324729919","0.8143796324729919","0.8143796324729919","0.8465009927749634","0.8465009927749634","0.8465009927749634"
"347","0.8147077560424805","0.8147077560424805","0.8147077560424805","0.8480414152145386","0.8480414152145386","0.8480414152145386"
"348","0.8146872520446777","0.8146872520446777","0.8146872520446777","0.8478368520736694","0.8478368520736694","0.8478368520736694"
"349","0.8146072030067444","0.8146072030067444","0.8146072030067444","0.8472243547439575","0.8472243547439575","0.8472243547439575"
"350","0.8148510456085205","0.8148510456085205","0.8148510456085205","0.8480053544044495","0.8480053544044495","0.8480053544044495"
"351","0.8149051070213318","0.8149051070213318","0.8149051070213318","0.8485156297683716","0.8485156297683716","0.8485156297683716"
"352","0.8148832321166992","0.8148832321166992","0.8148832321166992","0.847801685333252","0.847801685333252","0.847801685333252"
"353","0.8145864009857178","0.8145864009857178","0.8145864009857178","0.8472208976745605","0.8472208976745605","0.8472208976745605"
"354","0.8149718046188354","0.8149718046188354","0.8149718046188354","0.848081111907959","0.848081111907959","0.848081111907959"
"355","0.8152719736099243","0.8152719736099243","0.8152719736099243","0.847556471824646","0.847556471824646","0.847556471824646"
"356","0.8151232004165649","0.8151232004165649","0.8151232004165649","0.847930908203125","0.847930908203125","0.847930908203125"
"357","0.8153488636016846","0.8153488636016846","0.8153488636016846","0.8463336229324341","0.8463336229324341","0.8463336229324341"
"358","0.8153243660926819","0.8153243660926819","0.8153243660926819","0.8483278155326843","0.8483278155326843","0.8483278155326843"
"359","0.815557599067688","0.815557599067688","0.815557599067688","0.8470004796981812","0.8470004796981812","0.8470004796981812"
"360","0.8149776458740234","0.8149776458740234","0.8149776458740234","0.8480727672576904","0.8480727672576904","0.8480727672576904"
"361","0.8156824111938477","0.8156824111938477","0.8156824111938477","0.8473222255706787","0.8473222255706787","0.8473222255706787"
"362","0.815355658531189","0.815355658531189","0.815355658531189","0.8470797538757324","0.8470797538757324","0.8470797538757324"
"363","0.8157296180725098","0.8157296180725098","0.8157296180725098","0.8474286794662476","0.8474286794662476","0.8474286794662476"
"364","0.8158086538314819","0.8158086538314819","0.8158086538314819","0.8471841812133789","0.8471841812133789","0.8471841812133789"
"365","0.8159144520759583","0.8159144520759583","0.8159144520759583","0.8478075265884399","0.8478075265884399","0.8478075265884399"
"366","0.8159328699111938","0.8159328699111938","0.8159328699111938","0.8468073010444641","0.8468073010444641","0.8468073010444641"
"367","0.8160567283630371","0.8160567283630371","0.8160567283630371","0.8473619222640991","0.8473619222640991","0.8473619222640991"
"368","0.8161389827728271","0.8161389827728271","0.8161389827728271","0.8465765714645386","0.8465765714645386","0.8465765714645386"
"369","0.8162039518356323","0.8162039518356323","0.8162039518356323","0.845333993434906","0.845333993434906","0.845333993434906"
"370","0.8163084983825684","0.8163084983825684","0.8163084983825684","0.846031904220581","0.846031904220581","0.846031904220581"
"371","0.8163884878158569","0.8163884878158569","0.8163884878158569","0.8470665216445923","0.8470665216445923","0.8470665216445923"
"372","0.8163944482803345","0.8163944482803345","0.8163944482803345","0.8460217714309692","0.8460217714309692","0.8460217714309692"
"373","0.8166260123252869","0.8166260123252869","0.8166260123252869","0.8473539352416992","0.8473539352416992","0.8473539352416992"
"374","0.8164958357810974","0.8164958357810974","0.8164958357810974","0.8473371863365173","0.8473371863365173","0.8473371863365173"
"375","0.8166440725326538","0.8166440725326538","0.8166440725326538","0.8471746444702148","0.8471746444702148","0.8471746444702148"
"376","0.816866934299469","0.816866934299469","0.816866934299469","0.8469484448432922","0.8469484448432922","0.8469484448432922"
"377","0.8167444467544556","0.8167444467544556","0.8167444467544556","0.8471935391426086","0.8471935391426086","0.8471935391426086"
"378","0.8169621229171753","0.8169621229171753","0.8169621229171753","0.8461000323295593","0.8461000323295593","0.8461000323295593"
"379","0.8164509534835815","0.8164509534835815","0.8164509534835815","0.8456429243087769","0.8456429243087769","0.8456429243087769"
"380","0.817016065120697","0.817016065120697","0.817016065120697","0.8461792469024658","0.8461792469024658","0.8461792469024658"
"381","0.8166466355323792","0.8166466355323792","0.8166466355323792","0.846895694732666","0.846895694732666","0.846895694732666"
"382","0.8171783685684204","0.8171783685684204","0.8171783685684204","0.8471453189849854","0.8471453189849854","0.8471453189849854"
"383","0.8168367147445679","0.8168367147445679","0.8168367147445679","0.8470942974090576","0.8470942974090576","0.8470942974090576"
"384","0.8168695569038391","0.8168695569038391","0.8168695569038391","0.8468800783157349","0.8468800783157349","0.8468800783157349"
"385","0.816988468170166","0.816988468170166","0.816988468170166","0.8472596406936646","0.8472596406936646","0.8472596406936646"
"386","0.8173234462738037","0.8173234462738037","0.8173234462738037","0.8468005657196045","0.8468005657196045","0.8468005657196045"
"387","0.8174085021018982","0.8174085021018982","0.8174085021018982","0.8464598655700684","0.8464598655700684","0.8464598655700684"
"388","0.817147970199585","0.817147970199585","0.817147970199585","0.8476970791816711","0.8476970791816711","0.8476970791816711"
"389","0.8176745176315308","0.8176745176315308","0.8176745176315308","0.8465062379837036","0.8465062379837036","0.8465062379837036"
"390","0.8177437782287598","0.8177437782287598","0.8177437782287598","0.8469849824905396","0.8469849824905396","0.8469849824905396"
"391","0.8175332546234131","0.8175332546234131","0.8175332546234131","0.8475639820098877","0.8475639820098877","0.8475639820098877"
"392","0.81788569688797","0.81788569688797","0.81788569688797","0.8466631174087524","0.8466631174087524","0.8466631174087524"
"393","0.8176031112670898","0.8176031112670898","0.8176031112670898","0.8468953371047974","0.8468953371047974","0.8468953371047974"
"394","0.8176553845405579","0.8176553845405579","0.8176553845405579","0.8461982011795044","0.8461982011795044","0.8461982011795044"
"395","0.8180612325668335","0.8180612325668335","0.8180612325668335","0.84467613697052","0.84467613697052","0.84467613697052"
"396","0.8177682161331177","0.8177682161331177","0.8177682161331177","0.846021294593811","0.846021294593811","0.846021294593811"
"397","0.8179024457931519","0.8179024457931519","0.8179024457931519","0.8455065488815308","0.8455065488815308","0.8455065488815308"
"398","0.817773699760437","0.817773699760437","0.817773699760437","0.845730185508728","0.845730185508728","0.845730185508728"
"399","0.8183749914169312","0.8183749914169312","0.8183749914169312","0.8464471101760864","0.8464471101760864","0.8464471101760864"
"400","0.8181127309799194","0.8181127309799194","0.8181127309799194","0.8462861776351929","0.8462861776351929","0.8462861776351929"
"401","0.8185393810272217","0.8185393810272217","0.8185393810272217","0.84706711769104","0.84706711769104","0.84706711769104"
"402","0.8182733058929443","0.8182733058929443","0.8182733058929443","0.8446916341781616","0.8446916341781616","0.8446916341781616"
"403","0.818683385848999","0.818683385848999","0.818683385848999","0.845280647277832","0.845280647277832","0.845280647277832"
"404","0.818662166595459","0.818662166595459","0.818662166595459","0.8459209203720093","0.8459209203720093","0.8459209203720093"
"405","0.8187365531921387","0.8187365531921387","0.8187365531921387","0.8460559844970703","0.8460559844970703","0.8460559844970703"
"406","0.8188044428825378","0.8188044428825378","0.8188044428825378","0.8457935452461243","0.8457935452461243","0.8457935452461243"
"407","0.8187911510467529","0.8187911510467529","0.8187911510467529","0.8461996912956238","0.8461996912956238","0.8461996912956238"
"408","0.8188385963439941","0.8188385963439941","0.8188385963439941","0.8468047976493835","0.8468047976493835","0.8468047976493835"
"409","0.8186793327331543","0.8186793327331543","0.8186793327331543","0.8457441926002502","0.8457441926002502","0.8457441926002502"
"410","0.8187533020973206","0.8187533020973206","0.8187533020973206","0.8459467887878418","0.8459467887878418","0.8459467887878418"
"411","0.8190805315971375","0.8190805315971375","0.8190805315971375","0.8469120860099792","0.8469120860099792","0.8469120860099792"
"412","0.8191478252410889","0.8191478252410889","0.8191478252410889","0.8441147804260254","0.8441147804260254","0.8441147804260254"
"413","0.8194358944892883","0.8194358944892883","0.8194358944892883","0.8466805815696716","0.8466805815696716","0.8466805815696716"
"414","0.819297194480896","0.819297194480896","0.819297194480896","0.8454313278198242","0.8454313278198242","0.8454313278198242"
"415","0.8195979595184326","0.8195979595184326","0.8195979595184326","0.8468761444091797","0.8468761444091797","0.8468761444091797"
"416","0.8196097612380981","0.8196097612380981","0.8196097612380981","0.8451364040374756","0.8451364040374756","0.8451364040374756"
"417","0.8195928335189819","0.8195928335189819","0.8195928335189819","0.8458936810493469","0.8458936810493469","0.8458936810493469"
"418","0.8199393153190613","0.8199393153190613","0.8199393153190613","0.8461018800735474","0.8461018800735474","0.8461018800735474"
"419","0.8197773098945618","0.8197773098945618","0.8197773098945618","0.8453766703605652","0.8453766703605652","0.8453766703605652"
"420","0.8195410966873169","0.8195410966873169","0.8195410966873169","0.8459912538528442","0.8459912538528442","0.8459912538528442"
"421","0.8199819326400757","0.8199819326400757","0.8199819326400757","0.8461312055587769","0.8461312055587769","0.8461312055587769"
"422","0.8196567893028259","0.8196567893028259","0.8196567893028259","0.844493567943573","0.844493567943573","0.844493567943573"
"423","0.8199865818023682","0.8199865818023682","0.8199865818023682","0.8444975018501282","0.8444975018501282","0.8444975018501282"
"424","0.820000410079956","0.820000410079956","0.820000410079956","0.8445662260055542","0.8445662260055542","0.8445662260055542"
"425","0.8203584551811218","0.8203584551811218","0.8203584551811218","0.8453739285469055","0.8453739285469055","0.8453739285469055"
"426","0.8201684355735779","0.8201684355735779","0.8201684355735779","0.8452949523925781","0.8452949523925781","0.8452949523925781"
"427","0.8205649852752686","0.8205649852752686","0.8205649852752686","0.8444466590881348","0.8444466590881348","0.8444466590881348"
"428","0.8198971748352051","0.8198971748352051","0.8198971748352051","0.8442027568817139","0.8442027568817139","0.8442027568817139"
"429","0.8203988671302795","0.8203988671302795","0.8203988671302795","0.8452402353286743","0.8452402353286743","0.8452402353286743"
"430","0.8203588724136353","0.8203588724136353","0.8203588724136353","0.844318151473999","0.844318151473999","0.844318151473999"
"431","0.8208272457122803","0.8208272457122803","0.8208272457122803","0.8441911935806274","0.8441911935806274","0.8441911935806274"
"432","0.8206358551979065","0.8206358551979065","0.8206358551979065","0.8455716371536255","0.8455716371536255","0.8455716371536255"
"433","0.820691704750061","0.820691704750061","0.820691704750061","0.845350980758667","0.845350980758667","0.845350980758667"
"434","0.8209357857704163","0.8209357857704163","0.8209357857704163","0.8445256948471069","0.8445256948471069","0.8445256948471069"
"435","0.8205558657646179","0.8205558657646179","0.8205558657646179","0.8441323041915894","0.8441323041915894","0.8441323041915894"
"436","0.8208231329917908","0.8208231329917908","0.8208231329917908","0.8444001078605652","0.8444001078605652","0.8444001078605652"
"437","0.8211065530776978","0.8211065530776978","0.8211065530776978","0.84434974193573","0.84434974193573","0.84434974193573"
"438","0.8207112550735474","0.8207112550735474","0.8207112550735474","0.8449822664260864","0.8449822664260864","0.8449822664260864"
"439","0.8213185667991638","0.8213185667991638","0.8213185667991638","0.843913733959198","0.843913733959198","0.843913733959198"
"440","0.8211880922317505","0.8211880922317505","0.8211880922317505","0.8416434526443481","0.8416434526443481","0.8416434526443481"
"441","0.8214318156242371","0.8214318156242371","0.8214318156242371","0.8420047760009766","0.8420047760009766","0.8420047760009766"
"442","0.8215039372444153","0.8215039372444153","0.8215039372444153","0.8439964056015015","0.8439964056015015","0.8439964056015015"
"443","0.8210494518280029","0.8210494518280029","0.8210494518280029","0.8436094522476196","0.8436094522476196","0.8436094522476196"
"444","0.8212298154830933","0.8212298154830933","0.8212298154830933","0.8447691202163696","0.8447691202163696","0.8447691202163696"
"445","0.8213217854499817","0.8213217854499817","0.8213217854499817","0.8435903787612915","0.8435903787612915","0.8435903787612915"
"446","0.8213605880737305","0.8213605880737305","0.8213605880737305","0.8444833755493164","0.8444833755493164","0.8444833755493164"
"447","0.821610689163208","0.821610689163208","0.821610689163208","0.8449949026107788","0.8449949026107788","0.8449949026107788"
"448","0.821148693561554","0.821148693561554","0.821148693561554","0.8441596031188965","0.8441596031188965","0.8441596031188965"
"449","0.8218903541564941","0.8218903541564941","0.8218903541564941","0.8431007266044617","0.8431007266044617","0.8431007266044617"
"450","0.821724534034729","0.821724534034729","0.821724534034729","0.8443468809127808","0.8443468809127808","0.8443468809127808"
"451","0.821451723575592","0.821451723575592","0.821451723575592","0.8428119421005249","0.8428119421005249","0.8428119421005249"
"452","0.8216543197631836","0.8216543197631836","0.8216543197631836","0.844879150390625","0.844879150390625","0.844879150390625"
"453","0.8222062587738037","0.8222062587738037","0.8222062587738037","0.8448035717010498","0.8448035717010498","0.8448035717010498"
"454","0.8218674063682556","0.8218674063682556","0.8218674063682556","0.8417385816574097","0.8417385816574097","0.8417385816574097"
"455","0.8223358392715454","0.8223358392715454","0.8223358392715454","0.8410912752151489","0.8410912752151489","0.8410912752151489"
"456","0.822232723236084","0.822232723236084","0.822232723236084","0.8406809568405151","0.8406809568405151","0.8406809568405151"
"457","0.8224035501480103","0.8224035501480103","0.8224035501480103","0.8434697389602661","0.8434697389602661","0.8434697389602661"
"458","0.822315514087677","0.822315514087677","0.822315514087677","0.8414687514305115","0.8414687514305115","0.8414687514305115"
"459","0.8223151564598083","0.8223151564598083","0.8223151564598083","0.8425468802452087","0.8425468802452087","0.8425468802452087"
"460","0.8217828273773193","0.8217828273773193","0.8217828273773193","0.8424041867256165","0.8424041867256165","0.8424041867256165"
"461","0.8225288391113281","0.8225288391113281","0.8225288391113281","0.8433771133422852","0.8433771133422852","0.8433771133422852"
"462","0.8227366209030151","0.8227366209030151","0.8227366209030151","0.8425681591033936","0.8425681591033936","0.8425681591033936"
"463","0.8223851919174194","0.8223851919174194","0.8223851919174194","0.8429003357887268","0.8429003357887268","0.8429003357887268"
"464","0.8225569128990173","0.8225569128990173","0.8225569128990173","0.8407631516456604","0.8407631516456604","0.8407631516456604"
"465","0.8228672742843628","0.8228672742843628","0.8228672742843628","0.8405459523200989","0.8405459523200989","0.8405459523200989"
"466","0.8222538232803345","0.8222538232803345","0.8222538232803345","0.8430567979812622","0.8430567979812622","0.8430567979812622"
"467","0.8223515748977661","0.8223515748977661","0.8223515748977661","0.8429492712020874","0.8429492712020874","0.8429492712020874"
"468","0.8230094313621521","0.8230094313621521","0.8230094313621521","0.8423369526863098","0.8423369526863098","0.8423369526863098"
"469","0.8230020999908447","0.8230020999908447","0.8230020999908447","0.8423611521720886","0.8423611521720886","0.8423611521720886"
"470","0.8229594230651855","0.8229594230651855","0.8229594230651855","0.842949628829956","0.842949628829956","0.842949628829956"
"471","0.8231163620948792","0.8231163620948792","0.8231163620948792","0.8434061408042908","0.8434061408042908","0.8434061408042908"
"472","0.8225110173225403","0.8225110173225403","0.8225110173225403","0.8429251909255981","0.8429251909255981","0.8429251909255981"
"473","0.8232552409172058","0.8232552409172058","0.8232552409172058","0.842422604560852","0.842422604560852","0.842422604560852"
"474","0.8228726387023926","0.8228726387023926","0.8228726387023926","0.8419908285140991","0.8419908285140991","0.8419908285140991"
"475","0.8232358694076538","0.8232358694076538","0.8232358694076538","0.8424677848815918","0.8424677848815918","0.8424677848815918"
"476","0.823321521282196","0.823321521282196","0.823321521282196","0.8417861461639404","0.8417861461639404","0.8417861461639404"
"477","0.8231208324432373","0.8231208324432373","0.8231208324432373","0.8412869572639465","0.8412869572639465","0.8412869572639465"
"478","0.8234882354736328","0.8234882354736328","0.8234882354736328","0.8407447338104248","0.8407447338104248","0.8407447338104248"
"479","0.8234574794769287","0.8234574794769287","0.8234574794769287","0.8422824144363403","0.8422824144363403","0.8422824144363403"
"480","0.823221743106842","0.823221743106842","0.823221743106842","0.8422423601150513","0.8422423601150513","0.8422423601150513"
"481","0.8235624432563782","0.8235624432563782","0.8235624432563782","0.8395790457725525","0.8395790457725525","0.8395790457725525"
"482","0.8236855864524841","0.8236855864524841","0.8236855864524841","0.8410922884941101","0.8410922884941101","0.8410922884941101"
"483","0.8236653208732605","0.8236653208732605","0.8236653208732605","0.8412652015686035","0.8412652015686035","0.8412652015686035"
"484","0.8236249685287476","0.8236249685287476","0.8236249685287476","0.842104434967041","0.842104434967041","0.842104434967041"
"485","0.8236822485923767","0.8236822485923767","0.8236822485923767","0.8416545987129211","0.8416545987129211","0.8416545987129211"
"486","0.8239114880561829","0.8239114880561829","0.8239114880561829","0.842430055141449","0.842430055141449","0.842430055141449"
"487","0.823420524597168","0.823420524597168","0.823420524597168","0.842008113861084","0.842008113861084","0.842008113861084"
"488","0.8240857124328613","0.8240857124328613","0.8240857124328613","0.841812789440155","0.841812789440155","0.841812789440155"
"489","0.8236696720123291","0.8236696720123291","0.8236696720123291","0.84195876121521","0.84195876121521","0.84195876121521"
"490","0.8238160610198975","0.8238160610198975","0.8238160610198975","0.8392598628997803","0.8392598628997803","0.8392598628997803"
"491","0.8236517906188965","0.8236517906188965","0.8236517906188965","0.8404663801193237","0.8404663801193237","0.8404663801193237"
"492","0.8242056369781494","0.8242056369781494","0.8242056369781494","0.8423511385917664","0.8423511385917664","0.8423511385917664"
"493","0.8239833116531372","0.8239833116531372","0.8239833116531372","0.8401836156845093","0.8401836156845093","0.8401836156845093"
"494","0.8242449760437012","0.8242449760437012","0.8242449760437012","0.8407758474349976","0.8407758474349976","0.8407758474349976"
"495","0.8241655826568604","0.8241655826568604","0.8241655826568604","0.8406257033348083","0.8406257033348083","0.8406257033348083"
"496","0.8241884708404541","0.8241884708404541","0.8241884708404541","0.83896803855896","0.83896803855896","0.83896803855896"
"497","0.8242449760437012","0.8242449760437012","0.8242449760437012","0.8382412195205688","0.8382412195205688","0.8382412195205688"
"498","0.8234444856643677","0.8234444856643677","0.8234444856643677","0.8410981893539429","0.8410981893539429","0.8410981893539429"
"499","0.8243135809898376","0.8243135809898376","0.8243135809898376","0.8408011794090271","0.8408011794090271","0.8408011794090271"
"500","0.8237963914871216","0.8237963914871216","0.8237963914871216","0.841052770614624","0.841052770614624","0.841052770614624"
"501","0.8242239952087402","0.8242239952087402","0.8242239952087402","0.8398628234863281","0.8398628234863281","0.8398628234863281"
"502","0.8239821195602417","0.8239821195602417","0.8239821195602417","0.8408506512641907","0.8408506512641907","0.8408506512641907"
"503","0.8246251344680786","0.8246251344680786","0.8246251344680786","0.8403403759002686","0.8403403759002686","0.8403403759002686"
"504","0.82433021068573","0.82433021068573","0.82433021068573","0.8387002348899841","0.8387002348899841","0.8387002348899841"
"505","0.8245500326156616","0.8245500326156616","0.8245500326156616","0.8411384224891663","0.8411384224891663","0.8411384224891663"
"506","0.8248592615127563","0.8248592615127563","0.8248592615127563","0.8387418985366821","0.8387418985366821","0.8387418985366821"
"507","0.8244618773460388","0.8244618773460388","0.8244618773460388","0.8387202024459839","0.8387202024459839","0.8387202024459839"
"508","0.8249163627624512","0.8249163627624512","0.8249163627624512","0.8392119407653809","0.8392119407653809","0.8392119407653809"
"509","0.8244728446006775","0.8244728446006775","0.8244728446006775","0.8391945958137512","0.8391945958137512","0.8391945958137512"
"510","0.8246582746505737","0.8246582746505737","0.8246582746505737","0.8417129516601562","0.8417129516601562","0.8417129516601562"
"511","0.8244852423667908","0.8244852423667908","0.8244852423667908","0.8387999534606934","0.8387999534606934","0.8387999534606934"
"512","0.8247372508049011","0.8247372508049011","0.8247372508049011","0.8402645587921143","0.8402645587921143","0.8402645587921143"
"513","0.8248427510261536","0.8248427510261536","0.8248427510261536","0.8401573896408081","0.8401573896408081","0.8401573896408081"
"514","0.824935793876648","0.824935793876648","0.824935793876648","0.8369733095169067","0.8369733095169067","0.8369733095169067"
"515","0.8250067830085754","0.8250067830085754","0.8250067830085754","0.8366104364395142","0.8366104364395142","0.8366104364395142"
"516","0.8248123526573181","0.8248123526573181","0.8248123526573181","0.8393045663833618","0.8393045663833618","0.8393045663833618"
"517","0.8246260285377502","0.8246260285377502","0.8246260285377502","0.8393546342849731","0.8393546342849731","0.8393546342849731"
"518","0.8247100710868835","0.8247100710868835","0.8247100710868835","0.8399076461791992","0.8399076461791992","0.8399076461791992"
"519","0.8239172697067261","0.8239172697067261","0.8239172697067261","0.8389632105827332","0.8389632105827332","0.8389632105827332"
"520","0.8249843716621399","0.8249843716621399","0.8249843716621399","0.8375252485275269","0.8375252485275269","0.8375252485275269"
"521","0.8245407342910767","0.8245407342910767","0.8245407342910767","0.8368839621543884","0.8368839621543884","0.8368839621543884"
"522","0.825290322303772","0.825290322303772","0.825290322303772","0.8404876589775085","0.8404876589775085","0.8404876589775085"
"523","0.8251078128814697","0.8251078128814697","0.8251078128814697","0.8397620320320129","0.8397620320320129","0.8397620320320129"
"524","0.8254170417785645","0.8254170417785645","0.8254170417785645","0.8398345708847046","0.8398345708847046","0.8398345708847046"
"525","0.8255585432052612","0.8255585432052612","0.8255585432052612","0.839556872844696","0.839556872844696","0.839556872844696"
"526","0.8250356912612915","0.8250356912612915","0.8250356912612915","0.8384294509887695","0.8384294509887695","0.8384294509887695"
"527","0.8254566192626953","0.8254566192626953","0.8254566192626953","0.8388465642929077","0.8388465642929077","0.8388465642929077"
"528","0.8254148960113525","0.8254148960113525","0.8254148960113525","0.83743816614151","0.83743816614151","0.83743816614151"
"529","0.825376033782959","0.825376033782959","0.825376033782959","0.837989330291748","0.837989330291748","0.837989330291748"
"530","0.8254042863845825","0.8254042863845825","0.8254042863845825","0.835268497467041","0.835268497467041","0.835268497467041"
"531","0.8257290124893188","0.8257290124893188","0.8257290124893188","0.8369177579879761","0.8369177579879761","0.8369177579879761"
"532","0.8254976272583008","0.8254976272583008","0.8254976272583008","0.8368765115737915","0.8368765115737915","0.8368765115737915"
"533","0.8252562880516052","0.8252562880516052","0.8252562880516052","0.8364510536193848","0.8364510536193848","0.8364510536193848"
"534","0.8256153464317322","0.8256153464317322","0.8256153464317322","0.8380495309829712","0.8380495309829712","0.8380495309829712"
"535","0.8248303532600403","0.8248303532600403","0.8248303532600403","0.8400450348854065","0.8400450348854065","0.8400450348854065"
"536","0.825812578201294","0.825812578201294","0.825812578201294","0.8365947604179382","0.8365947604179382","0.8365947604179382"
"537","0.8260704874992371","0.8260704874992371","0.8260704874992371","0.8364058136940002","0.8364058136940002","0.8364058136940002"
"538","0.825466513633728","0.825466513633728","0.825466513633728","0.8350049257278442","0.8350049257278442","0.8350049257278442"
"539","0.8259713649749756","0.8259713649749756","0.8259713649749756","0.8371740579605103","0.8371740579605103","0.8371740579605103"
"540","0.8259091377258301","0.8259091377258301","0.8259091377258301","0.8354765176773071","0.8354765176773071","0.8354765176773071"
"541","0.825873076915741","0.825873076915741","0.825873076915741","0.8354196548461914","0.8354196548461914","0.8354196548461914"
"542","0.8259598016738892","0.8259598016738892","0.8259598016738892","0.8382010459899902","0.8382010459899902","0.8382010459899902"
"543","0.8257362842559814","0.8257362842559814","0.8257362842559814","0.8354405760765076","0.8354405760765076","0.8354405760765076"
"544","0.8261820077896118","0.8261820077896118","0.8261820077896118","0.8349430561065674","0.8349430561065674","0.8349430561065674"
"545","0.8255347609519958","0.8255347609519958","0.8255347609519958","0.8346405029296875","0.8346405029296875","0.8346405029296875"
"546","0.8259298801422119","0.8259298801422119","0.8259298801422119","0.8357765674591064","0.8357765674591064","0.8357765674591064"
"547","0.8251465559005737","0.8251465559005737","0.8251465559005737","0.8354278206825256","0.8354278206825256","0.8354278206825256"
"548","0.8260171413421631","0.8260171413421631","0.8260171413421631","0.8385314345359802","0.8385314345359802","0.8385314345359802"
"549","0.8251701593399048","0.8251701593399048","0.8251701593399048","0.8352656364440918","0.8352656364440918","0.8352656364440918"
"550","0.8265877962112427","0.8265877962112427","0.8265877962112427","0.8336666226387024","0.8336666226387024","0.8336666226387024"
"551","0.8263455629348755","0.8263455629348755","0.8263455629348755","0.8348901271820068","0.8348901271820068","0.8348901271820068"
"552","0.8266262412071228","0.8266262412071228","0.8266262412071228","0.8354192972183228","0.8354192972183228","0.8354192972183228"
"553","0.8261880874633789","0.8261880874633789","0.8261880874633789","0.8339689373970032","0.8339689373970032","0.8339689373970032"
"554","0.8263773322105408","0.8263773322105408","0.8263773322105408","0.8345792889595032","0.8345792889595032","0.8345792889595032"
"555","0.826187789440155","0.826187789440155","0.826187789440155","0.8353713154792786","0.8353713154792786","0.8353713154792786"
"556","0.8261315226554871","0.8261315226554871","0.8261315226554871","0.8349262475967407","0.8349262475967407","0.8349262475967407"
"557","0.8265088200569153","0.8265088200569153","0.8265088200569153","0.8353379964828491","0.8353379964828491","0.8353379964828491"
"558","0.8264437913894653","0.8264437913894653","0.8264437913894653","0.8335278034210205","0.8335278034210205","0.8335278034210205"
"559","0.8265562057495117","0.8265562057495117","0.8265562057495117","0.8361372947692871","0.8361372947692871","0.8361372947692871"
"560","0.8263357877731323","0.8263357877731323","0.8263357877731323","0.8359863758087158","0.8359863758087158","0.8359863758087158"
"561","0.8267290592193604","0.8267290592193604","0.8267290592193604","0.8352941870689392","0.8352941870689392","0.8352941870689392"
"562","0.8264886736869812","0.8264886736869812","0.8264886736869812","0.833564043045044","0.833564043045044","0.833564043045044"
"563","0.8259024620056152","0.8259024620056152","0.8259024620056152","0.8319951295852661","0.8319951295852661","0.8319951295852661"
"564","0.8261755704879761","0.8261755704879761","0.8261755704879761","0.8363247513771057","0.8363247513771057","0.8363247513771057"
"565","0.8264884948730469","0.8264884948730469","0.8264884948730469","0.8346676826477051","0.8346676826477051","0.8346676826477051"
"566","0.8266891837120056","0.8266891837120056","0.8266891837120056","0.8352196216583252","0.8352196216583252","0.8352196216583252"
"567","0.8268712162971497","0.8268712162971497","0.8268712162971497","0.8334681987762451","0.8334681987762451","0.8334681987762451"
"568","0.8264577388763428","0.8264577388763428","0.8264577388763428","0.8334513306617737","0.8334513306617737","0.8334513306617737"
"569","0.8269574046134949","0.8269574046134949","0.8269574046134949","0.834770679473877","0.834770679473877","0.834770679473877"
"570","0.8258631229400635","0.8258631229400635","0.8258631229400635","0.8349671363830566","0.8349671363830566","0.8349671363830566"
"571","0.8271538019180298","0.8271538019180298","0.8271538019180298","0.8341014385223389","0.8341014385223389","0.8341014385223389"
"572","0.8259938955307007","0.8259938955307007","0.8259938955307007","0.8309530019760132","0.8309530019760132","0.8309530019760132"
"573","0.8261318206787109","0.8261318206787109","0.8261318206787109","0.8336143493652344","0.8336143493652344","0.8336143493652344"
"574","0.8261227607727051","0.8261227607727051","0.8261227607727051","0.8342238068580627","0.8342238068580627","0.8342238068580627"
"575","0.8265836238861084","0.8265836238861084","0.8265836238861084","0.8337628841400146","0.8337628841400146","0.8337628841400146"
"576","0.8273601531982422","0.8273601531982422","0.8273601531982422","0.8350295424461365","0.8350295424461365","0.8350295424461365"
"577","0.826935887336731","0.826935887336731","0.826935887336731","0.8348591327667236","0.8348591327667236","0.8348591327667236"
"578","0.8271492719650269","0.8271492719650269","0.8271492719650269","0.836021900177002","0.836021900177002","0.836021900177002"
"579","0.826600968837738","0.826600968837738","0.826600968837738","0.8331771492958069","0.8331771492958069","0.8331771492958069"
"580","0.8267520070075989","0.8267520070075989","0.8267520070075989","0.8335582613945007","0.8335582613945007","0.8335582613945007"
"581","0.8269153833389282","0.8269153833389282","0.8269153833389282","0.8332312107086182","0.8332312107086182","0.8332312107086182"
"582","0.8273612260818481","0.8273612260818481","0.8273612260818481","0.8343315124511719","0.8343315124511719","0.8343315124511719"
"583","0.8268744945526123","0.8268744945526123","0.8268744945526123","0.8336846828460693","0.8336846828460693","0.8336846828460693"
"584","0.8267080783843994","0.8267080783843994","0.8267080783843994","0.8328371047973633","0.8328371047973633","0.8328371047973633"
"585","0.8270313143730164","0.8270313143730164","0.8270313143730164","0.8361520767211914","0.8361520767211914","0.8361520767211914"
"586","0.8268452882766724","0.8268452882766724","0.8268452882766724","0.8347751498222351","0.8347751498222351","0.8347751498222351"
"587","0.8269919157028198","0.8269919157028198","0.8269919157028198","0.834618091583252","0.834618091583252","0.834618091583252"
"588","0.8269600868225098","0.8269600868225098","0.8269600868225098","0.8344420790672302","0.8344420790672302","0.8344420790672302"
"589","0.8271894454956055","0.8271894454956055","0.8271894454956055","0.8345287442207336","0.8345287442207336","0.8345287442207336"
"590","0.8269188404083252","0.8269188404083252","0.8269188404083252","0.8323146104812622","0.8323146104812622","0.8323146104812622"
"591","0.8272452354431152","0.8272452354431152","0.8272452354431152","0.8328801393508911","0.8328801393508911","0.8328801393508911"
"592","0.8268123269081116","0.8268123269081116","0.8268123269081116","0.8329774737358093","0.8329774737358093","0.8329774737358093"
"593","0.8265291452407837","0.8265291452407837","0.8265291452407837","0.8335232734680176","0.8335232734680176","0.8335232734680176"
"594","0.8272533416748047","0.8272533416748047","0.8272533416748047","0.8324444890022278","0.8324444890022278","0.8324444890022278"
"595","0.8271933197975159","0.8271933197975159","0.8271933197975159","0.834306001663208","0.834306001663208","0.834306001663208"
"596","0.8274425268173218","0.8274425268173218","0.8274425268173218","0.8327635526657104","0.8327635526657104","0.8327635526657104"
"597","0.8270872831344604","0.8270872831344604","0.8270872831344604","0.8319141268730164","0.8319141268730164","0.8319141268730164"
"598","0.8272667527198792","0.8272667527198792","0.8272667527198792","0.831648588180542","0.831648588180542","0.831648588180542"
"599","0.8265502452850342","0.8265502452850342","0.8265502452850342","0.8309622406959534","0.8309622406959534","0.8309622406959534"
"600","0.8267726898193359","0.8267726898193359","0.8267726898193359","0.8324024677276611","0.8324024677276611","0.8324024677276611"
"601","0.8274554014205933","0.8274554014205933","0.8274554014205933","0.8299700021743774","0.8299700021743774","0.8299700021743774"
"602","0.8270159959793091","0.8270159959793091","0.8270159959793091","0.8316211700439453","0.8316211700439453","0.8316211700439453"
"603","0.8273701667785645","0.8273701667785645","0.8273701667785645","0.8319457173347473","0.8319457173347473","0.8319457173347473"
"604","0.8272328972816467","0.8272328972816467","0.8272328972816467","0.829498291015625","0.829498291015625","0.829498291015625"
"605","0.8274707794189453","0.8274707794189453","0.8274707794189453","0.8295373320579529","0.8295373320579529","0.8295373320579529"
"606","0.8274544477462769","0.8274544477462769","0.8274544477462769","0.8270494937896729","0.8270494937896729","0.8270494937896729"
"607","0.8273437023162842","0.8273437023162842","0.8273437023162842","0.830715537071228","0.830715537071228","0.830715537071228"
"608","0.8275325298309326","0.8275325298309326","0.8275325298309326","0.8321495652198792","0.8321495652198792","0.8321495652198792"
"609","0.8271478414535522","0.8271478414535522","0.8271478414535522","0.8326250314712524","0.8326250314712524","0.8326250314712524"
"610","0.8274805545806885","0.8274805545806885","0.8274805545806885","0.8313732147216797","0.8313732147216797","0.8313732147216797"
"611","0.8268100619316101","0.8268100619316101","0.8268100619316101","0.8311790227890015","0.8311790227890015","0.8311790227890015"
"612","0.8273485898971558","0.8273485898971558","0.8273485898971558","0.829056978225708","0.829056978225708","0.829056978225708"
"613","0.8272420167922974","0.8272420167922974","0.8272420167922974","0.8304396867752075","0.8304396867752075","0.8304396867752075"
"614","0.8272191286087036","0.8272191286087036","0.8272191286087036","0.8279271721839905","0.8279271721839905","0.8279271721839905"
"615","0.8275226354598999","0.8275226354598999","0.8275226354598999","0.8287830948829651","0.8287830948829651","0.8287830948829651"
"616","0.8266710042953491","0.8266710042953491","0.8266710042953491","0.8289484977722168","0.8289484977722168","0.8289484977722168"
"617","0.8275096416473389","0.8275096416473389","0.8275096416473389","0.8307578563690186","0.8307578563690186","0.8307578563690186"
"618","0.8276671171188354","0.8276671171188354","0.8276671171188354","0.8308405876159668","0.8308405876159668","0.8308405876159668"
"619","0.827527642250061","0.827527642250061","0.827527642250061","0.8313261270523071","0.8313261270523071","0.8313261270523071"
"620","0.8277425765991211","0.8277425765991211","0.8277425765991211","0.8305554389953613","0.8305554389953613","0.8305554389953613"
"621","0.826509952545166","0.826509952545166","0.826509952545166","0.8312840461730957","0.8312840461730957","0.8312840461730957"
"622","0.8269490003585815","0.8269490003585815","0.8269490003585815","","",""
"623","0.8273810148239136","0.8273810148239136","0.8273810148239136","","",""
"624","0.826810359954834","0.826810359954834","0.826810359954834","","",""
"625","0.8274194598197937","0.8274194598197937","0.8274194598197937","","",""
"626","0.8276997208595276","0.8276997208595276","0.8276997208595276","","",""
"627","0.8276452422142029","0.8276452422142029","0.8276452422142029","","",""
"628","0.8270821571350098","0.8270821571350098","0.8270821571350098","","",""
"629","0.8276369571685791","0.8276369571685791","0.8276369571685791","","",""
"630","0.8272888660430908","0.8272888660430908","0.8272888660430908","","",""
"631","0.8277674913406372","0.8277674913406372","0.8277674913406372","","",""
"632","0.8275460600852966","0.8275460600852966","0.8275460600852966","","",""
"633","0.8276901841163635","0.8276901841163635","0.8276901841163635","","",""
"634","0.8270391225814819","0.8270391225814819","0.8270391225814819","","",""
"635","0.8279308080673218","0.8279308080673218","0.8279308080673218","","",""
"636","0.8270689249038696","0.8270689249038696","0.8270689249038696","","",""
"637","0.8275511264801025","0.8275511264801025","0.8275511264801025","","",""
"638","0.8273410797119141","0.8273410797119141","0.8273410797119141","","",""
"639","0.8280941247940063","0.8280941247940063","0.8280941247940063","","",""
"640","0.8274072408676147","0.8274072408676147","0.8274072408676147","","",""
"641","0.8279737234115601","0.8279737234115601","0.8279737234115601","","",""
"642","0.8274620175361633","0.8274620175361633","0.8274620175361633","","",""
"643","0.8277579545974731","0.8277579545974731","0.8277579545974731","","",""
"644","0.8277583122253418","0.8277583122253418","0.8277583122253418","","",""
"645","0.8279931545257568","0.8279931545257568","0.8279931545257568","","",""
"646","0.827428936958313","0.827428936958313","0.827428936958313","","",""
"647","0.8281567692756653","0.8281567692756653","0.8281567692756653","","",""
"648","0.8274742364883423","0.8274742364883423","0.8274742364883423","","",""
"649","0.8281524777412415","0.8281524777412415","0.8281524777412415","","",""
"650","0.8275117874145508","0.8275117874145508","0.8275117874145508","","",""
"651","0.8280569911003113","0.8280569911003113","0.8280569911003113","","",""
"652","0.8274530172348022","0.8274530172348022","0.8274530172348022","","",""
"653","0.828116774559021","0.828116774559021","0.828116774559021","","",""
"654","0.826735258102417","0.826735258102417","0.826735258102417","","",""
"655","0.8277026414871216","0.8277026414871216","0.8277026414871216","","",""
"656","0.8277428150177002","0.8277428150177002","0.8277428150177002","","",""
"657","0.8278688192367554","0.8278688192367554","0.8278688192367554","","",""
"658","0.827808141708374","0.827808141708374","0.827808141708374","","",""
"659","0.8277957439422607","0.8277957439422607","0.8277957439422607","","",""
"660","0.827566921710968","0.827566921710968","0.827566921710968","","",""
"661","0.8281232118606567","0.8281232118606567","0.8281232118606567","","",""
"662","0.8280599117279053","0.8280599117279053","0.8280599117279053","","",""
"663","0.82765793800354","0.82765793800354","0.82765793800354","","",""
"664","0.8277996778488159","0.8277996778488159","0.8277996778488159","","",""
"665","0.8277432918548584","0.8277432918548584","0.8277432918548584","","",""
"666","0.8284270167350769","0.8284270167350769","0.8284270167350769","","",""
"667","0.8271913528442383","0.8271913528442383","0.8271913528442383","","",""
"668","0.828445553779602","0.828445553779602","0.828445553779602","","",""
"669","0.8271932601928711","0.8271932601928711","0.8271932601928711","","",""
"670","0.8283513188362122","0.8283513188362122","0.8283513188362122","","",""
"671","0.827866792678833","0.827866792678833","0.827866792678833","","",""
"672","0.8278357982635498","0.8278357982635498","0.8278357982635498","","",""
"673","0.828489363193512","0.828489363193512","0.828489363193512","","",""
"674","0.8281013369560242","0.8281013369560242","0.8281013369560242","","",""
"675","0.8279571533203125","0.8279571533203125","0.8279571533203125","","",""
"676","0.8277808427810669","0.8277808427810669","0.8277808427810669","","",""
"677","0.8282151818275452","0.8282151818275452","0.8282151818275452","","",""
"678","0.8279522061347961","0.8279522061347961","0.8279522061347961","","",""
"679","0.8282151818275452","0.8282151818275452","0.8282151818275452","","",""
"680","0.827836275100708","0.827836275100708","0.827836275100708","","",""
"681","0.828265905380249","0.828265905380249","0.828265905380249","","",""
"682","0.8283059597015381","0.8283059597015381","0.8283059597015381","","",""
"683","0.8277785778045654","0.8277785778045654","0.8277785778045654","","",""
"684","0.8282741904258728","0.8282741904258728","0.8282741904258728","","",""
"685","0.828253984451294","0.828253984451294","0.828253984451294","","",""
"686","0.8280649185180664","0.8280649185180664","0.8280649185180664","","",""
"687","0.8279038667678833","0.8279038667678833","0.8279038667678833","","",""
"688","0.8282337784767151","0.8282337784767151","0.8282337784767151","","",""
"689","0.8274778127670288","0.8274778127670288","0.8274778127670288","","",""
"690","0.8280624151229858","0.8280624151229858","0.8280624151229858","","",""
"691","0.8283398747444153","0.8283398747444153","0.8283398747444153","","",""
"692","0.8281445503234863","0.8281445503234863","0.8281445503234863","","",""
"693","0.8280205130577087","0.8280205130577087","0.8280205130577087","","",""
"694","0.8285515904426575","0.8285515904426575","0.8285515904426575","","",""
"695","0.8284071087837219","0.8284071087837219","0.8284071087837219","","",""
"696","0.8282902240753174","0.8282902240753174","0.8282902240753174","","",""
"697","0.8286920785903931","0.8286920785903931","0.8286920785903931","","",""
"698","0.8280516862869263","0.8280516862869263","0.8280516862869263","","",""
"699","0.8284270763397217","0.8284270763397217","0.8284270763397217","","",""
"700","0.8286048769950867","0.8286048769950867","0.8286048769950867","","",""
"701","0.8282802700996399","0.8282802700996399","0.8282802700996399","","",""
"702","0.8284519910812378","0.8284519910812378","0.8284519910812378","","",""
"703","0.8288814425468445","0.8288814425468445","0.8288814425468445","","",""
"704","0.827617347240448","0.827617347240448","0.827617347240448","","",""
"705","0.8282110691070557","0.8282110691070557","0.8282110691070557","","",""
"706","0.8284030556678772","0.8284030556678772","0.8284030556678772","","",""
"707","0.8283443450927734","0.8283443450927734","0.8283443450927734","","",""
"708","0.8277943730354309","0.8277943730354309","0.8277943730354309","","",""
"709","0.828565776348114","0.828565776348114","0.828565776348114","","",""
"710","0.8280375003814697","0.8280375003814697","0.8280375003814697","","",""
"711","0.8288367390632629","0.8288367390632629","0.8288367390632629","","",""
"712","0.8280774354934692","0.8280774354934692","0.8280774354934692","","",""
"713","0.8286848068237305","0.8286848068237305","0.8286848068237305","","",""