"Step","transformer-2-(bin) - val/f1","transformer-2-(bin) - val/f1__MIN","transformer-2-(bin) - val/f1__MAX","transformer-2 - val/f1","transformer-2 - val/f1__MIN","transformer-2 - val/f1__MAX"
"1","0.24408875405788422","0.24408875405788422","0.24408875405788422","0.398221492767334","0.398221492767334","0.398221492767334"
"2","0.32780081033706665","0.32780081033706665","0.32780081033706665","0.40114158391952515","0.40114158391952515","0.40114158391952515"
"3","0.38878294825553894","0.38878294825553894","0.38878294825553894","0.4089735448360443","0.4089735448360443","0.4089735448360443"
"4","0.3097827136516571","0.3097827136516571","0.3097827136516571","0.41219812631607056","0.41219812631607056","0.41219812631607056"
"5","0.37759116291999817","0.37759116291999817","0.37759116291999817","0.41337502002716064","0.41337502002716064","0.41337502002716064"
"6","0.4041956067085266","0.4041956067085266","0.4041956067085266","0.4108063578605652","0.4108063578605652","0.4108063578605652"
"7","0.37907859683036804","0.37907859683036804","0.37907859683036804","0.418701708316803","0.418701708316803","0.418701708316803"
"8","0.4029501676559448","0.4029501676559448","0.4029501676559448","0.4210495948791504","0.4210495948791504","0.4210495948791504"
"9","0.4116532802581787","0.4116532802581787","0.4116532802581787","0.4123556315898895","0.4123556315898895","0.4123556315898895"
"10","0.4212161898612976","0.4212161898612976","0.4212161898612976","0.42130768299102783","0.42130768299102783","0.42130768299102783"
"11","0.4141109585762024","0.4141109585762024","0.4141109585762024","0.42036527395248413","0.42036527395248413","0.42036527395248413"
"12","0.4319112300872803","0.4319112300872803","0.4319112300872803","0.42952167987823486","0.42952167987823486","0.42952167987823486"
"13","0.4388295114040375","0.4388295114040375","0.4388295114040375","0.431003212928772","0.431003212928772","0.431003212928772"
"14","0.4437161982059479","0.4437161982059479","0.4437161982059479","0.43327802419662476","0.43327802419662476","0.43327802419662476"
"15","0.43728479743003845","0.43728479743003845","0.43728479743003845","0.4285416603088379","0.4285416603088379","0.4285416603088379"
"16","0.4351860582828522","0.4351860582828522","0.4351860582828522","0.43287211656570435","0.43287211656570435","0.43287211656570435"
"17","0.4179726541042328","0.4179726541042328","0.4179726541042328","0.4532957673072815","0.4532957673072815","0.4532957673072815"
"18","0.4288225471973419","0.4288225471973419","0.4288225471973419","0.46199265122413635","0.46199265122413635","0.46199265122413635"
"19","0.4520053565502167","0.4520053565502167","0.4520053565502167","0.4540921747684479","0.4540921747684479","0.4540921747684479"
"20","0.45619669556617737","0.45619669556617737","0.45619669556617737","0.45579850673675537","0.45579850673675537","0.45579850673675537"
"21","0.4614872932434082","0.4614872932434082","0.4614872932434082","0.46482372283935547","0.46482372283935547","0.46482372283935547"
"22","0.44783350825309753","0.44783350825309753","0.44783350825309753","0.46914294362068176","0.46914294362068176","0.46914294362068176"
"23","0.46498727798461914","0.46498727798461914","0.46498727798461914","0.47694605588912964","0.47694605588912964","0.47694605588912964"
"24","0.442034512758255","0.442034512758255","0.442034512758255","0.47469332814216614","0.47469332814216614","0.47469332814216614"
"25","0.45879825949668884","0.45879825949668884","0.45879825949668884","0.4830997884273529","0.4830997884273529","0.4830997884273529"
"26","0.4601067304611206","0.4601067304611206","0.4601067304611206","0.5000618696212769","0.5000618696212769","0.5000618696212769"
"27","0.46550145745277405","0.46550145745277405","0.46550145745277405","0.5102792382240295","0.5102792382240295","0.5102792382240295"
"28","0.4718760848045349","0.4718760848045349","0.4718760848045349","0.522404670715332","0.522404670715332","0.522404670715332"
"29","0.47592633962631226","0.47592633962631226","0.47592633962631226","0.5214853286743164","0.5214853286743164","0.5214853286743164"
"30","0.4734158217906952","0.4734158217906952","0.4734158217906952","0.5166578888893127","0.5166578888893127","0.5166578888893127"
"31","0.47237706184387207","0.47237706184387207","0.47237706184387207","0.5279629826545715","0.5279629826545715","0.5279629826545715"
"32","0.48379141092300415","0.48379141092300415","0.48379141092300415","0.5210555791854858","0.5210555791854858","0.5210555791854858"
"33","0.4768691956996918","0.4768691956996918","0.4768691956996918","0.5337437987327576","0.5337437987327576","0.5337437987327576"
"34","0.47853270173072815","0.47853270173072815","0.47853270173072815","0.5397973656654358","0.5397973656654358","0.5397973656654358"
"35","0.4798964858055115","0.4798964858055115","0.4798964858055115","0.5500019192695618","0.5500019192695618","0.5500019192695618"
"36","0.48357030749320984","0.48357030749320984","0.48357030749320984","0.5483657121658325","0.5483657121658325","0.5483657121658325"
"37","0.4679875671863556","0.4679875671863556","0.4679875671863556","0.5354040265083313","0.5354040265083313","0.5354040265083313"
"38","0.4890349507331848","0.4890349507331848","0.4890349507331848","0.5387694239616394","0.5387694239616394","0.5387694239616394"
"39","0.499167799949646","0.499167799949646","0.499167799949646","0.5385890007019043","0.5385890007019043","0.5385890007019043"
"40","0.5073712468147278","0.5073712468147278","0.5073712468147278","0.5369805693626404","0.5369805693626404","0.5369805693626404"
"41","0.4933088719844818","0.4933088719844818","0.4933088719844818","0.5359331369400024","0.5359331369400024","0.5359331369400024"
"42","0.4822995960712433","0.4822995960712433","0.4822995960712433","0.5497679710388184","0.5497679710388184","0.5497679710388184"
"43","0.4977627396583557","0.4977627396583557","0.4977627396583557","0.56418776512146","0.56418776512146","0.56418776512146"
"44","0.5049548745155334","0.5049548745155334","0.5049548745155334","0.5628554821014404","0.5628554821014404","0.5628554821014404"
"45","0.5012169480323792","0.5012169480323792","0.5012169480323792","0.5627798438072205","0.5627798438072205","0.5627798438072205"
"46","0.5038102865219116","0.5038102865219116","0.5038102865219116","0.561370313167572","0.561370313167572","0.561370313167572"
"47","0.5075880885124207","0.5075880885124207","0.5075880885124207","0.5616945624351501","0.5616945624351501","0.5616945624351501"
"48","0.5134084224700928","0.5134084224700928","0.5134084224700928","0.5668655037879944","0.5668655037879944","0.5668655037879944"
"49","0.5156021118164062","0.5156021118164062","0.5156021118164062","0.5633665919303894","0.5633665919303894","0.5633665919303894"
"50","0.5209576487541199","0.5209576487541199","0.5209576487541199","0.5669958591461182","0.5669958591461182","0.5669958591461182"
"51","0.5130162239074707","0.5130162239074707","0.5130162239074707","0.5698429346084595","0.5698429346084595","0.5698429346084595"
"52","0.5205932259559631","0.5205932259559631","0.5205932259559631","0.5580676794052124","0.5580676794052124","0.5580676794052124"
"53","0.5233682990074158","0.5233682990074158","0.5233682990074158","0.5697066783905029","0.5697066783905029","0.5697066783905029"
"54","0.5349140167236328","0.5349140167236328","0.5349140167236328","0.5702531933784485","0.5702531933784485","0.5702531933784485"
"55","0.5352417230606079","0.5352417230606079","0.5352417230606079","0.5716115236282349","0.5716115236282349","0.5716115236282349"
"56","0.5220450162887573","0.5220450162887573","0.5220450162887573","0.5693511366844177","0.5693511366844177","0.5693511366844177"
"57","0.5220931768417358","0.5220931768417358","0.5220931768417358","0.5727245211601257","0.5727245211601257","0.5727245211601257"
"58","0.5317478775978088","0.5317478775978088","0.5317478775978088","0.5695158839225769","0.5695158839225769","0.5695158839225769"
"59","0.5305453538894653","0.5305453538894653","0.5305453538894653","0.5780972838401794","0.5780972838401794","0.5780972838401794"
"60","0.5356180667877197","0.5356180667877197","0.5356180667877197","0.5723615288734436","0.5723615288734436","0.5723615288734436"
"61","0.5465839505195618","0.5465839505195618","0.5465839505195618","0.5731716752052307","0.5731716752052307","0.5731716752052307"
"62","0.5449833273887634","0.5449833273887634","0.5449833273887634","0.5691465735435486","0.5691465735435486","0.5691465735435486"
"63","0.546474039554596","0.546474039554596","0.546474039554596","0.5616598725318909","0.5616598725318909","0.5616598725318909"
"64","0.5497868657112122","0.5497868657112122","0.5497868657112122","0.5755643248558044","0.5755643248558044","0.5755643248558044"
"65","0.5384616851806641","0.5384616851806641","0.5384616851806641","0.5666128993034363","0.5666128993034363","0.5666128993034363"
"66","0.5345582962036133","0.5345582962036133","0.5345582962036133","0.5583311319351196","0.5583311319351196","0.5583311319351196"
"67","0.5444287657737732","0.5444287657737732","0.5444287657737732","0.5781712532043457","0.5781712532043457","0.5781712532043457"
"68","0.5516985058784485","0.5516985058784485","0.5516985058784485","0.5588325262069702","0.5588325262069702","0.5588325262069702"
"69","0.5381394028663635","0.5381394028663635","0.5381394028663635","0.5557214021682739","0.5557214021682739","0.5557214021682739"
"70","0.5514082908630371","0.5514082908630371","0.5514082908630371","0.5598300695419312","0.5598300695419312","0.5598300695419312"
"71","0.5334843397140503","0.5334843397140503","0.5334843397140503","0.5697535872459412","0.5697535872459412","0.5697535872459412"
"72","0.5381953716278076","0.5381953716278076","0.5381953716278076","0.5593181252479553","0.5593181252479553","0.5593181252479553"
"73","0.546934962272644","0.546934962272644","0.546934962272644","0.5623539090156555","0.5623539090156555","0.5623539090156555"
"74","0.5464893579483032","0.5464893579483032","0.5464893579483032","0.5659834742546082","0.5659834742546082","0.5659834742546082"
"75","0.5460094213485718","0.5460094213485718","0.5460094213485718","0.5656964778900146","0.5656964778900146","0.5656964778900146"
"76","0.5517791509628296","0.5517791509628296","0.5517791509628296","0.5580471158027649","0.5580471158027649","0.5580471158027649"
"77","0.5393173098564148","0.5393173098564148","0.5393173098564148","0.5600302815437317","0.5600302815437317","0.5600302815437317"
"78","0.5395562052726746","0.5395562052726746","0.5395562052726746","0.5654810070991516","0.5654810070991516","0.5654810070991516"
"79","0.5443910360336304","0.5443910360336304","0.5443910360336304","0.560706615447998","0.560706615447998","0.560706615447998"
"80","0.546635091304779","0.546635091304779","0.546635091304779","0.5617190003395081","0.5617190003395081","0.5617190003395081"
"81","0.547778308391571","0.547778308391571","0.547778308391571","0.5667068958282471","0.5667068958282471","0.5667068958282471"
"82","0.5389809012413025","0.5389809012413025","0.5389809012413025","0.5617631673812866","0.5617631673812866","0.5617631673812866"
"83","0.5355038046836853","0.5355038046836853","0.5355038046836853","0.5655065178871155","0.5655065178871155","0.5655065178871155"
"84","0.5409606695175171","0.5409606695175171","0.5409606695175171","0.564760684967041","0.564760684967041","0.564760684967041"
"85","0.5437911748886108","0.5437911748886108","0.5437911748886108","0.5607568025588989","0.5607568025588989","0.5607568025588989"
"86","0.5449647307395935","0.5449647307395935","0.5449647307395935","0.5632731318473816","0.5632731318473816","0.5632731318473816"
"87","0.5398002862930298","0.5398002862930298","0.5398002862930298","0.5725138783454895","0.5725138783454895","0.5725138783454895"
"88","0.536464273929596","0.536464273929596","0.536464273929596","0.5683971643447876","0.5683971643447876","0.5683971643447876"
"89","0.5384861826896667","0.5384861826896667","0.5384861826896667","0.5705884695053101","0.5705884695053101","0.5705884695053101"
"90","0.5446441769599915","0.5446441769599915","0.5446441769599915","0.5707914233207703","0.5707914233207703","0.5707914233207703"
"91","0.5383898615837097","0.5383898615837097","0.5383898615837097","0.5710557103157043","0.5710557103157043","0.5710557103157043"
"92","0.5520739555358887","0.5520739555358887","0.5520739555358887","0.5719921588897705","0.5719921588897705","0.5719921588897705"
"93","0.5503695607185364","0.5503695607185364","0.5503695607185364","0.5757386684417725","0.5757386684417725","0.5757386684417725"
"94","0.5367283225059509","0.5367283225059509","0.5367283225059509","0.5728947520256042","0.5728947520256042","0.5728947520256042"
"95","0.5369820594787598","0.5369820594787598","0.5369820594787598","0.57303386926651","0.57303386926651","0.57303386926651"
"96","0.5428169965744019","0.5428169965744019","0.5428169965744019","0.5699026584625244","0.5699026584625244","0.5699026584625244"
"97","0.5448288917541504","0.5448288917541504","0.5448288917541504","0.5769663453102112","0.5769663453102112","0.5769663453102112"
"98","0.5419670939445496","0.5419670939445496","0.5419670939445496","0.5704116821289062","0.5704116821289062","0.5704116821289062"
"99","0.5435095429420471","0.5435095429420471","0.5435095429420471","0.5728794932365417","0.5728794932365417","0.5728794932365417"
"100","0.5478824973106384","0.5478824973106384","0.5478824973106384","0.5787109136581421","0.5787109136581421","0.5787109136581421"
"101","0.5347530245780945","0.5347530245780945","0.5347530245780945","0.5802639722824097","0.5802639722824097","0.5802639722824097"
"102","0.5381582975387573","0.5381582975387573","0.5381582975387573","0.5805023908615112","0.5805023908615112","0.5805023908615112"
"103","0.5429887175559998","0.5429887175559998","0.5429887175559998","0.5775932669639587","0.5775932669639587","0.5775932669639587"
"104","0.5441982746124268","0.5441982746124268","0.5441982746124268","0.5744728446006775","0.5744728446006775","0.5744728446006775"
"105","0.536901593208313","0.536901593208313","0.536901593208313","0.5820271968841553","0.5820271968841553","0.5820271968841553"
"106","0.5390642285346985","0.5390642285346985","0.5390642285346985","0.5785998702049255","0.5785998702049255","0.5785998702049255"
"107","0.5351781249046326","0.5351781249046326","0.5351781249046326","0.5753380656242371","0.5753380656242371","0.5753380656242371"
"108","0.5392827391624451","0.5392827391624451","0.5392827391624451","0.5801319479942322","0.5801319479942322","0.5801319479942322"
"109","0.5384831428527832","0.5384831428527832","0.5384831428527832","0.5815702080726624","0.5815702080726624","0.5815702080726624"
"110","0.5443031191825867","0.5443031191825867","0.5443031191825867","0.5780220627784729","0.5780220627784729","0.5780220627784729"
"111","0.5454913973808289","0.5454913973808289","0.5454913973808289","0.5845735669136047","0.5845735669136047","0.5845735669136047"
"112","0.5447343587875366","0.5447343587875366","0.5447343587875366","0.5789875388145447","0.5789875388145447","0.5789875388145447"
"113","0.540178656578064","0.540178656578064","0.540178656578064","0.5847459435462952","0.5847459435462952","0.5847459435462952"
"114","0.5402728915214539","0.5402728915214539","0.5402728915214539","0.5656553506851196","0.5656553506851196","0.5656553506851196"
"115","0.5454017519950867","0.5454017519950867","0.5454017519950867","0.5622557401657104","0.5622557401657104","0.5622557401657104"
"116","0.5361524224281311","0.5361524224281311","0.5361524224281311","0.5856886506080627","0.5856886506080627","0.5856886506080627"
"117","0.5418877601623535","0.5418877601623535","0.5418877601623535","0.5780394673347473","0.5780394673347473","0.5780394673347473"
"118","0.5435359477996826","0.5435359477996826","0.5435359477996826","0.5703108906745911","0.5703108906745911","0.5703108906745911"
"119","0.5502595901489258","0.5502595901489258","0.5502595901489258","0.5819657444953918","0.5819657444953918","0.5819657444953918"
"120","0.539844274520874","0.539844274520874","0.539844274520874","0.5648370981216431","0.5648370981216431","0.5648370981216431"
"121","0.5487902760505676","0.5487902760505676","0.5487902760505676","0.570774257183075","0.570774257183075","0.570774257183075"
"122","0.5431793928146362","0.5431793928146362","0.5431793928146362","0.5848349928855896","0.5848349928855896","0.5848349928855896"
"123","0.5328805446624756","0.5328805446624756","0.5328805446624756","0.582818865776062","0.582818865776062","0.582818865776062"
"124","0.5414580702781677","0.5414580702781677","0.5414580702781677","0.5693493485450745","0.5693493485450745","0.5693493485450745"
"125","0.5380316376686096","0.5380316376686096","0.5380316376686096","0.5698264837265015","0.5698264837265015","0.5698264837265015"
"126","0.5474810600280762","0.5474810600280762","0.5474810600280762","0.586063027381897","0.586063027381897","0.586063027381897"
"127","0.5336684584617615","0.5336684584617615","0.5336684584617615","0.5706276297569275","0.5706276297569275","0.5706276297569275"
"128","0.5350845456123352","0.5350845456123352","0.5350845456123352","0.5731000304222107","0.5731000304222107","0.5731000304222107"
"129","0.542653501033783","0.542653501033783","0.542653501033783","0.5737946629524231","0.5737946629524231","0.5737946629524231"
"130","0.5466300249099731","0.5466300249099731","0.5466300249099731","0.573854923248291","0.573854923248291","0.573854923248291"
"131","0.5481312870979309","0.5481312870979309","0.5481312870979309","0.5723453760147095","0.5723453760147095","0.5723453760147095"
"132","0.5463429093360901","0.5463429093360901","0.5463429093360901","0.585745632648468","0.585745632648468","0.585745632648468"
"133","0.5518656373023987","0.5518656373023987","0.5518656373023987","0.5732341408729553","0.5732341408729553","0.5732341408729553"
"134","0.5365208387374878","0.5365208387374878","0.5365208387374878","0.5694177746772766","0.5694177746772766","0.5694177746772766"
"135","0.5433337092399597","0.5433337092399597","0.5433337092399597","0.5773370862007141","0.5773370862007141","0.5773370862007141"
"136","0.5417747497558594","0.5417747497558594","0.5417747497558594","0.567114531993866","0.567114531993866","0.567114531993866"
"137","0.5455072522163391","0.5455072522163391","0.5455072522163391","0.5737746953964233","0.5737746953964233","0.5737746953964233"
"138","0.5545257925987244","0.5545257925987244","0.5545257925987244","0.5738819241523743","0.5738819241523743","0.5738819241523743"
"139","0.5633847713470459","0.5633847713470459","0.5633847713470459","0.5721226930618286","0.5721226930618286","0.5721226930618286"
"140","0.5480114221572876","0.5480114221572876","0.5480114221572876","0.5750297904014587","0.5750297904014587","0.5750297904014587"
"141","0.5528885126113892","0.5528885126113892","0.5528885126113892","0.5726203918457031","0.5726203918457031","0.5726203918457031"
"142","0.5628530979156494","0.5628530979156494","0.5628530979156494","0.569711446762085","0.569711446762085","0.569711446762085"
"143","0.5601375102996826","0.5601375102996826","0.5601375102996826","0.5873200297355652","0.5873200297355652","0.5873200297355652"
"144","0.5499425530433655","0.5499425530433655","0.5499425530433655","0.5718485713005066","0.5718485713005066","0.5718485713005066"
"145","0.551573634147644","0.551573634147644","0.551573634147644","0.5702805519104004","0.5702805519104004","0.5702805519104004"
"146","0.568085253238678","0.568085253238678","0.568085253238678","0.5727433562278748","0.5727433562278748","0.5727433562278748"
"147","0.5572016835212708","0.5572016835212708","0.5572016835212708","0.5687721371650696","0.5687721371650696","0.5687721371650696"
"148","0.557712197303772","0.557712197303772","0.557712197303772","0.5898051857948303","0.5898051857948303","0.5898051857948303"
"149","0.5552797317504883","0.5552797317504883","0.5552797317504883","0.5723841190338135","0.5723841190338135","0.5723841190338135"
"150","0.553702175617218","0.553702175617218","0.553702175617218","0.5708310604095459","0.5708310604095459","0.5708310604095459"
"151","0.5530059337615967","0.5530059337615967","0.5530059337615967","0.5701903104782104","0.5701903104782104","0.5701903104782104"
"152","0.5529442429542542","0.5529442429542542","0.5529442429542542","0.5738147497177124","0.5738147497177124","0.5738147497177124"
"153","0.5524199604988098","0.5524199604988098","0.5524199604988098","0.5723921656608582","0.5723921656608582","0.5723921656608582"
"154","0.5544296503067017","0.5544296503067017","0.5544296503067017","0.5881380438804626","0.5881380438804626","0.5881380438804626"
"155","0.5529716610908508","0.5529716610908508","0.5529716610908508","0.5739388465881348","0.5739388465881348","0.5739388465881348"
"156","0.5653675198554993","0.5653675198554993","0.5653675198554993","0.5864951610565186","0.5864951610565186","0.5864951610565186"
"157","0.5582535266876221","0.5582535266876221","0.5582535266876221","0.5724629759788513","0.5724629759788513","0.5724629759788513"
"158","0.5604766607284546","0.5604766607284546","0.5604766607284546","0.5828557014465332","0.5828557014465332","0.5828557014465332"
"159","0.5619669556617737","0.5619669556617737","0.5619669556617737","0.5891802906990051","0.5891802906990051","0.5891802906990051"
"160","0.5655592083930969","0.5655592083930969","0.5655592083930969","0.5829477906227112","0.5829477906227112","0.5829477906227112"
"161","0.5634120106697083","0.5634120106697083","0.5634120106697083","0.5857287645339966","0.5857287645339966","0.5857287645339966"
"162","0.5554378032684326","0.5554378032684326","0.5554378032684326","0.5675894618034363","0.5675894618034363","0.5675894618034363"
"163","0.5581974387168884","0.5581974387168884","0.5581974387168884","0.5867208242416382","0.5867208242416382","0.5867208242416382"
"164","0.5633929967880249","0.5633929967880249","0.5633929967880249","0.5725007653236389","0.5725007653236389","0.5725007653236389"
"165","0.5656784176826477","0.5656784176826477","0.5656784176826477","0.5817508697509766","0.5817508697509766","0.5817508697509766"
"166","0.5629317760467529","0.5629317760467529","0.5629317760467529","0.5778054594993591","0.5778054594993591","0.5778054594993591"
"167","0.5612505674362183","0.5612505674362183","0.5612505674362183","0.5744870901107788","0.5744870901107788","0.5744870901107788"
"168","0.5620051622390747","0.5620051622390747","0.5620051622390747","0.588740348815918","0.588740348815918","0.588740348815918"
"169","0.5623608231544495","0.5623608231544495","0.5623608231544495","0.5857300162315369","0.5857300162315369","0.5857300162315369"
"170","0.5619257688522339","0.5619257688522339","0.5619257688522339","0.5749533176422119","0.5749533176422119","0.5749533176422119"
"171","0.5617955923080444","0.5617955923080444","0.5617955923080444","0.576468825340271","0.576468825340271","0.576468825340271"
"172","0.5646089911460876","0.5646089911460876","0.5646089911460876","0.5751408934593201","0.5751408934593201","0.5751408934593201"
"173","0.5635645985603333","0.5635645985603333","0.5635645985603333","0.5662655830383301","0.5662655830383301","0.5662655830383301"
"174","0.5629444718360901","0.5629444718360901","0.5629444718360901","0.5850868225097656","0.5850868225097656","0.5850868225097656"
"175","0.5642502903938293","0.5642502903938293","0.5642502903938293","0.572529673576355","0.572529673576355","0.572529673576355"
"176","0.5696675777435303","0.5696675777435303","0.5696675777435303","0.5857839584350586","0.5857839584350586","0.5857839584350586"
"177","0.5689334273338318","0.5689334273338318","0.5689334273338318","0.5738347172737122","0.5738347172737122","0.5738347172737122"
"178","0.5697275400161743","0.5697275400161743","0.5697275400161743","0.5855318307876587","0.5855318307876587","0.5855318307876587"
"179","0.5686326026916504","0.5686326026916504","0.5686326026916504","0.5750634074211121","0.5750634074211121","0.5750634074211121"
"180","0.5649710297584534","0.5649710297584534","0.5649710297584534","0.5868907570838928","0.5868907570838928","0.5868907570838928"
"181","0.5696508884429932","0.5696508884429932","0.5696508884429932","0.5870057940483093","0.5870057940483093","0.5870057940483093"
"182","0.563905656337738","0.563905656337738","0.563905656337738","0.5843738317489624","0.5843738317489624","0.5843738317489624"
"183","0.5657978057861328","0.5657978057861328","0.5657978057861328","0.5891230702400208","0.5891230702400208","0.5891230702400208"
"184","0.5655162334442139","0.5655162334442139","0.5655162334442139","0.5684972405433655","0.5684972405433655","0.5684972405433655"
"185","0.5717808604240417","0.5717808604240417","0.5717808604240417","0.5861063003540039","0.5861063003540039","0.5861063003540039"
"186","0.5689063668251038","0.5689063668251038","0.5689063668251038","0.5725646615028381","0.5725646615028381","0.5725646615028381"
"187","0.5740755796432495","0.5740755796432495","0.5740755796432495","0.5891848802566528","0.5891848802566528","0.5891848802566528"
"188","0.5723093748092651","0.5723093748092651","0.5723093748092651","0.5874955654144287","0.5874955654144287","0.5874955654144287"
"189","0.5752195119857788","0.5752195119857788","0.5752195119857788","0.5874379277229309","0.5874379277229309","0.5874379277229309"
"190","0.5678950548171997","0.5678950548171997","0.5678950548171997","0.5887250304222107","0.5887250304222107","0.5887250304222107"
"191","0.5703525543212891","0.5703525543212891","0.5703525543212891","0.5738329887390137","0.5738329887390137","0.5738329887390137"
"192","0.5768432021141052","0.5768432021141052","0.5768432021141052","0.5766873359680176","0.5766873359680176","0.5766873359680176"
"193","0.5689436793327332","0.5689436793327332","0.5689436793327332","0.5904809832572937","0.5904809832572937","0.5904809832572937"
"194","0.5647305250167847","0.5647305250167847","0.5647305250167847","0.5702372789382935","0.5702372789382935","0.5702372789382935"
"195","0.573940098285675","0.573940098285675","0.573940098285675","0.5870023369789124","0.5870023369789124","0.5870023369789124"
"196","0.5691211819648743","0.5691211819648743","0.5691211819648743","0.5879698395729065","0.5879698395729065","0.5879698395729065"
"197","0.5709776282310486","0.5709776282310486","0.5709776282310486","0.5745461583137512","0.5745461583137512","0.5745461583137512"
"198","0.5686179995536804","0.5686179995536804","0.5686179995536804","0.5878482460975647","0.5878482460975647","0.5878482460975647"
"199","0.5754504203796387","0.5754504203796387","0.5754504203796387","0.587578535079956","0.587578535079956","0.587578535079956"
"200","0.5715100765228271","0.5715100765228271","0.5715100765228271","0.575446367263794","0.575446367263794","0.575446367263794"
"201","0.5734323263168335","0.5734323263168335","0.5734323263168335","0.5742531418800354","0.5742531418800354","0.5742531418800354"
"202","0.5788813233375549","0.5788813233375549","0.5788813233375549","0.5870566368103027","0.5870566368103027","0.5870566368103027"
"203","0.5776386260986328","0.5776386260986328","0.5776386260986328","0.5839887857437134","0.5839887857437134","0.5839887857437134"
"204","0.5795053839683533","0.5795053839683533","0.5795053839683533","0.5860248804092407","0.5860248804092407","0.5860248804092407"
"205","0.5765989422798157","0.5765989422798157","0.5765989422798157","0.5955577492713928","0.5955577492713928","0.5955577492713928"
"206","0.5769098401069641","0.5769098401069641","0.5769098401069641","0.5851166248321533","0.5851166248321533","0.5851166248321533"
"207","0.5777616500854492","0.5777616500854492","0.5777616500854492","0.5929812788963318","0.5929812788963318","0.5929812788963318"
"208","0.5711945295333862","0.5711945295333862","0.5711945295333862","0.5990719199180603","0.5990719199180603","0.5990719199180603"
"209","0.5781773328781128","0.5781773328781128","0.5781773328781128","0.5836919546127319","0.5836919546127319","0.5836919546127319"
"210","0.5781285166740417","0.5781285166740417","0.5781285166740417","0.590996265411377","0.590996265411377","0.590996265411377"
"211","0.576744019985199","0.576744019985199","0.576744019985199","0.5854920148849487","0.5854920148849487","0.5854920148849487"
"212","0.5791113972663879","0.5791113972663879","0.5791113972663879","0.587520182132721","0.587520182132721","0.587520182132721"
"213","0.5806789398193359","0.5806789398193359","0.5806789398193359","0.5936818718910217","0.5936818718910217","0.5936818718910217"
"214","0.579853355884552","0.579853355884552","0.579853355884552","0.5741387605667114","0.5741387605667114","0.5741387605667114"
"215","0.5734428763389587","0.5734428763389587","0.5734428763389587","0.5860918760299683","0.5860918760299683","0.5860918760299683"
"216","0.5700870752334595","0.5700870752334595","0.5700870752334595","0.579338550567627","0.579338550567627","0.579338550567627"
"217","0.5774716138839722","0.5774716138839722","0.5774716138839722","0.576852560043335","0.576852560043335","0.576852560043335"
"218","0.5802549123764038","0.5802549123764038","0.5802549123764038","0.5922307372093201","0.5922307372093201","0.5922307372093201"
"219","0.5807258486747742","0.5807258486747742","0.5807258486747742","0.5852298736572266","0.5852298736572266","0.5852298736572266"
"220","0.5820367336273193","0.5820367336273193","0.5820367336273193","0.5922194719314575","0.5922194719314575","0.5922194719314575"
"221","0.581288754940033","0.581288754940033","0.581288754940033","0.5914868116378784","0.5914868116378784","0.5914868116378784"
"222","0.579140305519104","0.579140305519104","0.579140305519104","0.575851321220398","0.575851321220398","0.575851321220398"
"223","0.5755800604820251","0.5755800604820251","0.5755800604820251","0.586333692073822","0.586333692073822","0.586333692073822"
"224","0.5773243308067322","0.5773243308067322","0.5773243308067322","0.5877225399017334","0.5877225399017334","0.5877225399017334"
"225","0.5801627039909363","0.5801627039909363","0.5801627039909363","0.5731305480003357","0.5731305480003357","0.5731305480003357"
"226","0.5806287527084351","0.5806287527084351","0.5806287527084351","0.5897517800331116","0.5897517800331116","0.5897517800331116"
"227","0.5806199908256531","0.5806199908256531","0.5806199908256531","0.5913817882537842","0.5913817882537842","0.5913817882537842"
"228","0.5789608359336853","0.5789608359336853","0.5789608359336853","0.5929479002952576","0.5929479002952576","0.5929479002952576"
"229","0.581824779510498","0.581824779510498","0.581824779510498","0.5773633718490601","0.5773633718490601","0.5773633718490601"
"230","0.5821384191513062","0.5821384191513062","0.5821384191513062","0.5933117270469666","0.5933117270469666","0.5933117270469666"
"231","0.5807397365570068","0.5807397365570068","0.5807397365570068","0.5752497911453247","0.5752497911453247","0.5752497911453247"
"232","0.5809749960899353","0.5809749960899353","0.5809749960899353","0.5919203758239746","0.5919203758239746","0.5919203758239746"
"233","0.5830429792404175","0.5830429792404175","0.5830429792404175","0.5752431750297546","0.5752431750297546","0.5752431750297546"
"234","0.5841941833496094","0.5841941833496094","0.5841941833496094","0.597187340259552","0.597187340259552","0.597187340259552"
"235","0.581190824508667","0.581190824508667","0.581190824508667","0.5792356729507446","0.5792356729507446","0.5792356729507446"
"236","0.5822833180427551","0.5822833180427551","0.5822833180427551","0.5947377681732178","0.5947377681732178","0.5947377681732178"
"237","0.58287113904953","0.58287113904953","0.58287113904953","0.5936890840530396","0.5936890840530396","0.5936890840530396"
"238","0.5822905898094177","0.5822905898094177","0.5822905898094177","0.5830978155136108","0.5830978155136108","0.5830978155136108"
"239","0.5812283158302307","0.5812283158302307","0.5812283158302307","0.5874861478805542","0.5874861478805542","0.5874861478805542"
"240","0.5837445259094238","0.5837445259094238","0.5837445259094238","0.5827393531799316","0.5827393531799316","0.5827393531799316"
"241","0.5810227990150452","0.5810227990150452","0.5810227990150452","0.5728585720062256","0.5728585720062256","0.5728585720062256"
"242","0.5852543711662292","0.5852543711662292","0.5852543711662292","0.5944406986236572","0.5944406986236572","0.5944406986236572"
"243","0.583552360534668","0.583552360534668","0.583552360534668","0.595192015171051","0.595192015171051","0.595192015171051"
"244","0.5839307904243469","0.5839307904243469","0.5839307904243469","0.5962749719619751","0.5962749719619751","0.5962749719619751"
"245","0.5783812999725342","0.5783812999725342","0.5783812999725342","0.575638473033905","0.575638473033905","0.575638473033905"
"246","0.5843998193740845","0.5843998193740845","0.5843998193740845","0.597701907157898","0.597701907157898","0.597701907157898"
"247","0.584331214427948","0.584331214427948","0.584331214427948","0.5916057825088501","0.5916057825088501","0.5916057825088501"
"248","0.5836135745048523","0.5836135745048523","0.5836135745048523","0.5819859504699707","0.5819859504699707","0.5819859504699707"
"249","0.5836484432220459","0.5836484432220459","0.5836484432220459","0.5990126729011536","0.5990126729011536","0.5990126729011536"
"250","0.5826548337936401","0.5826548337936401","0.5826548337936401","0.5752279758453369","0.5752279758453369","0.5752279758453369"
"251","0.5844689607620239","0.5844689607620239","0.5844689607620239","0.5895000696182251","0.5895000696182251","0.5895000696182251"
"252","0.5833718180656433","0.5833718180656433","0.5833718180656433","0.5909390449523926","0.5909390449523926","0.5909390449523926"
"253","0.5851625800132751","0.5851625800132751","0.5851625800132751","0.5940237045288086","0.5940237045288086","0.5940237045288086"
"254","0.5822119116783142","0.5822119116783142","0.5822119116783142","0.577515721321106","0.577515721321106","0.577515721321106"
"255","0.5841634273529053","0.5841634273529053","0.5841634273529053","0.5814970135688782","0.5814970135688782","0.5814970135688782"
"256","0.5845568180084229","0.5845568180084229","0.5845568180084229","0.5960244536399841","0.5960244536399841","0.5960244536399841"
"257","0.5805428624153137","0.5805428624153137","0.5805428624153137","0.5885996222496033","0.5885996222496033","0.5885996222496033"
"258","0.5843328833580017","0.5843328833580017","0.5843328833580017","0.5921618938446045","0.5921618938446045","0.5921618938446045"
"259","0.5820755362510681","0.5820755362510681","0.5820755362510681","0.5791491866111755","0.5791491866111755","0.5791491866111755"
"260","0.5826982259750366","0.5826982259750366","0.5826982259750366","0.5968138575553894","0.5968138575553894","0.5968138575553894"
"261","0.5858665704727173","0.5858665704727173","0.5858665704727173","0.5772590637207031","0.5772590637207031","0.5772590637207031"
"262","0.5817110538482666","0.5817110538482666","0.5817110538482666","0.5760065913200378","0.5760065913200378","0.5760065913200378"
"263","0.5791361927986145","0.5791361927986145","0.5791361927986145","0.5946953892707825","0.5946953892707825","0.5946953892707825"
"264","0.5803567171096802","0.5803567171096802","0.5803567171096802","0.5810672044754028","0.5810672044754028","0.5810672044754028"
"265","0.5799784660339355","0.5799784660339355","0.5799784660339355","0.5933322310447693","0.5933322310447693","0.5933322310447693"
"266","0.582776665687561","0.582776665687561","0.582776665687561","0.5834763050079346","0.5834763050079346","0.5834763050079346"
"267","0.5834446549415588","0.5834446549415588","0.5834446549415588","0.5912929177284241","0.5912929177284241","0.5912929177284241"
"268","0.5817782878875732","0.5817782878875732","0.5817782878875732","0.5963631272315979","0.5963631272315979","0.5963631272315979"
"269","0.5836917161941528","0.5836917161941528","0.5836917161941528","0.5968782305717468","0.5968782305717468","0.5968782305717468"
"270","0.5794299840927124","0.5794299840927124","0.5794299840927124","0.6003249287605286","0.6003249287605286","0.6003249287605286"
"271","0.5782387256622314","0.5782387256622314","0.5782387256622314","0.5803216695785522","0.5803216695785522","0.5803216695785522"
"272","0.5812140703201294","0.5812140703201294","0.5812140703201294","0.6016113758087158","0.6016113758087158","0.6016113758087158"
"273","0.5819432139396667","0.5819432139396667","0.5819432139396667","0.577619731426239","0.577619731426239","0.577619731426239"
"274","0.5810320973396301","0.5810320973396301","0.5810320973396301","0.5969810485839844","0.5969810485839844","0.5969810485839844"
"275","0.584291398525238","0.584291398525238","0.584291398525238","0.5899820923805237","0.5899820923805237","0.5899820923805237"
"276","0.5845181345939636","0.5845181345939636","0.5845181345939636","0.5989594459533691","0.5989594459533691","0.5989594459533691"
"277","0.5789996385574341","0.5789996385574341","0.5789996385574341","0.5775733590126038","0.5775733590126038","0.5775733590126038"
"278","0.5902314782142639","0.5902314782142639","0.5902314782142639","0.5906078219413757","0.5906078219413757","0.5906078219413757"
"279","0.5898715257644653","0.5898715257644653","0.5898715257644653","0.5681253671646118","0.5681253671646118","0.5681253671646118"
"280","0.5818222165107727","0.5818222165107727","0.5818222165107727","0.5971886515617371","0.5971886515617371","0.5971886515617371"
"281","0.5786668062210083","0.5786668062210083","0.5786668062210083","0.5725104212760925","0.5725104212760925","0.5725104212760925"
"282","0.5880136489868164","0.5880136489868164","0.5880136489868164","0.6012176275253296","0.6012176275253296","0.6012176275253296"
"283","0.5869655013084412","0.5869655013084412","0.5869655013084412","0.5948240160942078","0.5948240160942078","0.5948240160942078"
"284","0.5810369849205017","0.5810369849205017","0.5810369849205017","0.5737889409065247","0.5737889409065247","0.5737889409065247"
"285","0.5820980072021484","0.5820980072021484","0.5820980072021484","0.5912461876869202","0.5912461876869202","0.5912461876869202"
"286","0.5878421068191528","0.5878421068191528","0.5878421068191528","0.5937884449958801","0.5937884449958801","0.5937884449958801"
"287","0.5797810554504395","0.5797810554504395","0.5797810554504395","0.5858166217803955","0.5858166217803955","0.5858166217803955"
"288","0.5824590921401978","0.5824590921401978","0.5824590921401978","0.5918602347373962","0.5918602347373962","0.5918602347373962"
"289","0.5850996375083923","0.5850996375083923","0.5850996375083923","0.5778302550315857","0.5778302550315857","0.5778302550315857"
"290","0.5793992280960083","0.5793992280960083","0.5793992280960083","0.5865679979324341","0.5865679979324341","0.5865679979324341"
"291","0.5829364657402039","0.5829364657402039","0.5829364657402039","0.5926069617271423","0.5926069617271423","0.5926069617271423"
"292","0.5827071666717529","0.5827071666717529","0.5827071666717529","0.5794107913970947","0.5794107913970947","0.5794107913970947"
"293","0.5847715735435486","0.5847715735435486","0.5847715735435486","0.5971964597702026","0.5971964597702026","0.5971964597702026"
"294","0.5824742317199707","0.5824742317199707","0.5824742317199707","0.5923866033554077","0.5923866033554077","0.5923866033554077"
"295","0.5820897817611694","0.5820897817611694","0.5820897817611694","0.595341145992279","0.595341145992279","0.595341145992279"
"296","0.5815717577934265","0.5815717577934265","0.5815717577934265","0.581154465675354","0.581154465675354","0.581154465675354"
"297","0.5810982584953308","0.5810982584953308","0.5810982584953308","0.6002634763717651","0.6002634763717651","0.6002634763717651"
"298","0.585909903049469","0.585909903049469","0.585909903049469","0.5938706398010254","0.5938706398010254","0.5938706398010254"
"299","0.5926541090011597","0.5926541090011597","0.5926541090011597","0.5880972146987915","0.5880972146987915","0.5880972146987915"
"300","0.5809237360954285","0.5809237360954285","0.5809237360954285","0.578787624835968","0.578787624835968","0.578787624835968"
"301","0.5898352861404419","0.5898352861404419","0.5898352861404419","0.5918444395065308","0.5918444395065308","0.5918444395065308"
"302","0.593283474445343","0.593283474445343","0.593283474445343","0.5927252769470215","0.5927252769470215","0.5927252769470215"
"303","0.5819277763366699","0.5819277763366699","0.5819277763366699","0.5992161631584167","0.5992161631584167","0.5992161631584167"
"304","0.5844208002090454","0.5844208002090454","0.5844208002090454","0.5949335694313049","0.5949335694313049","0.5949335694313049"
"305","0.5918236374855042","0.5918236374855042","0.5918236374855042","0.5937380194664001","0.5937380194664001","0.5937380194664001"
"306","0.5911082625389099","0.5911082625389099","0.5911082625389099","0.5837706327438354","0.5837706327438354","0.5837706327438354"
"307","0.5803744196891785","0.5803744196891785","0.5803744196891785","0.5946412682533264","0.5946412682533264","0.5946412682533264"
"308","0.5805879235267639","0.5805879235267639","0.5805879235267639","0.580962061882019","0.580962061882019","0.580962061882019"
"309","0.58986496925354","0.58986496925354","0.58986496925354","0.5942342877388","0.5942342877388","0.5942342877388"
"310","0.591595470905304","0.591595470905304","0.591595470905304","0.5979148149490356","0.5979148149490356","0.5979148149490356"
"311","0.5950329303741455","0.5950329303741455","0.5950329303741455","0.5883761644363403","0.5883761644363403","0.5883761644363403"
"312","0.5921194553375244","0.5921194553375244","0.5921194553375244","0.5961889624595642","0.5961889624595642","0.5961889624595642"
"313","0.5906844139099121","0.5906844139099121","0.5906844139099121","0.5794984102249146","0.5794984102249146","0.5794984102249146"
"314","0.5876873731613159","0.5876873731613159","0.5876873731613159","0.5963173508644104","0.5963173508644104","0.5963173508644104"
"315","0.5868235230445862","0.5868235230445862","0.5868235230445862","0.5806669592857361","0.5806669592857361","0.5806669592857361"
"316","0.5882210731506348","0.5882210731506348","0.5882210731506348","0.5967511534690857","0.5967511534690857","0.5967511534690857"
"317","0.5943318009376526","0.5943318009376526","0.5943318009376526","0.5923321843147278","0.5923321843147278","0.5923321843147278"
"318","0.5901102423667908","0.5901102423667908","0.5901102423667908","0.5752037167549133","0.5752037167549133","0.5752037167549133"
"319","0.5819718241691589","0.5819718241691589","0.5819718241691589","0.5837920904159546","0.5837920904159546","0.5837920904159546"
"320","0.5835130214691162","0.5835130214691162","0.5835130214691162","0.5795844197273254","0.5795844197273254","0.5795844197273254"
"321","0.5881137251853943","0.5881137251853943","0.5881137251853943","0.5761680006980896","0.5761680006980896","0.5761680006980896"
"322","0.5898353457450867","0.5898353457450867","0.5898353457450867","0.592685341835022","0.592685341835022","0.592685341835022"
"323","0.5829935669898987","0.5829935669898987","0.5829935669898987","0.5801821947097778","0.5801821947097778","0.5801821947097778"
"324","0.5913521647453308","0.5913521647453308","0.5913521647453308","0.5912507772445679","0.5912507772445679","0.5912507772445679"
"325","0.5802443027496338","0.5802443027496338","0.5802443027496338","0.5832542181015015","0.5832542181015015","0.5832542181015015"
"326","0.5829646587371826","0.5829646587371826","0.5829646587371826","0.5924822688102722","0.5924822688102722","0.5924822688102722"
"327","0.5822547078132629","0.5822547078132629","0.5822547078132629","0.583008348941803","0.583008348941803","0.583008348941803"
"328","0.5917225480079651","0.5917225480079651","0.5917225480079651","0.5797677040100098","0.5797677040100098","0.5797677040100098"
"329","0.5903288722038269","0.5903288722038269","0.5903288722038269","0.5936768054962158","0.5936768054962158","0.5936768054962158"
"330","0.5920231938362122","0.5920231938362122","0.5920231938362122","0.5781142711639404","0.5781142711639404","0.5781142711639404"
"331","0.5953078269958496","0.5953078269958496","0.5953078269958496","0.581527590751648","0.581527590751648","0.581527590751648"
"332","0.590381920337677","0.590381920337677","0.590381920337677","0.594325602054596","0.594325602054596","0.594325602054596"
"333","0.5839356780052185","0.5839356780052185","0.5839356780052185","0.5879451036453247","0.5879451036453247","0.5879451036453247"
"334","0.5933772921562195","0.5933772921562195","0.5933772921562195","0.587810754776001","0.587810754776001","0.587810754776001"
"335","0.5865325331687927","0.5865325331687927","0.5865325331687927","0.5834893584251404","0.5834893584251404","0.5834893584251404"
"336","0.5833994746208191","0.5833994746208191","0.5833994746208191","0.5946753621101379","0.5946753621101379","0.5946753621101379"
"337","0.5833268165588379","0.5833268165588379","0.5833268165588379","0.5917638540267944","0.5917638540267944","0.5917638540267944"
"338","0.5950895547866821","0.5950895547866821","0.5950895547866821","0.5972655415534973","0.5972655415534973","0.5972655415534973"
"339","0.5949131846427917","0.5949131846427917","0.5949131846427917","0.5804967284202576","0.5804967284202576","0.5804967284202576"
"340","0.5939581394195557","0.5939581394195557","0.5939581394195557","0.5769245624542236","0.5769245624542236","0.5769245624542236"
"341","0.5906890630722046","0.5906890630722046","0.5906890630722046","0.5949395895004272","0.5949395895004272","0.5949395895004272"
"342","0.5826642513275146","0.5826642513275146","0.5826642513275146","0.5690469741821289","0.5690469741821289","0.5690469741821289"
"343","0.5816980004310608","0.5816980004310608","0.5816980004310608","0.5978577733039856","0.5978577733039856","0.5978577733039856"
"344","0.5942986607551575","0.5942986607551575","0.5942986607551575","0.5778871774673462","0.5778871774673462","0.5778871774673462"
"345","0.5814692378044128","0.5814692378044128","0.5814692378044128","0.5864165425300598","0.5864165425300598","0.5864165425300598"
"346","0.5938183069229126","0.5938183069229126","0.5938183069229126","0.5945764780044556","0.5945764780044556","0.5945764780044556"
"347","0.5875123739242554","0.5875123739242554","0.5875123739242554","0.5817986130714417","0.5817986130714417","0.5817986130714417"
"348","0.5931962728500366","0.5931962728500366","0.5931962728500366","0.5831969380378723","0.5831969380378723","0.5831969380378723"
"349","0.5913887023925781","0.5913887023925781","0.5913887023925781","0.5952221155166626","0.5952221155166626","0.5952221155166626"
"350","0.5913227796554565","0.5913227796554565","0.5913227796554565","0.580369770526886","0.580369770526886","0.580369770526886"
"351","0.5963274240493774","0.5963274240493774","0.5963274240493774","0.5988438725471497","0.5988438725471497","0.5988438725471497"
"352","0.592941164970398","0.592941164970398","0.592941164970398","0.5741501450538635","0.5741501450538635","0.5741501450538635"
"353","0.5967273116111755","0.5967273116111755","0.5967273116111755","0.6000921130180359","0.6000921130180359","0.6000921130180359"
"354","0.5965102314949036","0.5965102314949036","0.5965102314949036","0.5804310441017151","0.5804310441017151","0.5804310441017151"
"355","0.5919387936592102","0.5919387936592102","0.5919387936592102","0.584279477596283","0.584279477596283","0.584279477596283"
"356","0.5937806963920593","0.5937806963920593","0.5937806963920593","0.5839444398880005","0.5839444398880005","0.5839444398880005"
"357","0.596754789352417","0.596754789352417","0.596754789352417","0.5839419960975647","0.5839419960975647","0.5839419960975647"
"358","0.5921090841293335","0.5921090841293335","0.5921090841293335","0.5847840905189514","0.5847840905189514","0.5847840905189514"
"359","0.5963978171348572","0.5963978171348572","0.5963978171348572","0.5857422947883606","0.5857422947883606","0.5857422947883606"
"360","0.5941283702850342","0.5941283702850342","0.5941283702850342","0.5968165993690491","0.5968165993690491","0.5968165993690491"
"361","0.5951035618782043","0.5951035618782043","0.5951035618782043","0.5822648406028748","0.5822648406028748","0.5822648406028748"
"362","0.5936738848686218","0.5936738848686218","0.5936738848686218","0.5845054984092712","0.5845054984092712","0.5845054984092712"
"363","0.5933248996734619","0.5933248996734619","0.5933248996734619","0.5972360968589783","0.5972360968589783","0.5972360968589783"
"364","0.5953464508056641","0.5953464508056641","0.5953464508056641","0.5933904647827148","0.5933904647827148","0.5933904647827148"
"365","0.5951200127601624","0.5951200127601624","0.5951200127601624","0.6025305986404419","0.6025305986404419","0.6025305986404419"
"366","0.5954297780990601","0.5954297780990601","0.5954297780990601","0.5883588194847107","0.5883588194847107","0.5883588194847107"
"367","0.5971139073371887","0.5971139073371887","0.5971139073371887","0.5777918696403503","0.5777918696403503","0.5777918696403503"
"368","0.5937380194664001","0.5937380194664001","0.5937380194664001","0.5945284962654114","0.5945284962654114","0.5945284962654114"
"369","0.5924664735794067","0.5924664735794067","0.5924664735794067","0.5713452696800232","0.5713452696800232","0.5713452696800232"
"370","0.5942338109016418","0.5942338109016418","0.5942338109016418","0.5912408232688904","0.5912408232688904","0.5912408232688904"
"371","0.5959202647209167","0.5959202647209167","0.5959202647209167","0.5898882746696472","0.5898882746696472","0.5898882746696472"
"372","0.5928707122802734","0.5928707122802734","0.5928707122802734","0.5819711089134216","0.5819711089134216","0.5819711089134216"
"373","0.5936521887779236","0.5936521887779236","0.5936521887779236","0.5806443095207214","0.5806443095207214","0.5806443095207214"
"374","0.594685971736908","0.594685971736908","0.594685971736908","0.5815916657447815","0.5815916657447815","0.5815916657447815"
"375","0.6009670495986938","0.6009670495986938","0.6009670495986938","0.5958821773529053","0.5958821773529053","0.5958821773529053"
"376","0.5997880697250366","0.5997880697250366","0.5997880697250366","0.5944356322288513","0.5944356322288513","0.5944356322288513"
"377","0.5955462455749512","0.5955462455749512","0.5955462455749512","0.5841384530067444","0.5841384530067444","0.5841384530067444"
"378","0.5938394069671631","0.5938394069671631","0.5938394069671631","0.6025652885437012","0.6025652885437012","0.6025652885437012"
"379","0.5941717028617859","0.5941717028617859","0.5941717028617859","0.573780357837677","0.573780357837677","0.573780357837677"
"380","0.5961389541625977","0.5961389541625977","0.5961389541625977","0.5971080660820007","0.5971080660820007","0.5971080660820007"
"381","0.5948703289031982","0.5948703289031982","0.5948703289031982","0.5794872641563416","0.5794872641563416","0.5794872641563416"
"382","0.5971973538398743","0.5971973538398743","0.5971973538398743","0.5756372213363647","0.5756372213363647","0.5756372213363647"
"383","0.5947751998901367","0.5947751998901367","0.5947751998901367","0.5865758061408997","0.5865758061408997","0.5865758061408997"
"384","0.5957356095314026","0.5957356095314026","0.5957356095314026","0.5789070725440979","0.5789070725440979","0.5789070725440979"
"385","0.5950490236282349","0.5950490236282349","0.5950490236282349","0.5811460614204407","0.5811460614204407","0.5811460614204407"
"386","0.5962863564491272","0.5962863564491272","0.5962863564491272","0.5818117260932922","0.5818117260932922","0.5818117260932922"
"387","0.59483802318573","0.59483802318573","0.59483802318573","0.5933395624160767","0.5933395624160767","0.5933395624160767"
"388","0.5946626663208008","0.5946626663208008","0.5946626663208008","0.5986030697822571","0.5986030697822571","0.5986030697822571"
"389","0.5951699614524841","0.5951699614524841","0.5951699614524841","0.5910467505455017","0.5910467505455017","0.5910467505455017"
"390","0.5922383069992065","0.5922383069992065","0.5922383069992065","0.578442394733429","0.578442394733429","0.578442394733429"
"391","0.5936644673347473","0.5936644673347473","0.5936644673347473","0.5750136971473694","0.5750136971473694","0.5750136971473694"
"392","0.5903521776199341","0.5903521776199341","0.5903521776199341","0.577816903591156","0.577816903591156","0.577816903591156"
"393","0.5959144830703735","0.5959144830703735","0.5959144830703735","0.579685389995575","0.579685389995575","0.579685389995575"
"394","0.5953565835952759","0.5953565835952759","0.5953565835952759","0.5807021856307983","0.5807021856307983","0.5807021856307983"
"395","0.5929098129272461","0.5929098129272461","0.5929098129272461","0.5904175043106079","0.5904175043106079","0.5904175043106079"
"396","0.5976136922836304","0.5976136922836304","0.5976136922836304","0.5839676856994629","0.5839676856994629","0.5839676856994629"
"397","0.5959032773971558","0.5959032773971558","0.5959032773971558","0.5740213990211487","0.5740213990211487","0.5740213990211487"
"398","0.5950652360916138","0.5950652360916138","0.5950652360916138","0.5883885025978088","0.5883885025978088","0.5883885025978088"
"399","0.5928360819816589","0.5928360819816589","0.5928360819816589","0.5794817209243774","0.5794817209243774","0.5794817209243774"
"400","0.5962226986885071","0.5962226986885071","0.5962226986885071","0.5958691835403442","0.5958691835403442","0.5958691835403442"
"401","0.5950514078140259","0.5950514078140259","0.5950514078140259","0.5841540098190308","0.5841540098190308","0.5841540098190308"
"402","0.5917123556137085","0.5917123556137085","0.5917123556137085","0.5932344198226929","0.5932344198226929","0.5932344198226929"
"403","0.5999757051467896","0.5999757051467896","0.5999757051467896","0.6046081185340881","0.6046081185340881","0.6046081185340881"
"404","0.5970475077629089","0.5970475077629089","0.5970475077629089","0.5979973673820496","0.5979973673820496","0.5979973673820496"
"405","0.5919280052185059","0.5919280052185059","0.5919280052185059","0.5809351205825806","0.5809351205825806","0.5809351205825806"
"406","0.5946592688560486","0.5946592688560486","0.5946592688560486","0.5744016766548157","0.5744016766548157","0.5744016766548157"
"407","0.6000310778617859","0.6000310778617859","0.6000310778617859","0.5760881900787354","0.5760881900787354","0.5760881900787354"
"408","0.5920627117156982","0.5920627117156982","0.5920627117156982","0.5915230512619019","0.5915230512619019","0.5915230512619019"
"409","0.5956041812896729","0.5956041812896729","0.5956041812896729","0.5743516087532043","0.5743516087532043","0.5743516087532043"
"410","0.596916675567627","0.596916675567627","0.596916675567627","0.5933777689933777","0.5933777689933777","0.5933777689933777"
"411","0.596640944480896","0.596640944480896","0.596640944480896","0.5883464813232422","0.5883464813232422","0.5883464813232422"
"412","0.5965039134025574","0.5965039134025574","0.5965039134025574","0.5904141068458557","0.5904141068458557","0.5904141068458557"
"413","0.596611499786377","0.596611499786377","0.596611499786377","0.5947394371032715","0.5947394371032715","0.5947394371032715"
"414","0.5960469245910645","0.5960469245910645","0.5960469245910645","0.6010477542877197","0.6010477542877197","0.6010477542877197"
"415","0.5972468852996826","0.5972468852996826","0.5972468852996826","0.5781657099723816","0.5781657099723816","0.5781657099723816"
"416","0.5942679047584534","0.5942679047584534","0.5942679047584534","0.5943281650543213","0.5943281650543213","0.5943281650543213"
"417","0.5962725877761841","0.5962725877761841","0.5962725877761841","0.5856397747993469","0.5856397747993469","0.5856397747993469"
"418","0.5944363474845886","0.5944363474845886","0.5944363474845886","0.602301836013794","0.602301836013794","0.602301836013794"
"419","0.5985186100006104","0.5985186100006104","0.5985186100006104","0.5804957747459412","0.5804957747459412","0.5804957747459412"
"420","0.6001332402229309","0.6001332402229309","0.6001332402229309","0.5775453448295593","0.5775453448295593","0.5775453448295593"
"421","0.5941087007522583","0.5941087007522583","0.5941087007522583","0.5829613208770752","0.5829613208770752","0.5829613208770752"
"422","0.5965656638145447","0.5965656638145447","0.5965656638145447","0.577827513217926","0.577827513217926","0.577827513217926"
"423","0.5947274565696716","0.5947274565696716","0.5947274565696716","0.5769604444503784","0.5769604444503784","0.5769604444503784"
"424","0.59316486120224","0.59316486120224","0.59316486120224","0.593517541885376","0.593517541885376","0.593517541885376"
"425","0.5975365042686462","0.5975365042686462","0.5975365042686462","0.5784125328063965","0.5784125328063965","0.5784125328063965"
"426","0.5927913784980774","0.5927913784980774","0.5927913784980774","0.5967000126838684","0.5967000126838684","0.5967000126838684"
"427","0.601130485534668","0.601130485534668","0.601130485534668","0.5872437953948975","0.5872437953948975","0.5872437953948975"
"428","0.5975787043571472","0.5975787043571472","0.5975787043571472","0.5753749012947083","0.5753749012947083","0.5753749012947083"
"429","0.5975778698921204","0.5975778698921204","0.5975778698921204","0.5801668167114258","0.5801668167114258","0.5801668167114258"
"430","0.5985508561134338","0.5985508561134338","0.5985508561134338","0.5913574695587158","0.5913574695587158","0.5913574695587158"
"431","0.5995000004768372","0.5995000004768372","0.5995000004768372","0.5791177749633789","0.5791177749633789","0.5791177749633789"
"432","0.5944510102272034","0.5944510102272034","0.5944510102272034","0.5818554759025574","0.5818554759025574","0.5818554759025574"
"433","0.5947908163070679","0.5947908163070679","0.5947908163070679","0.5932517647743225","0.5932517647743225","0.5932517647743225"
"434","0.5950356721878052","0.5950356721878052","0.5950356721878052","0.6027950048446655","0.6027950048446655","0.6027950048446655"
"435","0.6009851694107056","0.6009851694107056","0.6009851694107056","0.5848413109779358","0.5848413109779358","0.5848413109779358"
"436","0.5990402698516846","0.5990402698516846","0.5990402698516846","0.5824782848358154","0.5824782848358154","0.5824782848358154"
"437","0.5980349183082581","0.5980349183082581","0.5980349183082581","0.6102420687675476","0.6102420687675476","0.6102420687675476"
"438","0.5942054390907288","0.5942054390907288","0.5942054390907288","0.5784370303153992","0.5784370303153992","0.5784370303153992"
"439","0.5961946249008179","0.5961946249008179","0.5961946249008179","0.5956023931503296","0.5956023931503296","0.5956023931503296"
"440","0.5959635972976685","0.5959635972976685","0.5959635972976685","0.586426317691803","0.586426317691803","0.586426317691803"
"441","0.599304735660553","0.599304735660553","0.599304735660553","0.5862774848937988","0.5862774848937988","0.5862774848937988"
"442","0.5989211201667786","0.5989211201667786","0.5989211201667786","0.6099250912666321","0.6099250912666321","0.6099250912666321"
"443","0.5998477339744568","0.5998477339744568","0.5998477339744568","0.5907400250434875","0.5907400250434875","0.5907400250434875"
"444","0.5990151762962341","0.5990151762962341","0.5990151762962341","0.5846580862998962","0.5846580862998962","0.5846580862998962"
"445","0.6003633737564087","0.6003633737564087","0.6003633737564087","0.5774747133255005","0.5774747133255005","0.5774747133255005"
"446","0.6012332439422607","0.6012332439422607","0.6012332439422607","0.5929431915283203","0.5929431915283203","0.5929431915283203"
"447","0.5971589088439941","0.5971589088439941","0.5971589088439941","0.5945852398872375","0.5945852398872375","0.5945852398872375"
"448","0.5966221690177917","0.5966221690177917","0.5966221690177917","0.5799960494041443","0.5799960494041443","0.5799960494041443"
"449","0.6036325097084045","0.6036325097084045","0.6036325097084045","0.5809458494186401","0.5809458494186401","0.5809458494186401"
"450","0.5991869568824768","0.5991869568824768","0.5991869568824768","0.584858775138855","0.584858775138855","0.584858775138855"
"451","0.5988479852676392","0.5988479852676392","0.5988479852676392","0.5893492698669434","0.5893492698669434","0.5893492698669434"
"452","0.5985795855522156","0.5985795855522156","0.5985795855522156","0.5924744009971619","0.5924744009971619","0.5924744009971619"
"453","0.5968229174613953","0.5968229174613953","0.5968229174613953","0.5798483490943909","0.5798483490943909","0.5798483490943909"
"454","0.597683310508728","0.597683310508728","0.597683310508728","0.5904170274734497","0.5904170274734497","0.5904170274734497"
"455","0.5988273024559021","0.5988273024559021","0.5988273024559021","0.5874384045600891","0.5874384045600891","0.5874384045600891"
"456","0.5958662629127502","0.5958662629127502","0.5958662629127502","0.5913254022598267","0.5913254022598267","0.5913254022598267"
"457","0.5983145236968994","0.5983145236968994","0.5983145236968994","0.577543318271637","0.577543318271637","0.577543318271637"
"458","0.5970520973205566","0.5970520973205566","0.5970520973205566","0.5868309736251831","0.5868309736251831","0.5868309736251831"
"459","0.5980490446090698","0.5980490446090698","0.5980490446090698","0.6039227247238159","0.6039227247238159","0.6039227247238159"
"460","0.5990909337997437","0.5990909337997437","0.5990909337997437","0.5770610570907593","0.5770610570907593","0.5770610570907593"
"461","0.6006591320037842","0.6006591320037842","0.6006591320037842","0.6057074666023254","0.6057074666023254","0.6057074666023254"
"462","0.5997178554534912","0.5997178554534912","0.5997178554534912","0.608543872833252","0.608543872833252","0.608543872833252"
"463","0.5984197854995728","0.5984197854995728","0.5984197854995728","0.5812853574752808","0.5812853574752808","0.5812853574752808"
"464","0.5975936651229858","0.5975936651229858","0.5975936651229858","0.5948629975318909","0.5948629975318909","0.5948629975318909"
"465","0.597977876663208","0.597977876663208","0.597977876663208","0.5981772541999817","0.5981772541999817","0.5981772541999817"
"466","0.5973745584487915","0.5973745584487915","0.5973745584487915","0.5917782783508301","0.5917782783508301","0.5917782783508301"
"467","0.5978056192398071","0.5978056192398071","0.5978056192398071","0.6025677919387817","0.6025677919387817","0.6025677919387817"
"468","0.595704972743988","0.595704972743988","0.595704972743988","0.591572642326355","0.591572642326355","0.591572642326355"
"469","0.599586009979248","0.599586009979248","0.599586009979248","0.5764715075492859","0.5764715075492859","0.5764715075492859"
"470","0.5999568104743958","0.5999568104743958","0.5999568104743958","0.6085291504859924","0.6085291504859924","0.6085291504859924"
"471","0.6013597249984741","0.6013597249984741","0.6013597249984741","0.5934798717498779","0.5934798717498779","0.5934798717498779"
"472","0.5977833271026611","0.5977833271026611","0.5977833271026611","0.5906403064727783","0.5906403064727783","0.5906403064727783"
"473","0.602608859539032","0.602608859539032","0.602608859539032","0.5961471796035767","0.5961471796035767","0.5961471796035767"
"474","0.5976356863975525","0.5976356863975525","0.5976356863975525","0.594149649143219","0.594149649143219","0.594149649143219"
"475","0.5991856455802917","0.5991856455802917","0.5991856455802917","0.5962040424346924","0.5962040424346924","0.5962040424346924"
"476","0.5979158878326416","0.5979158878326416","0.5979158878326416","0.6045860052108765","0.6045860052108765","0.6045860052108765"
"477","0.5969704389572144","0.5969704389572144","0.5969704389572144","0.5820809006690979","0.5820809006690979","0.5820809006690979"
"478","0.5977131724357605","0.5977131724357605","0.5977131724357605","0.608238160610199","0.608238160610199","0.608238160610199"
"479","0.5989173650741577","0.5989173650741577","0.5989173650741577","0.5801405310630798","0.5801405310630798","0.5801405310630798"
"480","0.5995723009109497","0.5995723009109497","0.5995723009109497","0.5793280005455017","0.5793280005455017","0.5793280005455017"
"481","0.597952127456665","0.597952127456665","0.597952127456665","0.6038550734519958","0.6038550734519958","0.6038550734519958"
"482","0.5984909534454346","0.5984909534454346","0.5984909534454346","0.6044862270355225","0.6044862270355225","0.6044862270355225"
"483","0.5996940732002258","0.5996940732002258","0.5996940732002258","0.5930963754653931","0.5930963754653931","0.5930963754653931"
"484","0.5954266786575317","0.5954266786575317","0.5954266786575317","0.5939836502075195","0.5939836502075195","0.5939836502075195"
"485","0.5992567539215088","0.5992567539215088","0.5992567539215088","0.5911527872085571","0.5911527872085571","0.5911527872085571"
"486","0.5992963314056396","0.5992963314056396","0.5992963314056396","0.5941888093948364","0.5941888093948364","0.5941888093948364"
"487","0.5989090204238892","0.5989090204238892","0.5989090204238892","0.6031405925750732","0.6031405925750732","0.6031405925750732"
"488","0.6013898849487305","0.6013898849487305","0.6013898849487305","0.5865481495857239","0.5865481495857239","0.5865481495857239"
"489","0.5972994565963745","0.5972994565963745","0.5972994565963745","0.5950916409492493","0.5950916409492493","0.5950916409492493"
"490","0.6002596616744995","0.6002596616744995","0.6002596616744995","0.5857002139091492","0.5857002139091492","0.5857002139091492"
"491","0.594720184803009","0.594720184803009","0.594720184803009","0.595356822013855","0.595356822013855","0.595356822013855"
"492","0.5982809066772461","0.5982809066772461","0.5982809066772461","0.5910163521766663","0.5910163521766663","0.5910163521766663"
"493","0.5971486568450928","0.5971486568450928","0.5971486568450928","0.5878079533576965","0.5878079533576965","0.5878079533576965"
"494","0.5954969525337219","0.5954969525337219","0.5954969525337219","0.6014332175254822","0.6014332175254822","0.6014332175254822"
"495","0.5962768793106079","0.5962768793106079","0.5962768793106079","0.6001255512237549","0.6001255512237549","0.6001255512237549"
"496","0.5981624722480774","0.5981624722480774","0.5981624722480774","0.6041616797447205","0.6041616797447205","0.6041616797447205"
"497","0.6011735796928406","0.6011735796928406","0.6011735796928406","0.5741265416145325","0.5741265416145325","0.5741265416145325"
"498","0.5973907709121704","0.5973907709121704","0.5973907709121704","0.5874171853065491","0.5874171853065491","0.5874171853065491"
"499","0.5999091863632202","0.5999091863632202","0.5999091863632202","0.6024821400642395","0.6024821400642395","0.6024821400642395"
"500","0.5982357859611511","0.5982357859611511","0.5982357859611511","0.5851583480834961","0.5851583480834961","0.5851583480834961"
"501","0.6019760966300964","0.6019760966300964","0.6019760966300964","0.6041039824485779","0.6041039824485779","0.6041039824485779"
"502","0.5979083776473999","0.5979083776473999","0.5979083776473999","0.60247403383255","0.60247403383255","0.60247403383255"
"503","0.5959532856941223","0.5959532856941223","0.5959532856941223","0.5873342752456665","0.5873342752456665","0.5873342752456665"
"504","0.5990695953369141","0.5990695953369141","0.5990695953369141","0.6055763959884644","0.6055763959884644","0.6055763959884644"
"505","0.5965195298194885","0.5965195298194885","0.5965195298194885","0.5768111944198608","0.5768111944198608","0.5768111944198608"
"506","0.5998384952545166","0.5998384952545166","0.5998384952545166","0.6013912558555603","0.6013912558555603","0.6013912558555603"
"507","0.5975430011749268","0.5975430011749268","0.5975430011749268","0.6023471355438232","0.6023471355438232","0.6023471355438232"
"508","0.5999339818954468","0.5999339818954468","0.5999339818954468","0.5829967260360718","0.5829967260360718","0.5829967260360718"
"509","0.5962845087051392","0.5962845087051392","0.5962845087051392","0.6077874898910522","0.6077874898910522","0.6077874898910522"
"510","0.5987722873687744","0.5987722873687744","0.5987722873687744","0.5890312790870667","0.5890312790870667","0.5890312790870667"
"511","0.5987982749938965","0.5987982749938965","0.5987982749938965","0.6037073731422424","0.6037073731422424","0.6037073731422424"
"512","0.5990235209465027","0.5990235209465027","0.5990235209465027","0.5765028595924377","0.5765028595924377","0.5765028595924377"
"513","0.598876416683197","0.598876416683197","0.598876416683197","0.5884203314781189","0.5884203314781189","0.5884203314781189"
"514","0.5993191599845886","0.5993191599845886","0.5993191599845886","0.5869799256324768","0.5869799256324768","0.5869799256324768"
"515","0.5993307828903198","0.5993307828903198","0.5993307828903198","0.5853217244148254","0.5853217244148254","0.5853217244148254"
"516","0.5983962416648865","0.5983962416648865","0.5983962416648865","0.5917007923126221","0.5917007923126221","0.5917007923126221"
"517","0.5960828065872192","0.5960828065872192","0.5960828065872192","0.6043025851249695","0.6043025851249695","0.6043025851249695"
"518","0.5972687602043152","0.5972687602043152","0.5972687602043152","0.6014353036880493","0.6014353036880493","0.6014353036880493"
"519","0.595156192779541","0.595156192779541","0.595156192779541","0.5907433032989502","0.5907433032989502","0.5907433032989502"
"520","0.5996169447898865","0.5996169447898865","0.5996169447898865","0.6054238677024841","0.6054238677024841","0.6054238677024841"
"521","0.5959556102752686","0.5959556102752686","0.5959556102752686","0.5821627974510193","0.5821627974510193","0.5821627974510193"
"522","0.6022922992706299","0.6022922992706299","0.6022922992706299","0.5811285972595215","0.5811285972595215","0.5811285972595215"
"523","0.6008386611938477","0.6008386611938477","0.6008386611938477","0.6108053922653198","0.6108053922653198","0.6108053922653198"
"524","0.6019537448883057","0.6019537448883057","0.6019537448883057","0.5979946851730347","0.5979946851730347","0.5979946851730347"
"525","0.5996443033218384","0.5996443033218384","0.5996443033218384","0.6112209558486938","0.6112209558486938","0.6112209558486938"
"526","0.5965166687965393","0.5965166687965393","0.5965166687965393","0.5923241972923279","0.5923241972923279","0.5923241972923279"
"527","0.5959913730621338","0.5959913730621338","0.5959913730621338","0.5906959176063538","0.5906959176063538","0.5906959176063538"
"528","0.6008775234222412","0.6008775234222412","0.6008775234222412","0.6096150875091553","0.6096150875091553","0.6096150875091553"
"529","0.5956384539604187","0.5956384539604187","0.5956384539604187","0.5745619535446167","0.5745619535446167","0.5745619535446167"
"530","0.600186824798584","0.600186824798584","0.600186824798584","0.5971078872680664","0.5971078872680664","0.5971078872680664"
"531","0.5998435616493225","0.5998435616493225","0.5998435616493225","0.5906399488449097","0.5906399488449097","0.5906399488449097"
"532","0.596462070941925","0.596462070941925","0.596462070941925","0.6070269346237183","0.6070269346237183","0.6070269346237183"
"533","0.5936242938041687","0.5936242938041687","0.5936242938041687","0.6041615605354309","0.6041615605354309","0.6041615605354309"
"534","0.5962710976600647","0.5962710976600647","0.5962710976600647","0.60016930103302","0.60016930103302","0.60016930103302"
"535","0.5904485583305359","0.5904485583305359","0.5904485583305359","0.5946499109268188","0.5946499109268188","0.5946499109268188"
"536","0.5921443700790405","0.5921443700790405","0.5921443700790405","0.5900951623916626","0.5900951623916626","0.5900951623916626"
"537","0.5960261821746826","0.5960261821746826","0.5960261821746826","0.5944293737411499","0.5944293737411499","0.5944293737411499"
"538","0.5890305638313293","0.5890305638313293","0.5890305638313293","0.5822314620018005","0.5822314620018005","0.5822314620018005"
"539","0.5974693298339844","0.5974693298339844","0.5974693298339844","0.5980321764945984","0.5980321764945984","0.5980321764945984"
"540","0.5966570973396301","0.5966570973396301","0.5966570973396301","0.6036401987075806","0.6036401987075806","0.6036401987075806"
"541","0.5951995849609375","0.5951995849609375","0.5951995849609375","0.5975392460823059","0.5975392460823059","0.5975392460823059"
"542","0.5925127267837524","0.5925127267837524","0.5925127267837524","0.6059903502464294","0.6059903502464294","0.6059903502464294"
"543","0.5978720188140869","0.5978720188140869","0.5978720188140869","0.5825381875038147","0.5825381875038147","0.5825381875038147"
"544","0.5961450338363647","0.5961450338363647","0.5961450338363647","0.5989466905593872","0.5989466905593872","0.5989466905593872"
"545","0.5942315459251404","0.5942315459251404","0.5942315459251404","0.5657411813735962","0.5657411813735962","0.5657411813735962"
"546","0.5960317850112915","0.5960317850112915","0.5960317850112915","0.6039825677871704","0.6039825677871704","0.6039825677871704"
"547","0.5934843420982361","0.5934843420982361","0.5934843420982361","0.6024123430252075","0.6024123430252075","0.6024123430252075"
"548","0.6019715070724487","0.6019715070724487","0.6019715070724487","0.5986087918281555","0.5986087918281555","0.5986087918281555"
"549","0.5950733423233032","0.5950733423233032","0.5950733423233032","0.603049099445343","0.603049099445343","0.603049099445343"
"550","0.5970626473426819","0.5970626473426819","0.5970626473426819","0.5941957831382751","0.5941957831382751","0.5941957831382751"
"551","0.598314642906189","0.598314642906189","0.598314642906189","0.5978385806083679","0.5978385806083679","0.5978385806083679"
"552","0.595595121383667","0.595595121383667","0.595595121383667","0.5950331091880798","0.5950331091880798","0.5950331091880798"
"553","0.594545304775238","0.594545304775238","0.594545304775238","0.5949782133102417","0.5949782133102417","0.5949782133102417"
"554","0.5934958457946777","0.5934958457946777","0.5934958457946777","0.5836355686187744","0.5836355686187744","0.5836355686187744"
"555","0.5968752503395081","0.5968752503395081","0.5968752503395081","0.5875467658042908","0.5875467658042908","0.5875467658042908"
"556","0.595768928527832","0.595768928527832","0.595768928527832","0.6016461849212646","0.6016461849212646","0.6016461849212646"
"557","0.5969713926315308","0.5969713926315308","0.5969713926315308","0.5892282724380493","0.5892282724380493","0.5892282724380493"
"558","0.5985384583473206","0.5985384583473206","0.5985384583473206","0.5944502353668213","0.5944502353668213","0.5944502353668213"
"559","0.5932746529579163","0.5932746529579163","0.5932746529579163","0.591772735118866","0.591772735118866","0.591772735118866"
"560","0.595279335975647","0.595279335975647","0.595279335975647","0.5873458385467529","0.5873458385467529","0.5873458385467529"
"561","0.5971476435661316","0.5971476435661316","0.5971476435661316","0.6017940044403076","0.6017940044403076","0.6017940044403076"
"562","0.5960009098052979","0.5960009098052979","0.5960009098052979","0.5823932886123657","0.5823932886123657","0.5823932886123657"
"563","0.5975214242935181","0.5975214242935181","0.5975214242935181","0.5912575721740723","0.5912575721740723","0.5912575721740723"
"564","0.5961236357688904","0.5961236357688904","0.5961236357688904","0.5910879373550415","0.5910879373550415","0.5910879373550415"
"565","0.5949503779411316","0.5949503779411316","0.5949503779411316","0.5968934297561646","0.5968934297561646","0.5968934297561646"
"566","0.5938112139701843","0.5938112139701843","0.5938112139701843","0.6022661328315735","0.6022661328315735","0.6022661328315735"
"567","0.5908302664756775","0.5908302664756775","0.5908302664756775","0.5825047492980957","0.5825047492980957","0.5825047492980957"
"568","0.5928471088409424","0.5928471088409424","0.5928471088409424","0.6015515327453613","0.6015515327453613","0.6015515327453613"
"569","0.5931848287582397","0.5931848287582397","0.5931848287582397","0.5938183665275574","0.5938183665275574","0.5938183665275574"
"570","0.595490038394928","0.595490038394928","0.595490038394928","0.6043016314506531","0.6043016314506531","0.6043016314506531"
"571","0.5940921306610107","0.5940921306610107","0.5940921306610107","0.5818739533424377","0.5818739533424377","0.5818739533424377"
"572","0.5961613059043884","0.5961613059043884","0.5961613059043884","0.5953594446182251","0.5953594446182251","0.5953594446182251"
"573","0.5973219275474548","0.5973219275474548","0.5973219275474548","0.5909377336502075","0.5909377336502075","0.5909377336502075"
"574","0.596919596195221","0.596919596195221","0.596919596195221","0.5839506387710571","0.5839506387710571","0.5839506387710571"
"575","0.5950409770011902","0.5950409770011902","0.5950409770011902","0.5843365788459778","0.5843365788459778","0.5843365788459778"
"576","0.5960971117019653","0.5960971117019653","0.5960971117019653","0.5879989862442017","0.5879989862442017","0.5879989862442017"
"577","0.5954267978668213","0.5954267978668213","0.5954267978668213","0.5954354405403137","0.5954354405403137","0.5954354405403137"
"578","0.5926278829574585","0.5926278829574585","0.5926278829574585","0.6048909425735474","0.6048909425735474","0.6048909425735474"
"579","0.590970516204834","0.590970516204834","0.590970516204834","0.5909687280654907","0.5909687280654907","0.5909687280654907"
"580","0.5950432419776917","0.5950432419776917","0.5950432419776917","0.5898374915122986","0.5898374915122986","0.5898374915122986"
"581","0.5938071608543396","0.5938071608543396","0.5938071608543396","0.6024394631385803","0.6024394631385803","0.6024394631385803"
"582","0.5963936448097229","0.5963936448097229","0.5963936448097229","0.5844953656196594","0.5844953656196594","0.5844953656196594"
"583","0.5941727161407471","0.5941727161407471","0.5941727161407471","0.5975655317306519","0.5975655317306519","0.5975655317306519"
"584","0.5915361046791077","0.5915361046791077","0.5915361046791077","0.5862369537353516","0.5862369537353516","0.5862369537353516"
"585","0.5942525267601013","0.5942525267601013","0.5942525267601013","0.6047523021697998","0.6047523021697998","0.6047523021697998"
"586","0.5922204852104187","0.5922204852104187","0.5922204852104187","0.598942756652832","0.598942756652832","0.598942756652832"
"587","0.5939098596572876","0.5939098596572876","0.5939098596572876","0.6030372381210327","0.6030372381210327","0.6030372381210327"
"588","0.5952961444854736","0.5952961444854736","0.5952961444854736","0.5972573161125183","0.5972573161125183","0.5972573161125183"
"589","0.5923669338226318","0.5923669338226318","0.5923669338226318","0.5832462906837463","0.5832462906837463","0.5832462906837463"
"590","0.5922075510025024","0.5922075510025024","0.5922075510025024","0.6037197113037109","0.6037197113037109","0.6037197113037109"
"591","0.59038907289505","0.59038907289505","0.59038907289505","0.5904395580291748","0.5904395580291748","0.5904395580291748"
"592","0.5954902768135071","0.5954902768135071","0.5954902768135071","0.596887469291687","0.596887469291687","0.596887469291687"
"593","0.5892962217330933","0.5892962217330933","0.5892962217330933","0.603710412979126","0.603710412979126","0.603710412979126"
"594","0.5952757596969604","0.5952757596969604","0.5952757596969604","0.5970543622970581","0.5970543622970581","0.5970543622970581"
"595","0.5943209528923035","0.5943209528923035","0.5943209528923035","0.5866926312446594","0.5866926312446594","0.5866926312446594"
"596","0.5959581732749939","0.5959581732749939","0.5959581732749939","0.5826581120491028","0.5826581120491028","0.5826581120491028"
"597","0.5933302044868469","0.5933302044868469","0.5933302044868469","0.5811155438423157","0.5811155438423157","0.5811155438423157"
"598","0.5930826663970947","0.5930826663970947","0.5930826663970947","0.5906816720962524","0.5906816720962524","0.5906816720962524"
"599","0.593491792678833","0.593491792678833","0.593491792678833","0.591553807258606","0.591553807258606","0.591553807258606"
"600","0.5923020839691162","0.5923020839691162","0.5923020839691162","0.5867857933044434","0.5867857933044434","0.5867857933044434"
"601","0.5936882495880127","0.5936882495880127","0.5936882495880127","0.5701087117195129","0.5701087117195129","0.5701087117195129"
"602","0.5907695293426514","0.5907695293426514","0.5907695293426514","0.6001412272453308","0.6001412272453308","0.6001412272453308"
"603","0.5910564064979553","0.5910564064979553","0.5910564064979553","0.5961374044418335","0.5961374044418335","0.5961374044418335"
"604","0.5945445895195007","0.5945445895195007","0.5945445895195007","0.5904746651649475","0.5904746651649475","0.5904746651649475"
"605","0.5894087553024292","0.5894087553024292","0.5894087553024292","0.5890239477157593","0.5890239477157593","0.5890239477157593"
"606","0.591679036617279","0.591679036617279","0.591679036617279","0.5931133031845093","0.5931133031845093","0.5931133031845093"
"607","0.5932222008705139","0.5932222008705139","0.5932222008705139","0.5916738510131836","0.5916738510131836","0.5916738510131836"
"608","0.5953600406646729","0.5953600406646729","0.5953600406646729","0.5918530225753784","0.5918530225753784","0.5918530225753784"
"609","0.5927163362503052","0.5927163362503052","0.5927163362503052","0.5843245387077332","0.5843245387077332","0.5843245387077332"
"610","0.5924561619758606","0.5924561619758606","0.5924561619758606","0.5831694602966309","0.5831694602966309","0.5831694602966309"
"611","0.5900778770446777","0.5900778770446777","0.5900778770446777","0.5987399816513062","0.5987399816513062","0.5987399816513062"
"612","0.5955153107643127","0.5955153107643127","0.5955153107643127","0.5914298892021179","0.5914298892021179","0.5914298892021179"
"613","0.5914163589477539","0.5914163589477539","0.5914163589477539","0.5848378539085388","0.5848378539085388","0.5848378539085388"
"614","0.5894292593002319","0.5894292593002319","0.5894292593002319","0.571538507938385","0.571538507938385","0.571538507938385"
"615","0.5902889370918274","0.5902889370918274","0.5902889370918274","0.597125232219696","0.597125232219696","0.597125232219696"
"616","0.590783953666687","0.590783953666687","0.590783953666687","0.5941093564033508","0.5941093564033508","0.5941093564033508"
"617","0.5901161432266235","0.5901161432266235","0.5901161432266235","0.6036398410797119","0.6036398410797119","0.6036398410797119"
"618","0.5926697254180908","0.5926697254180908","0.5926697254180908","0.5894804000854492","0.5894804000854492","0.5894804000854492"
"619","0.5926939249038696","0.5926939249038696","0.5926939249038696","0.6064984798431396","0.6064984798431396","0.6064984798431396"
"620","0.5945942997932434","0.5945942997932434","0.5945942997932434","0.5930587649345398","0.5930587649345398","0.5930587649345398"
"621","0.590216875076294","0.590216875076294","0.590216875076294","0.5989845395088196","0.5989845395088196","0.5989845395088196"
"622","0.5916986465454102","0.5916986465454102","0.5916986465454102","","",""
"623","0.5935184955596924","0.5935184955596924","0.5935184955596924","","",""
"624","0.588554322719574","0.588554322719574","0.588554322719574","","",""
"625","0.5940741896629333","0.5940741896629333","0.5940741896629333","","",""
"626","0.5896892547607422","0.5896892547607422","0.5896892547607422","","",""
"627","0.5940985679626465","0.5940985679626465","0.5940985679626465","","",""
"628","0.5884555578231812","0.5884555578231812","0.5884555578231812","","",""
"629","0.5955088138580322","0.5955088138580322","0.5955088138580322","","",""
"630","0.5912567377090454","0.5912567377090454","0.5912567377090454","","",""
"631","0.5908762812614441","0.5908762812614441","0.5908762812614441","","",""
"632","0.593723714351654","0.593723714351654","0.593723714351654","","",""
"633","0.586631178855896","0.586631178855896","0.586631178855896","","",""
"634","0.5957555174827576","0.5957555174827576","0.5957555174827576","","",""
"635","0.5903952121734619","0.5903952121734619","0.5903952121734619","","",""
"636","0.5886337757110596","0.5886337757110596","0.5886337757110596","","",""
"637","0.5959407091140747","0.5959407091140747","0.5959407091140747","","",""
"638","0.5900284647941589","0.5900284647941589","0.5900284647941589","","",""
"639","0.5901401042938232","0.5901401042938232","0.5901401042938232","","",""
"640","0.5907076001167297","0.5907076001167297","0.5907076001167297","","",""
"641","0.5920777320861816","0.5920777320861816","0.5920777320861816","","",""
"642","0.5911269783973694","0.5911269783973694","0.5911269783973694","","",""
"643","0.5925710797309875","0.5925710797309875","0.5925710797309875","","",""
"644","0.5911023020744324","0.5911023020744324","0.5911023020744324","","",""
"645","0.5915688872337341","0.5915688872337341","0.5915688872337341","","",""
"646","0.5900065302848816","0.5900065302848816","0.5900065302848816","","",""
"647","0.5888739824295044","0.5888739824295044","0.5888739824295044","","",""
"648","0.5920877456665039","0.5920877456665039","0.5920877456665039","","",""
"649","0.5908872485160828","0.5908872485160828","0.5908872485160828","","",""
"650","0.5922596454620361","0.5922596454620361","0.5922596454620361","","",""
"651","0.5902677774429321","0.5902677774429321","0.5902677774429321","","",""
"652","0.5909004807472229","0.5909004807472229","0.5909004807472229","","",""
"653","0.5947889685630798","0.5947889685630798","0.5947889685630798","","",""
"654","0.5886092782020569","0.5886092782020569","0.5886092782020569","","",""
"655","0.5910934805870056","0.5910934805870056","0.5910934805870056","","",""
"656","0.5871488451957703","0.5871488451957703","0.5871488451957703","","",""
"657","0.5951172709465027","0.5951172709465027","0.5951172709465027","","",""
"658","0.5885564088821411","0.5885564088821411","0.5885564088821411","","",""
"659","0.5965610146522522","0.5965610146522522","0.5965610146522522","","",""
"660","0.591127336025238","0.591127336025238","0.591127336025238","","",""
"661","0.5899049043655396","0.5899049043655396","0.5899049043655396","","",""
"662","0.5893193483352661","0.5893193483352661","0.5893193483352661","","",""
"663","0.5896037220954895","0.5896037220954895","0.5896037220954895","","",""
"664","0.5904833674430847","0.5904833674430847","0.5904833674430847","","",""
"665","0.5873426795005798","0.5873426795005798","0.5873426795005798","","",""
"666","0.5888646245002747","0.5888646245002747","0.5888646245002747","","",""
"667","0.5910343527793884","0.5910343527793884","0.5910343527793884","","",""
"668","0.5921562910079956","0.5921562910079956","0.5921562910079956","","",""
"669","0.591555118560791","0.591555118560791","0.591555118560791","","",""
"670","0.5879287123680115","0.5879287123680115","0.5879287123680115","","",""
"671","0.5986323356628418","0.5986323356628418","0.5986323356628418","","",""
"672","0.5906202793121338","0.5906202793121338","0.5906202793121338","","",""
"673","0.5904715061187744","0.5904715061187744","0.5904715061187744","","",""
"674","0.5940328240394592","0.5940328240394592","0.5940328240394592","","",""
"675","0.590927243232727","0.590927243232727","0.590927243232727","","",""
"676","0.5891944766044617","0.5891944766044617","0.5891944766044617","","",""
"677","0.5897033214569092","0.5897033214569092","0.5897033214569092","","",""
"678","0.5934360027313232","0.5934360027313232","0.5934360027313232","","",""
"679","0.5894964933395386","0.5894964933395386","0.5894964933395386","","",""
"680","0.5917809009552002","0.5917809009552002","0.5917809009552002","","",""
"681","0.5922210812568665","0.5922210812568665","0.5922210812568665","","",""
"682","0.5904152989387512","0.5904152989387512","0.5904152989387512","","",""
"683","0.5891344547271729","0.5891344547271729","0.5891344547271729","","",""
"684","0.5875480771064758","0.5875480771064758","0.5875480771064758","","",""
"685","0.5885061025619507","0.5885061025619507","0.5885061025619507","","",""
"686","0.5883422493934631","0.5883422493934631","0.5883422493934631","","",""
"687","0.5882346630096436","0.5882346630096436","0.5882346630096436","","",""
"688","0.5982779860496521","0.5982779860496521","0.5982779860496521","","",""
"689","0.5908021926879883","0.5908021926879883","0.5908021926879883","","",""
"690","0.5939777493476868","0.5939777493476868","0.5939777493476868","","",""
"691","0.5896198749542236","0.5896198749542236","0.5896198749542236","","",""
"692","0.5868331789970398","0.5868331789970398","0.5868331789970398","","",""
"693","0.5875742435455322","0.5875742435455322","0.5875742435455322","","",""
"694","0.585742175579071","0.585742175579071","0.585742175579071","","",""
"695","0.5883278250694275","0.5883278250694275","0.5883278250694275","","",""
"696","0.5894458889961243","0.5894458889961243","0.5894458889961243","","",""
"697","0.588450014591217","0.588450014591217","0.588450014591217","","",""
"698","0.5916247963905334","0.5916247963905334","0.5916247963905334","","",""
"699","0.5906095504760742","0.5906095504760742","0.5906095504760742","","",""
"700","0.5874857306480408","0.5874857306480408","0.5874857306480408","","",""
"701","0.5867015719413757","0.5867015719413757","0.5867015719413757","","",""
"702","0.5881626009941101","0.5881626009941101","0.5881626009941101","","",""
"703","0.5885477066040039","0.5885477066040039","0.5885477066040039","","",""
"704","0.5883907675743103","0.5883907675743103","0.5883907675743103","","",""
"705","0.5873905420303345","0.5873905420303345","0.5873905420303345","","",""
"706","0.5877054929733276","0.5877054929733276","0.5877054929733276","","",""
"707","0.5912443399429321","0.5912443399429321","0.5912443399429321","","",""
"708","0.5887064933776855","0.5887064933776855","0.5887064933776855","","",""
"709","0.5901005268096924","0.5901005268096924","0.5901005268096924","","",""
"710","0.5959349274635315","0.5959349274635315","0.5959349274635315","","",""
"711","0.5904179215431213","0.5904179215431213","0.5904179215431213","","",""
"712","0.5873574614524841","0.5873574614524841","0.5873574614524841","","",""
"713","0.5885061621665955","0.5885061621665955","0.5885061621665955","","",""