"Step","transformer-2-(bin) - sig/significance","transformer-2-(bin) - sig/significance__MIN","transformer-2-(bin) - sig/significance__MAX","transformer-2 - sig/significance","transformer-2 - sig/significance__MIN","transformer-2 - sig/significance__MAX"
"1","1.7578967809677124","1.7578967809677124","1.7578967809677124","1.760721206665039","1.760721206665039","1.760721206665039"
"2","1.7586236000061035","1.7586236000061035","1.7586236000061035","1.771610975265503","1.771610975265503","1.771610975265503"
"3","1.7613011598587036","1.7613011598587036","1.7613011598587036","1.7844375371932983","1.7844375371932983","1.7844375371932983"
"4","1.763674020767212","1.763674020767212","1.763674020767212","1.794148325920105","1.794148325920105","1.794148325920105"
"5","1.771006464958191","1.771006464958191","1.771006464958191","1.797223448753357","1.797223448753357","1.797223448753357"
"6","1.7784323692321777","1.7784323692321777","1.7784323692321777","1.806577444076538","1.806577444076538","1.806577444076538"
"7","1.7856450080871582","1.7856450080871582","1.7856450080871582","1.8144314289093018","1.8144314289093018","1.8144314289093018"
"8","1.7979099750518799","1.7979099750518799","1.7979099750518799","1.8188704252243042","1.8188704252243042","1.8188704252243042"
"9","1.8198695182800293","1.8198695182800293","1.8198695182800293","1.8301180601119995","1.8301180601119995","1.8301180601119995"
"10","1.8230232000350952","1.8230232000350952","1.8230232000350952","1.8356130123138428","1.8356130123138428","1.8356130123138428"
"11","1.8330661058425903","1.8330661058425903","1.8330661058425903","1.8390963077545166","1.8390963077545166","1.8390963077545166"
"12","1.8337322473526","1.8337322473526","1.8337322473526","1.848422884941101","1.848422884941101","1.848422884941101"
"13","1.835319995880127","1.835319995880127","1.835319995880127","1.851322054862976","1.851322054862976","1.851322054862976"
"14","1.838381290435791","1.838381290435791","1.838381290435791","1.8592383861541748","1.8592383861541748","1.8592383861541748"
"15","1.8412312269210815","1.8412312269210815","1.8412312269210815","1.8625493049621582","1.8625493049621582","1.8625493049621582"
"16","1.8424166440963745","1.8424166440963745","1.8424166440963745","1.8691211938858032","1.8691211938858032","1.8691211938858032"
"17","1.8444231748580933","1.8444231748580933","1.8444231748580933","1.8746384382247925","1.8746384382247925","1.8746384382247925"
"18","1.8478201627731323","1.8478201627731323","1.8478201627731323","1.8842589855194092","1.8842589855194092","1.8842589855194092"
"19","1.8513120412826538","1.8513120412826538","1.8513120412826538","1.8861515522003174","1.8861515522003174","1.8861515522003174"
"20","1.855125069618225","1.855125069618225","1.855125069618225","1.8912980556488037","1.8912980556488037","1.8912980556488037"
"21","1.8564711809158325","1.8564711809158325","1.8564711809158325","1.9020713567733765","1.9020713567733765","1.9020713567733765"
"22","1.8618437051773071","1.8618437051773071","1.8618437051773071","1.903064489364624","1.903064489364624","1.903064489364624"
"23","1.8608777523040771","1.8608777523040771","1.8608777523040771","1.9101896286010742","1.9101896286010742","1.9101896286010742"
"24","1.8664354085922241","1.8664354085922241","1.8664354085922241","1.9417811632156372","1.9417811632156372","1.9417811632156372"
"25","1.8667610883712769","1.8667610883712769","1.8667610883712769","1.9526708126068115","1.9526708126068115","1.9526708126068115"
"26","1.8665006160736084","1.8665006160736084","1.8665006160736084","1.9718077182769775","1.9718077182769775","1.9718077182769775"
"27","1.8723995685577393","1.8723995685577393","1.8723995685577393","1.9960389137268066","1.9960389137268066","1.9960389137268066"
"28","1.8724364042282104","1.8724364042282104","1.8724364042282104","2.029550552368164","2.029550552368164","2.029550552368164"
"29","1.8778265714645386","1.8778265714645386","1.8778265714645386","2.041729688644409","2.041729688644409","2.041729688644409"
"30","1.8805453777313232","1.8805453777313232","1.8805453777313232","2.042464256286621","2.042464256286621","2.042464256286621"
"31","1.8840364217758179","1.8840364217758179","1.8840364217758179","2.0495662689208984","2.0495662689208984","2.0495662689208984"
"32","1.887061357498169","1.887061357498169","1.887061357498169","2.053262948989868","2.053262948989868","2.053262948989868"
"33","1.8871482610702515","1.8871482610702515","1.8871482610702515","2.0590102672576904","2.0590102672576904","2.0590102672576904"
"34","1.8901854753494263","1.8901854753494263","1.8901854753494263","2.0670759677886963","2.0670759677886963","2.0670759677886963"
"35","1.8933035135269165","1.8933035135269165","1.8933035135269165","2.060850143432617","2.060850143432617","2.060850143432617"
"36","1.8948360681533813","1.8948360681533813","1.8948360681533813","2.062591552734375","2.062591552734375","2.062591552734375"
"37","1.8999236822128296","1.8999236822128296","1.8999236822128296","2.0678834915161133","2.0678834915161133","2.0678834915161133"
"38","1.903394341468811","1.903394341468811","1.903394341468811","2.0707719326019287","2.0707719326019287","2.0707719326019287"
"39","1.9019203186035156","1.9019203186035156","1.9019203186035156","2.0603814125061035","2.0603814125061035","2.0603814125061035"
"40","1.90508234500885","1.90508234500885","1.90508234500885","2.0612127780914307","2.0612127780914307","2.0612127780914307"
"41","1.9076474905014038","1.9076474905014038","1.9076474905014038","2.082822561264038","2.082822561264038","2.082822561264038"
"42","1.9075976610183716","1.9075976610183716","1.9075976610183716","2.0938880443573","2.0938880443573","2.0938880443573"
"43","1.9109134674072266","1.9109134674072266","1.9109134674072266","2.1034913063049316","2.1034913063049316","2.1034913063049316"
"44","1.9123703241348267","1.9123703241348267","1.9123703241348267","2.1103763580322266","2.1103763580322266","2.1103763580322266"
"45","1.9165012836456299","1.9165012836456299","1.9165012836456299","2.106367349624634","2.106367349624634","2.106367349624634"
"46","1.9193103313446045","1.9193103313446045","1.9193103313446045","2.1240344047546387","2.1240344047546387","2.1240344047546387"
"47","1.9206331968307495","1.9206331968307495","1.9206331968307495","2.124455213546753","2.124455213546753","2.124455213546753"
"48","1.923469066619873","1.923469066619873","1.923469066619873","2.121626615524292","2.121626615524292","2.121626615524292"
"49","1.924146056175232","1.924146056175232","1.924146056175232","2.1278858184814453","2.1278858184814453","2.1278858184814453"
"50","1.927451252937317","1.927451252937317","1.927451252937317","2.1284470558166504","2.1284470558166504","2.1284470558166504"
"51","1.926446557044983","1.926446557044983","1.926446557044983","2.1295268535614014","2.1295268535614014","2.1295268535614014"
"52","1.931359887123108","1.931359887123108","1.931359887123108","2.1344425678253174","2.1344425678253174","2.1344425678253174"
"53","1.9313058853149414","1.9313058853149414","1.9313058853149414","2.1413447856903076","2.1413447856903076","2.1413447856903076"
"54","1.9446638822555542","1.9446638822555542","1.9446638822555542","2.14935302734375","2.14935302734375","2.14935302734375"
"55","1.9526807069778442","1.9526807069778442","1.9526807069778442","2.1463987827301025","2.1463987827301025","2.1463987827301025"
"56","1.9591257572174072","1.9591257572174072","1.9591257572174072","2.1416165828704834","2.1416165828704834","2.1416165828704834"
"57","1.9693365097045898","1.9693365097045898","1.9693365097045898","2.1513664722442627","2.1513664722442627","2.1513664722442627"
"58","1.9759291410446167","1.9759291410446167","1.9759291410446167","2.1385865211486816","2.1385865211486816","2.1385865211486816"
"59","1.9771013259887695","1.9771013259887695","1.9771013259887695","2.1523845195770264","2.1523845195770264","2.1523845195770264"
"60","1.9706536531448364","1.9706536531448364","1.9706536531448364","2.157697916030884","2.157697916030884","2.157697916030884"
"61","1.9712377786636353","1.9712377786636353","1.9712377786636353","2.149750232696533","2.149750232696533","2.149750232696533"
"62","1.9834765195846558","1.9834765195846558","1.9834765195846558","2.157470226287842","2.157470226287842","2.157470226287842"
"63","1.9820200204849243","1.9820200204849243","1.9820200204849243","2.1382482051849365","2.1382482051849365","2.1382482051849365"
"64","1.9836937189102173","1.9836937189102173","1.9836937189102173","2.1473441123962402","2.1473441123962402","2.1473441123962402"
"65","1.9859092235565186","1.9859092235565186","1.9859092235565186","2.135075569152832","2.135075569152832","2.135075569152832"
"66","1.9923464059829712","1.9923464059829712","1.9923464059829712","2.1403729915618896","2.1403729915618896","2.1403729915618896"
"67","1.9932937622070312","1.9932937622070312","1.9932937622070312","2.1372640132904053","2.1372640132904053","2.1372640132904053"
"68","1.9961336851119995","1.9961336851119995","1.9961336851119995","2.1433629989624023","2.1433629989624023","2.1433629989624023"
"69","1.9977809190750122","1.9977809190750122","1.9977809190750122","2.1427695751190186","2.1427695751190186","2.1427695751190186"
"70","2.004061698913574","2.004061698913574","2.004061698913574","2.1497459411621094","2.1497459411621094","2.1497459411621094"
"71","2.0089199542999268","2.0089199542999268","2.0089199542999268","2.1453585624694824","2.1453585624694824","2.1453585624694824"
"72","2.0129406452178955","2.0129406452178955","2.0129406452178955","2.14692759513855","2.14692759513855","2.14692759513855"
"73","2.0175347328186035","2.0175347328186035","2.0175347328186035","2.156383514404297","2.156383514404297","2.156383514404297"
"74","2.0247445106506348","2.0247445106506348","2.0247445106506348","2.157938003540039","2.157938003540039","2.157938003540039"
"75","2.0189380645751953","2.0189380645751953","2.0189380645751953","2.147306203842163","2.147306203842163","2.147306203842163"
"76","2.022387981414795","2.022387981414795","2.022387981414795","2.1664650440216064","2.1664650440216064","2.1664650440216064"
"77","2.0249853134155273","2.0249853134155273","2.0249853134155273","2.161135196685791","2.161135196685791","2.161135196685791"
"78","2.025566577911377","2.025566577911377","2.025566577911377","2.1578102111816406","2.1578102111816406","2.1578102111816406"
"79","2.0254318714141846","2.0254318714141846","2.0254318714141846","2.1707987785339355","2.1707987785339355","2.1707987785339355"
"80","2.0321879386901855","2.0321879386901855","2.0321879386901855","2.1618030071258545","2.1618030071258545","2.1618030071258545"
"81","2.0312747955322266","2.0312747955322266","2.0312747955322266","2.1557185649871826","2.1557185649871826","2.1557185649871826"
"82","2.030008554458618","2.030008554458618","2.030008554458618","2.172959566116333","2.172959566116333","2.172959566116333"
"83","2.0238873958587646","2.0238873958587646","2.0238873958587646","2.1604928970336914","2.1604928970336914","2.1604928970336914"
"84","2.029759168624878","2.029759168624878","2.029759168624878","2.160107135772705","2.160107135772705","2.160107135772705"
"85","2.024308443069458","2.024308443069458","2.024308443069458","2.1679399013519287","2.1679399013519287","2.1679399013519287"
"86","2.02433443069458","2.02433443069458","2.02433443069458","2.173387289047241","2.173387289047241","2.173387289047241"
"87","2.0264053344726562","2.0264053344726562","2.0264053344726562","2.1590771675109863","2.1590771675109863","2.1590771675109863"
"88","2.0275375843048096","2.0275375843048096","2.0275375843048096","2.166438341140747","2.166438341140747","2.166438341140747"
"89","2.0285677909851074","2.0285677909851074","2.0285677909851074","2.1680901050567627","2.1680901050567627","2.1680901050567627"
"90","2.0275766849517822","2.0275766849517822","2.0275766849517822","2.1646673679351807","2.1646673679351807","2.1646673679351807"
"91","2.02665376663208","2.02665376663208","2.02665376663208","2.1669270992279053","2.1669270992279053","2.1669270992279053"
"92","2.0243239402770996","2.0243239402770996","2.0243239402770996","2.167454481124878","2.167454481124878","2.167454481124878"
"93","2.0250933170318604","2.0250933170318604","2.0250933170318604","2.166837453842163","2.166837453842163","2.166837453842163"
"94","2.026453971862793","2.026453971862793","2.026453971862793","2.171633243560791","2.171633243560791","2.171633243560791"
"95","2.0249156951904297","2.0249156951904297","2.0249156951904297","2.172518491744995","2.172518491744995","2.172518491744995"
"96","2.0264804363250732","2.0264804363250732","2.0264804363250732","2.1706156730651855","2.1706156730651855","2.1706156730651855"
"97","2.029608726501465","2.029608726501465","2.029608726501465","2.17551326751709","2.17551326751709","2.17551326751709"
"98","2.031360387802124","2.031360387802124","2.031360387802124","2.177927255630493","2.177927255630493","2.177927255630493"
"99","2.029540538787842","2.029540538787842","2.029540538787842","2.1805520057678223","2.1805520057678223","2.1805520057678223"
"100","2.0281991958618164","2.0281991958618164","2.0281991958618164","2.185861825942993","2.185861825942993","2.185861825942993"
"101","2.030261516571045","2.030261516571045","2.030261516571045","2.183228015899658","2.183228015899658","2.183228015899658"
"102","2.031464099884033","2.031464099884033","2.031464099884033","2.1853883266448975","2.1853883266448975","2.1853883266448975"
"103","2.032843589782715","2.032843589782715","2.032843589782715","2.186284065246582","2.186284065246582","2.186284065246582"
"104","2.0347917079925537","2.0347917079925537","2.0347917079925537","2.1925160884857178","2.1925160884857178","2.1925160884857178"
"105","2.036118984222412","2.036118984222412","2.036118984222412","2.183321714401245","2.183321714401245","2.183321714401245"
"106","2.0383286476135254","2.0383286476135254","2.0383286476135254","2.193740129470825","2.193740129470825","2.193740129470825"
"107","2.0422184467315674","2.0422184467315674","2.0422184467315674","2.1914315223693848","2.1914315223693848","2.1914315223693848"
"108","2.0401453971862793","2.0401453971862793","2.0401453971862793","2.18355393409729","2.18355393409729","2.18355393409729"
"109","2.042762279510498","2.042762279510498","2.042762279510498","2.188905954360962","2.188905954360962","2.188905954360962"
"110","2.0417678356170654","2.0417678356170654","2.0417678356170654","2.185760259628296","2.185760259628296","2.185760259628296"
"111","2.0353691577911377","2.0353691577911377","2.0353691577911377","2.184391975402832","2.184391975402832","2.184391975402832"
"112","2.0322108268737793","2.0322108268737793","2.0322108268737793","2.1866109371185303","2.1866109371185303","2.1866109371185303"
"113","2.0322773456573486","2.0322773456573486","2.0322773456573486","2.1879799365997314","2.1879799365997314","2.1879799365997314"
"114","2.0382211208343506","2.0382211208343506","2.0382211208343506","2.1879613399505615","2.1879613399505615","2.1879613399505615"
"115","2.0403189659118652","2.0403189659118652","2.0403189659118652","2.1824758052825928","2.1824758052825928","2.1824758052825928"
"116","2.036501407623291","2.036501407623291","2.036501407623291","2.1893887519836426","2.1893887519836426","2.1893887519836426"
"117","2.039311647415161","2.039311647415161","2.039311647415161","2.188699722290039","2.188699722290039","2.188699722290039"
"118","2.0356554985046387","2.0356554985046387","2.0356554985046387","2.1856470108032227","2.1856470108032227","2.1856470108032227"
"119","2.0378522872924805","2.0378522872924805","2.0378522872924805","2.1820974349975586","2.1820974349975586","2.1820974349975586"
"120","2.0421347618103027","2.0421347618103027","2.0421347618103027","2.1890673637390137","2.1890673637390137","2.1890673637390137"
"121","2.0414185523986816","2.0414185523986816","2.0414185523986816","2.1894705295562744","2.1894705295562744","2.1894705295562744"
"122","2.0417516231536865","2.0417516231536865","2.0417516231536865","2.1821606159210205","2.1821606159210205","2.1821606159210205"
"123","2.040980815887451","2.040980815887451","2.040980815887451","2.1815121173858643","2.1815121173858643","2.1815121173858643"
"124","2.0431482791900635","2.0431482791900635","2.0431482791900635","2.1850037574768066","2.1850037574768066","2.1850037574768066"
"125","2.0456020832061768","2.0456020832061768","2.0456020832061768","2.193267583847046","2.193267583847046","2.193267583847046"
"126","2.0455379486083984","2.0455379486083984","2.0455379486083984","2.185405731201172","2.185405731201172","2.185405731201172"
"127","2.0497095584869385","2.0497095584869385","2.0497095584869385","2.1876790523529053","2.1876790523529053","2.1876790523529053"
"128","2.0505120754241943","2.0505120754241943","2.0505120754241943","2.1923747062683105","2.1923747062683105","2.1923747062683105"
"129","2.052671432495117","2.052671432495117","2.052671432495117","2.1832268238067627","2.1832268238067627","2.1832268238067627"
"130","2.054171562194824","2.054171562194824","2.054171562194824","2.1857190132141113","2.1857190132141113","2.1857190132141113"
"131","2.0533809661865234","2.0533809661865234","2.0533809661865234","2.1835031509399414","2.1835031509399414","2.1835031509399414"
"132","2.0604443550109863","2.0604443550109863","2.0604443550109863","2.18638277053833","2.18638277053833","2.18638277053833"
"133","2.055260181427002","2.055260181427002","2.055260181427002","2.1838865280151367","2.1838865280151367","2.1838865280151367"
"134","2.058321714401245","2.058321714401245","2.058321714401245","2.193713426589966","2.193713426589966","2.193713426589966"
"135","2.059124708175659","2.059124708175659","2.059124708175659","2.1877386569976807","2.1877386569976807","2.1877386569976807"
"136","2.0696842670440674","2.0696842670440674","2.0696842670440674","2.188816547393799","2.188816547393799","2.188816547393799"
"137","2.0724048614501953","2.0724048614501953","2.0724048614501953","2.1848068237304688","2.1848068237304688","2.1848068237304688"
"138","2.0779521465301514","2.0779521465301514","2.0779521465301514","2.199672222137451","2.199672222137451","2.199672222137451"
"139","2.0789387226104736","2.0789387226104736","2.0789387226104736","2.1966168880462646","2.1966168880462646","2.1966168880462646"
"140","2.0788047313690186","2.0788047313690186","2.0788047313690186","2.1922783851623535","2.1922783851623535","2.1922783851623535"
"141","2.082827091217041","2.082827091217041","2.082827091217041","2.198847532272339","2.198847532272339","2.198847532272339"
"142","2.0871224403381348","2.0871224403381348","2.0871224403381348","2.194668769836426","2.194668769836426","2.194668769836426"
"143","2.089495897293091","2.089495897293091","2.089495897293091","2.1965067386627197","2.1965067386627197","2.1965067386627197"
"144","2.090770721435547","2.090770721435547","2.090770721435547","2.2017953395843506","2.2017953395843506","2.2017953395843506"
"145","2.094132661819458","2.094132661819458","2.094132661819458","2.198723316192627","2.198723316192627","2.198723316192627"
"146","2.100749969482422","2.100749969482422","2.100749969482422","2.203137159347534","2.203137159347534","2.203137159347534"
"147","2.099000930786133","2.099000930786133","2.099000930786133","2.1921753883361816","2.1921753883361816","2.1921753883361816"
"148","2.102649688720703","2.102649688720703","2.102649688720703","2.2032663822174072","2.2032663822174072","2.2032663822174072"
"149","2.103126287460327","2.103126287460327","2.103126287460327","2.1909430027008057","2.1909430027008057","2.1909430027008057"
"150","2.106586456298828","2.106586456298828","2.106586456298828","2.203404188156128","2.203404188156128","2.203404188156128"
"151","2.1088902950286865","2.1088902950286865","2.1088902950286865","2.203712224960327","2.203712224960327","2.203712224960327"
"152","2.109562635421753","2.109562635421753","2.109562635421753","2.2027785778045654","2.2027785778045654","2.2027785778045654"
"153","2.117626190185547","2.117626190185547","2.117626190185547","2.197624683380127","2.197624683380127","2.197624683380127"
"154","2.119626760482788","2.119626760482788","2.119626760482788","2.2100648880004883","2.2100648880004883","2.2100648880004883"
"155","2.1233322620391846","2.1233322620391846","2.1233322620391846","2.205811023712158","2.205811023712158","2.205811023712158"
"156","2.1191511154174805","2.1191511154174805","2.1191511154174805","2.2038161754608154","2.2038161754608154","2.2038161754608154"
"157","2.1263582706451416","2.1263582706451416","2.1263582706451416","2.2063374519348145","2.2063374519348145","2.2063374519348145"
"158","2.1228933334350586","2.1228933334350586","2.1228933334350586","2.2046968936920166","2.2046968936920166","2.2046968936920166"
"159","2.1276373863220215","2.1276373863220215","2.1276373863220215","2.1985323429107666","2.1985323429107666","2.1985323429107666"
"160","2.123408555984497","2.123408555984497","2.123408555984497","2.206486225128174","2.206486225128174","2.206486225128174"
"161","2.1230781078338623","2.1230781078338623","2.1230781078338623","2.201258897781372","2.201258897781372","2.201258897781372"
"162","2.126980781555176","2.126980781555176","2.126980781555176","2.1925065517425537","2.1925065517425537","2.1925065517425537"
"163","2.1244595050811768","2.1244595050811768","2.1244595050811768","2.1973342895507812","2.1973342895507812","2.1973342895507812"
"164","2.1291005611419678","2.1291005611419678","2.1291005611419678","2.2030861377716064","2.2030861377716064","2.2030861377716064"
"165","2.1333608627319336","2.1333608627319336","2.1333608627319336","2.206237316131592","2.206237316131592","2.206237316131592"
"166","2.134706497192383","2.134706497192383","2.134706497192383","2.216560125350952","2.216560125350952","2.216560125350952"
"167","2.135416030883789","2.135416030883789","2.135416030883789","2.1976089477539062","2.1976089477539062","2.1976089477539062"
"168","2.1387252807617188","2.1387252807617188","2.1387252807617188","2.2072818279266357","2.2072818279266357","2.2072818279266357"
"169","2.137631893157959","2.137631893157959","2.137631893157959","2.2093756198883057","2.2093756198883057","2.2093756198883057"
"170","2.140923261642456","2.140923261642456","2.140923261642456","2.200486183166504","2.200486183166504","2.200486183166504"
"171","2.141116142272949","2.141116142272949","2.141116142272949","2.208392381668091","2.208392381668091","2.208392381668091"
"172","2.1444284915924072","2.1444284915924072","2.1444284915924072","2.2027649879455566","2.2027649879455566","2.2027649879455566"
"173","2.148909330368042","2.148909330368042","2.148909330368042","2.1912972927093506","2.1912972927093506","2.1912972927093506"
"174","2.1477415561676025","2.1477415561676025","2.1477415561676025","2.2046101093292236","2.2046101093292236","2.2046101093292236"
"175","2.1465864181518555","2.1465864181518555","2.1465864181518555","2.206007957458496","2.206007957458496","2.206007957458496"
"176","2.1501307487487793","2.1501307487487793","2.1501307487487793","2.203468084335327","2.203468084335327","2.203468084335327"
"177","2.153388738632202","2.153388738632202","2.153388738632202","2.2021148204803467","2.2021148204803467","2.2021148204803467"
"178","2.1586453914642334","2.1586453914642334","2.1586453914642334","2.223026990890503","2.223026990890503","2.223026990890503"
"179","2.156726837158203","2.156726837158203","2.156726837158203","2.2113940715789795","2.2113940715789795","2.2113940715789795"
"180","2.1539878845214844","2.1539878845214844","2.1539878845214844","2.2076523303985596","2.2076523303985596","2.2076523303985596"
"181","2.156731128692627","2.156731128692627","2.156731128692627","2.2028486728668213","2.2028486728668213","2.2028486728668213"
"182","2.1573476791381836","2.1573476791381836","2.1573476791381836","2.2132158279418945","2.2132158279418945","2.2132158279418945"
"183","2.162593126296997","2.162593126296997","2.162593126296997","2.2060928344726562","2.2060928344726562","2.2060928344726562"
"184","2.1609866619110107","2.1609866619110107","2.1609866619110107","2.213099241256714","2.213099241256714","2.213099241256714"
"185","2.162675142288208","2.162675142288208","2.162675142288208","2.20959210395813","2.20959210395813","2.20959210395813"
"186","2.1643643379211426","2.1643643379211426","2.1643643379211426","2.2050764560699463","2.2050764560699463","2.2050764560699463"
"187","2.165937900543213","2.165937900543213","2.165937900543213","2.20869517326355","2.20869517326355","2.20869517326355"
"188","2.161468744277954","2.161468744277954","2.161468744277954","2.214141607284546","2.214141607284546","2.214141607284546"
"189","2.164829969406128","2.164829969406128","2.164829969406128","2.216606616973877","2.216606616973877","2.216606616973877"
"190","2.169264078140259","2.169264078140259","2.169264078140259","2.211716651916504","2.211716651916504","2.211716651916504"
"191","2.169074296951294","2.169074296951294","2.169074296951294","2.2120542526245117","2.2120542526245117","2.2120542526245117"
"192","2.1622817516326904","2.1622817516326904","2.1622817516326904","2.21287202835083","2.21287202835083","2.21287202835083"
"193","2.1691741943359375","2.1691741943359375","2.1691741943359375","2.2097325325012207","2.2097325325012207","2.2097325325012207"
"194","2.1695055961608887","2.1695055961608887","2.1695055961608887","2.2181520462036133","2.2181520462036133","2.2181520462036133"
"195","2.17484188079834","2.17484188079834","2.17484188079834","2.217424154281616","2.217424154281616","2.217424154281616"
"196","2.1705973148345947","2.1705973148345947","2.1705973148345947","2.2138187885284424","2.2138187885284424","2.2138187885284424"
"197","2.1672744750976562","2.1672744750976562","2.1672744750976562","2.209728717803955","2.209728717803955","2.209728717803955"
"198","2.168283700942993","2.168283700942993","2.168283700942993","2.2194390296936035","2.2194390296936035","2.2194390296936035"
"199","2.1655004024505615","2.1655004024505615","2.1655004024505615","2.2207038402557373","2.2207038402557373","2.2207038402557373"
"200","2.1652424335479736","2.1652424335479736","2.1652424335479736","2.2157974243164062","2.2157974243164062","2.2157974243164062"
"201","2.166287660598755","2.166287660598755","2.166287660598755","2.2118706703186035","2.2118706703186035","2.2118706703186035"
"202","2.1630942821502686","2.1630942821502686","2.1630942821502686","2.2101540565490723","2.2101540565490723","2.2101540565490723"
"203","2.165658950805664","2.165658950805664","2.165658950805664","2.2074973583221436","2.2074973583221436","2.2074973583221436"
"204","2.168529510498047","2.168529510498047","2.168529510498047","2.2119667530059814","2.2119667530059814","2.2119667530059814"
"205","2.1673271656036377","2.1673271656036377","2.1673271656036377","2.2176618576049805","2.2176618576049805","2.2176618576049805"
"206","2.165865421295166","2.165865421295166","2.165865421295166","2.206892967224121","2.206892967224121","2.206892967224121"
"207","2.170969247817993","2.170969247817993","2.170969247817993","2.2085187435150146","2.2085187435150146","2.2085187435150146"
"208","2.1714885234832764","2.1714885234832764","2.1714885234832764","2.221813440322876","2.221813440322876","2.221813440322876"
"209","2.167541027069092","2.167541027069092","2.167541027069092","2.2047739028930664","2.2047739028930664","2.2047739028930664"
"210","2.169862747192383","2.169862747192383","2.169862747192383","2.2100625038146973","2.2100625038146973","2.2100625038146973"
"211","2.172605037689209","2.172605037689209","2.172605037689209","2.220813751220703","2.220813751220703","2.220813751220703"
"212","2.172097682952881","2.172097682952881","2.172097682952881","2.224513292312622","2.224513292312622","2.224513292312622"
"213","2.169076442718506","2.169076442718506","2.169076442718506","2.2263600826263428","2.2263600826263428","2.2263600826263428"
"214","2.171719789505005","2.171719789505005","2.171719789505005","2.2127890586853027","2.2127890586853027","2.2127890586853027"
"215","2.1712162494659424","2.1712162494659424","2.1712162494659424","2.218926191329956","2.218926191329956","2.218926191329956"
"216","2.173133373260498","2.173133373260498","2.173133373260498","2.213563919067383","2.213563919067383","2.213563919067383"
"217","2.1759557723999023","2.1759557723999023","2.1759557723999023","2.216153621673584","2.216153621673584","2.216153621673584"
"218","2.1765668392181396","2.1765668392181396","2.1765668392181396","2.2159388065338135","2.2159388065338135","2.2159388065338135"
"219","2.1717092990875244","2.1717092990875244","2.1717092990875244","2.2141172885894775","2.2141172885894775","2.2141172885894775"
"220","2.1727240085601807","2.1727240085601807","2.1727240085601807","2.215304136276245","2.215304136276245","2.215304136276245"
"221","2.1732850074768066","2.1732850074768066","2.1732850074768066","2.2118287086486816","2.2118287086486816","2.2118287086486816"
"222","2.176048994064331","2.176048994064331","2.176048994064331","2.214743137359619","2.214743137359619","2.214743137359619"
"223","2.1748745441436768","2.1748745441436768","2.1748745441436768","2.2172272205352783","2.2172272205352783","2.2172272205352783"
"224","2.168891668319702","2.168891668319702","2.168891668319702","2.2171249389648438","2.2171249389648438","2.2171249389648438"
"225","2.1766436100006104","2.1766436100006104","2.1766436100006104","2.2101948261260986","2.2101948261260986","2.2101948261260986"
"226","2.1752872467041016","2.1752872467041016","2.1752872467041016","2.2164554595947266","2.2164554595947266","2.2164554595947266"
"227","2.1742167472839355","2.1742167472839355","2.1742167472839355","2.2157998085021973","2.2157998085021973","2.2157998085021973"
"228","2.175363302230835","2.175363302230835","2.175363302230835","2.2217860221862793","2.2217860221862793","2.2217860221862793"
"229","2.17378306388855","2.17378306388855","2.17378306388855","2.2212302684783936","2.2212302684783936","2.2212302684783936"
"230","2.1727311611175537","2.1727311611175537","2.1727311611175537","2.2317047119140625","2.2317047119140625","2.2317047119140625"
"231","2.1711864471435547","2.1711864471435547","2.1711864471435547","2.2220711708068848","2.2220711708068848","2.2220711708068848"
"232","2.173143148422241","2.173143148422241","2.173143148422241","2.23175048828125","2.23175048828125","2.23175048828125"
"233","2.1719601154327393","2.1719601154327393","2.1719601154327393","2.2245686054229736","2.2245686054229736","2.2245686054229736"
"234","2.170722246170044","2.170722246170044","2.170722246170044","2.2272565364837646","2.2272565364837646","2.2272565364837646"
"235","2.170037031173706","2.170037031173706","2.170037031173706","2.2319464683532715","2.2319464683532715","2.2319464683532715"
"236","2.1698930263519287","2.1698930263519287","2.1698930263519287","2.2214250564575195","2.2214250564575195","2.2214250564575195"
"237","2.1701531410217285","2.1701531410217285","2.1701531410217285","2.2353150844573975","2.2353150844573975","2.2353150844573975"
"238","2.1646981239318848","2.1646981239318848","2.1646981239318848","2.2320871353149414","2.2320871353149414","2.2320871353149414"
"239","2.166356086730957","2.166356086730957","2.166356086730957","2.2114152908325195","2.2114152908325195","2.2114152908325195"
"240","2.166539192199707","2.166539192199707","2.166539192199707","2.2229206562042236","2.2229206562042236","2.2229206562042236"
"241","2.160454750061035","2.160454750061035","2.160454750061035","2.213892698287964","2.213892698287964","2.213892698287964"
"242","2.1620826721191406","2.1620826721191406","2.1620826721191406","2.236461639404297","2.236461639404297","2.236461639404297"
"243","2.16090989112854","2.16090989112854","2.16090989112854","2.2265679836273193","2.2265679836273193","2.2265679836273193"
"244","2.1659202575683594","2.1659202575683594","2.1659202575683594","2.2242066860198975","2.2242066860198975","2.2242066860198975"
"245","2.161783218383789","2.161783218383789","2.161783218383789","2.219465970993042","2.219465970993042","2.219465970993042"
"246","2.166834831237793","2.166834831237793","2.166834831237793","2.2196156978607178","2.2196156978607178","2.2196156978607178"
"247","2.15997314453125","2.15997314453125","2.15997314453125","2.221220016479492","2.221220016479492","2.221220016479492"
"248","2.1649346351623535","2.1649346351623535","2.1649346351623535","2.2306556701660156","2.2306556701660156","2.2306556701660156"
"249","2.1620492935180664","2.1620492935180664","2.1620492935180664","2.2318356037139893","2.2318356037139893","2.2318356037139893"
"250","2.1633706092834473","2.1633706092834473","2.1633706092834473","2.219653844833374","2.219653844833374","2.219653844833374"
"251","2.1611170768737793","2.1611170768737793","2.1611170768737793","2.234070062637329","2.234070062637329","2.234070062637329"
"252","2.1667497158050537","2.1667497158050537","2.1667497158050537","2.220916509628296","2.220916509628296","2.220916509628296"
"253","2.16143798828125","2.16143798828125","2.16143798828125","2.241827964782715","2.241827964782715","2.241827964782715"
"254","2.1627514362335205","2.1627514362335205","2.1627514362335205","2.2206270694732666","2.2206270694732666","2.2206270694732666"
"255","2.164245367050171","2.164245367050171","2.164245367050171","2.2141470909118652","2.2141470909118652","2.2141470909118652"
"256","2.1635546684265137","2.1635546684265137","2.1635546684265137","2.222471237182617","2.222471237182617","2.222471237182617"
"257","2.1611485481262207","2.1611485481262207","2.1611485481262207","2.216996192932129","2.216996192932129","2.216996192932129"
"258","2.162135362625122","2.162135362625122","2.162135362625122","2.2228920459747314","2.2228920459747314","2.2228920459747314"
"259","2.1674773693084717","2.1674773693084717","2.1674773693084717","2.2275288105010986","2.2275288105010986","2.2275288105010986"
"260","2.1626594066619873","2.1626594066619873","2.1626594066619873","2.224365234375","2.224365234375","2.224365234375"
"261","2.1669764518737793","2.1669764518737793","2.1669764518737793","2.229114532470703","2.229114532470703","2.229114532470703"
"262","2.1628990173339844","2.1628990173339844","2.1628990173339844","2.240664482116699","2.240664482116699","2.240664482116699"
"263","2.1680185794830322","2.1680185794830322","2.1680185794830322","2.2324819564819336","2.2324819564819336","2.2324819564819336"
"264","2.168365001678467","2.168365001678467","2.168365001678467","2.233574867248535","2.233574867248535","2.233574867248535"
"265","2.169778347015381","2.169778347015381","2.169778347015381","2.23103928565979","2.23103928565979","2.23103928565979"
"266","2.1635921001434326","2.1635921001434326","2.1635921001434326","2.231598377227783","2.231598377227783","2.231598377227783"
"267","2.172844648361206","2.172844648361206","2.172844648361206","2.234327793121338","2.234327793121338","2.234327793121338"
"268","2.1729626655578613","2.1729626655578613","2.1729626655578613","2.223142385482788","2.223142385482788","2.223142385482788"
"269","2.162302017211914","2.162302017211914","2.162302017211914","2.2428019046783447","2.2428019046783447","2.2428019046783447"
"270","2.167633056640625","2.167633056640625","2.167633056640625","2.2373383045196533","2.2373383045196533","2.2373383045196533"
"271","2.1701407432556152","2.1701407432556152","2.1701407432556152","2.2192599773406982","2.2192599773406982","2.2192599773406982"
"272","2.173863649368286","2.173863649368286","2.173863649368286","2.2247824668884277","2.2247824668884277","2.2247824668884277"
"273","2.170379161834717","2.170379161834717","2.170379161834717","2.219705820083618","2.219705820083618","2.219705820083618"
"274","2.166815757751465","2.166815757751465","2.166815757751465","2.2274534702301025","2.2274534702301025","2.2274534702301025"
"275","2.168571710586548","2.168571710586548","2.168571710586548","2.2409141063690186","2.2409141063690186","2.2409141063690186"
"276","2.173377513885498","2.173377513885498","2.173377513885498","2.227731943130493","2.227731943130493","2.227731943130493"
"277","2.175241708755493","2.175241708755493","2.175241708755493","2.232893466949463","2.232893466949463","2.232893466949463"
"278","2.1721982955932617","2.1721982955932617","2.1721982955932617","2.2328014373779297","2.2328014373779297","2.2328014373779297"
"279","2.171940326690674","2.171940326690674","2.171940326690674","2.2239155769348145","2.2239155769348145","2.2239155769348145"
"280","2.1728315353393555","2.1728315353393555","2.1728315353393555","2.2255592346191406","2.2255592346191406","2.2255592346191406"
"281","2.171238422393799","2.171238422393799","2.171238422393799","2.2307119369506836","2.2307119369506836","2.2307119369506836"
"282","2.1753101348876953","2.1753101348876953","2.1753101348876953","2.2226948738098145","2.2226948738098145","2.2226948738098145"
"283","2.1740152835845947","2.1740152835845947","2.1740152835845947","2.2228007316589355","2.2228007316589355","2.2228007316589355"
"284","2.173159122467041","2.173159122467041","2.173159122467041","2.234855890274048","2.234855890274048","2.234855890274048"
"285","2.1765284538269043","2.1765284538269043","2.1765284538269043","2.2219624519348145","2.2219624519348145","2.2219624519348145"
"286","2.1703014373779297","2.1703014373779297","2.1703014373779297","2.231597661972046","2.231597661972046","2.231597661972046"
"287","2.175333023071289","2.175333023071289","2.175333023071289","2.21708083152771","2.21708083152771","2.21708083152771"
"288","2.176600217819214","2.176600217819214","2.176600217819214","2.2290501594543457","2.2290501594543457","2.2290501594543457"
"289","2.173361301422119","2.173361301422119","2.173361301422119","2.235224723815918","2.235224723815918","2.235224723815918"
"290","2.167712926864624","2.167712926864624","2.167712926864624","2.216733455657959","2.216733455657959","2.216733455657959"
"291","2.1680421829223633","2.1680421829223633","2.1680421829223633","2.2257750034332275","2.2257750034332275","2.2257750034332275"
"292","2.1749584674835205","2.1749584674835205","2.1749584674835205","2.223712682723999","2.223712682723999","2.223712682723999"
"293","2.1752774715423584","2.1752774715423584","2.1752774715423584","2.232530117034912","2.232530117034912","2.232530117034912"
"294","2.1700429916381836","2.1700429916381836","2.1700429916381836","2.2248165607452393","2.2248165607452393","2.2248165607452393"
"295","2.170107126235962","2.170107126235962","2.170107126235962","2.2330024242401123","2.2330024242401123","2.2330024242401123"
"296","2.1739799976348877","2.1739799976348877","2.1739799976348877","2.240006685256958","2.240006685256958","2.240006685256958"
"297","2.1736674308776855","2.1736674308776855","2.1736674308776855","2.2352700233459473","2.2352700233459473","2.2352700233459473"
"298","2.1682941913604736","2.1682941913604736","2.1682941913604736","2.2285964488983154","2.2285964488983154","2.2285964488983154"
"299","2.168444871902466","2.168444871902466","2.168444871902466","2.230419635772705","2.230419635772705","2.230419635772705"
"300","2.1686744689941406","2.1686744689941406","2.1686744689941406","2.230273485183716","2.230273485183716","2.230273485183716"
"301","2.1666767597198486","2.1666767597198486","2.1666767597198486","2.2292232513427734","2.2292232513427734","2.2292232513427734"
"302","2.169747829437256","2.169747829437256","2.169747829437256","2.224214553833008","2.224214553833008","2.224214553833008"
"303","2.170722246170044","2.170722246170044","2.170722246170044","2.234135150909424","2.234135150909424","2.234135150909424"
"304","2.1709558963775635","2.1709558963775635","2.1709558963775635","2.229691982269287","2.229691982269287","2.229691982269287"
"305","2.1681246757507324","2.1681246757507324","2.1681246757507324","2.2278647422790527","2.2278647422790527","2.2278647422790527"
"306","2.1699912548065186","2.1699912548065186","2.1699912548065186","2.2218923568725586","2.2218923568725586","2.2218923568725586"
"307","2.1689865589141846","2.1689865589141846","2.1689865589141846","2.2302863597869873","2.2302863597869873","2.2302863597869873"
"308","2.1677205562591553","2.1677205562591553","2.1677205562591553","2.239560842514038","2.239560842514038","2.239560842514038"
"309","2.1723411083221436","2.1723411083221436","2.1723411083221436","2.239311695098877","2.239311695098877","2.239311695098877"
"310","2.172447443008423","2.172447443008423","2.172447443008423","2.228264331817627","2.228264331817627","2.228264331817627"
"311","2.167947769165039","2.167947769165039","2.167947769165039","2.2345292568206787","2.2345292568206787","2.2345292568206787"
"312","2.170448064804077","2.170448064804077","2.170448064804077","2.2308576107025146","2.2308576107025146","2.2308576107025146"
"313","2.170820474624634","2.170820474624634","2.170820474624634","2.23268723487854","2.23268723487854","2.23268723487854"
"314","2.1651952266693115","2.1651952266693115","2.1651952266693115","2.2294464111328125","2.2294464111328125","2.2294464111328125"
"315","2.172041177749634","2.172041177749634","2.172041177749634","2.235628128051758","2.235628128051758","2.235628128051758"
"316","2.167957305908203","2.167957305908203","2.167957305908203","2.2308380603790283","2.2308380603790283","2.2308380603790283"
"317","2.1719629764556885","2.1719629764556885","2.1719629764556885","2.2337403297424316","2.2337403297424316","2.2337403297424316"
"318","2.1677563190460205","2.1677563190460205","2.1677563190460205","2.2428395748138428","2.2428395748138428","2.2428395748138428"
"319","2.169138193130493","2.169138193130493","2.169138193130493","2.2221646308898926","2.2221646308898926","2.2221646308898926"
"320","2.1614999771118164","2.1614999771118164","2.1614999771118164","2.2329866886138916","2.2329866886138916","2.2329866886138916"
"321","2.166717529296875","2.166717529296875","2.166717529296875","2.2341012954711914","2.2341012954711914","2.2341012954711914"
"322","2.1719131469726562","2.1719131469726562","2.1719131469726562","2.231940507888794","2.231940507888794","2.231940507888794"
"323","2.1632375717163086","2.1632375717163086","2.1632375717163086","2.244767904281616","2.244767904281616","2.244767904281616"
"324","2.164602041244507","2.164602041244507","2.164602041244507","2.23968768119812","2.23968768119812","2.23968768119812"
"325","2.168781280517578","2.168781280517578","2.168781280517578","2.229639768600464","2.229639768600464","2.229639768600464"
"326","2.1606321334838867","2.1606321334838867","2.1606321334838867","2.219435691833496","2.219435691833496","2.219435691833496"
"327","2.168879985809326","2.168879985809326","2.168879985809326","2.2192461490631104","2.2192461490631104","2.2192461490631104"
"328","2.164594888687134","2.164594888687134","2.164594888687134","2.2272231578826904","2.2272231578826904","2.2272231578826904"
"329","2.166269063949585","2.166269063949585","2.166269063949585","2.230142593383789","2.230142593383789","2.230142593383789"
"330","2.1664974689483643","2.1664974689483643","2.1664974689483643","2.2389066219329834","2.2389066219329834","2.2389066219329834"
"331","2.1670994758605957","2.1670994758605957","2.1670994758605957","2.215954303741455","2.215954303741455","2.215954303741455"
"332","2.160297393798828","2.160297393798828","2.160297393798828","2.2305796146392822","2.2305796146392822","2.2305796146392822"
"333","2.1665351390838623","2.1665351390838623","2.1665351390838623","2.2263550758361816","2.2263550758361816","2.2263550758361816"
"334","2.1619434356689453","2.1619434356689453","2.1619434356689453","2.2363505363464355","2.2363505363464355","2.2363505363464355"
"335","2.1667513847351074","2.1667513847351074","2.1667513847351074","2.225785970687866","2.225785970687866","2.225785970687866"
"336","2.165764570236206","2.165764570236206","2.165764570236206","2.2255303859710693","2.2255303859710693","2.2255303859710693"
"337","2.1622490882873535","2.1622490882873535","2.1622490882873535","2.2414820194244385","2.2414820194244385","2.2414820194244385"
"338","2.1635046005249023","2.1635046005249023","2.1635046005249023","2.2305819988250732","2.2305819988250732","2.2305819988250732"
"339","2.165344476699829","2.165344476699829","2.165344476699829","2.24265456199646","2.24265456199646","2.24265456199646"
"340","2.168275833129883","2.168275833129883","2.168275833129883","2.2287895679473877","2.2287895679473877","2.2287895679473877"
"341","2.161517381668091","2.161517381668091","2.161517381668091","2.2250006198883057","2.2250006198883057","2.2250006198883057"
"342","2.164825916290283","2.164825916290283","2.164825916290283","2.2287988662719727","2.2287988662719727","2.2287988662719727"
"343","2.161557912826538","2.161557912826538","2.161557912826538","2.230876922607422","2.230876922607422","2.230876922607422"
"344","2.163956880569458","2.163956880569458","2.163956880569458","2.234858751296997","2.234858751296997","2.234858751296997"
"345","2.1619935035705566","2.1619935035705566","2.1619935035705566","2.235846519470215","2.235846519470215","2.235846519470215"
"346","2.168424606323242","2.168424606323242","2.168424606323242","2.2298755645751953","2.2298755645751953","2.2298755645751953"
"347","2.1682629585266113","2.1682629585266113","2.1682629585266113","2.231048107147217","2.231048107147217","2.231048107147217"
"348","2.166626214981079","2.166626214981079","2.166626214981079","2.2213189601898193","2.2213189601898193","2.2213189601898193"
"349","2.1623542308807373","2.1623542308807373","2.1623542308807373","2.2461583614349365","2.2461583614349365","2.2461583614349365"
"350","2.1726179122924805","2.1726179122924805","2.1726179122924805","2.2324836254119873","2.2324836254119873","2.2324836254119873"
"351","2.1686878204345703","2.1686878204345703","2.1686878204345703","2.2327334880828857","2.2327334880828857","2.2327334880828857"
"352","2.1610352993011475","2.1610352993011475","2.1610352993011475","2.2353100776672363","2.2353100776672363","2.2353100776672363"
"353","2.1674022674560547","2.1674022674560547","2.1674022674560547","2.2190310955047607","2.2190310955047607","2.2190310955047607"
"354","2.16357684135437","2.16357684135437","2.16357684135437","2.231053113937378","2.231053113937378","2.231053113937378"
"355","2.1660163402557373","2.1660163402557373","2.1660163402557373","2.2130672931671143","2.2130672931671143","2.2130672931671143"
"356","2.165029764175415","2.165029764175415","2.165029764175415","2.2291371822357178","2.2291371822357178","2.2291371822357178"
"357","2.1616933345794678","2.1616933345794678","2.1616933345794678","2.2264609336853027","2.2264609336853027","2.2264609336853027"
"358","2.1675705909729004","2.1675705909729004","2.1675705909729004","2.230452060699463","2.230452060699463","2.230452060699463"
"359","2.1654977798461914","2.1654977798461914","2.1654977798461914","2.2314095497131348","2.2314095497131348","2.2314095497131348"
"360","2.1648051738739014","2.1648051738739014","2.1648051738739014","2.2356996536254883","2.2356996536254883","2.2356996536254883"
"361","2.170900583267212","2.170900583267212","2.170900583267212","2.2169957160949707","2.2169957160949707","2.2169957160949707"
"362","2.1607580184936523","2.1607580184936523","2.1607580184936523","2.2264480590820312","2.2264480590820312","2.2264480590820312"
"363","2.1614747047424316","2.1614747047424316","2.1614747047424316","2.231600284576416","2.231600284576416","2.231600284576416"
"364","2.1626992225646973","2.1626992225646973","2.1626992225646973","2.2491514682769775","2.2491514682769775","2.2491514682769775"
"365","2.165065050125122","2.165065050125122","2.165065050125122","2.239210844039917","2.239210844039917","2.239210844039917"
"366","2.164630174636841","2.164630174636841","2.164630174636841","2.230354070663452","2.230354070663452","2.230354070663452"
"367","2.1647236347198486","2.1647236347198486","2.1647236347198486","2.2299957275390625","2.2299957275390625","2.2299957275390625"
"368","2.1635124683380127","2.1635124683380127","2.1635124683380127","2.217280149459839","2.217280149459839","2.217280149459839"
"369","2.1711690425872803","2.1711690425872803","2.1711690425872803","2.240438938140869","2.240438938140869","2.240438938140869"
"370","2.164362907409668","2.164362907409668","2.164362907409668","2.2395949363708496","2.2395949363708496","2.2395949363708496"
"371","2.1713180541992188","2.1713180541992188","2.1713180541992188","2.23362135887146","2.23362135887146","2.23362135887146"
"372","2.165032386779785","2.165032386779785","2.165032386779785","2.221757173538208","2.221757173538208","2.221757173538208"
"373","2.1653783321380615","2.1653783321380615","2.1653783321380615","2.2483339309692383","2.2483339309692383","2.2483339309692383"
"374","2.163644790649414","2.163644790649414","2.163644790649414","2.245875835418701","2.245875835418701","2.245875835418701"
"375","2.177410364151001","2.177410364151001","2.177410364151001","2.243415355682373","2.243415355682373","2.243415355682373"
"376","2.1727797985076904","2.1727797985076904","2.1727797985076904","2.226125717163086","2.226125717163086","2.226125717163086"
"377","2.1620678901672363","2.1620678901672363","2.1620678901672363","2.2256100177764893","2.2256100177764893","2.2256100177764893"
"378","2.162691593170166","2.162691593170166","2.162691593170166","2.226017951965332","2.226017951965332","2.226017951965332"
"379","2.1742568016052246","2.1742568016052246","2.1742568016052246","2.23740291595459","2.23740291595459","2.23740291595459"
"380","2.1603593826293945","2.1603593826293945","2.1603593826293945","2.227679491043091","2.227679491043091","2.227679491043091"
"381","2.1603920459747314","2.1603920459747314","2.1603920459747314","2.2111456394195557","2.2111456394195557","2.2111456394195557"
"382","2.17596435546875","2.17596435546875","2.17596435546875","2.2231316566467285","2.2231316566467285","2.2231316566467285"
"383","2.167093515396118","2.167093515396118","2.167093515396118","2.231187582015991","2.231187582015991","2.231187582015991"
"384","2.1639208793640137","2.1639208793640137","2.1639208793640137","2.225400447845459","2.225400447845459","2.225400447845459"
"385","2.1667251586914062","2.1667251586914062","2.1667251586914062","2.2148125171661377","2.2148125171661377","2.2148125171661377"
"386","2.1689772605895996","2.1689772605895996","2.1689772605895996","2.208477020263672","2.208477020263672","2.208477020263672"
"387","2.1762332916259766","2.1762332916259766","2.1762332916259766","2.2424209117889404","2.2424209117889404","2.2424209117889404"
"388","2.1629533767700195","2.1629533767700195","2.1629533767700195","2.2366838455200195","2.2366838455200195","2.2366838455200195"
"389","2.1704490184783936","2.1704490184783936","2.1704490184783936","2.222986936569214","2.222986936569214","2.222986936569214"
"390","2.173980236053467","2.173980236053467","2.173980236053467","2.2399916648864746","2.2399916648864746","2.2399916648864746"
"391","2.1653144359588623","2.1653144359588623","2.1653144359588623","2.2304773330688477","2.2304773330688477","2.2304773330688477"
"392","2.1738152503967285","2.1738152503967285","2.1738152503967285","2.270209312438965","2.270209312438965","2.270209312438965"
"393","2.1628894805908203","2.1628894805908203","2.1628894805908203","2.2236952781677246","2.2236952781677246","2.2236952781677246"
"394","2.1726908683776855","2.1726908683776855","2.1726908683776855","2.220740556716919","2.220740556716919","2.220740556716919"
"395","2.170569896697998","2.170569896697998","2.170569896697998","2.236046075820923","2.236046075820923","2.236046075820923"
"396","2.175381660461426","2.175381660461426","2.175381660461426","2.2496697902679443","2.2496697902679443","2.2496697902679443"
"397","2.163125991821289","2.163125991821289","2.163125991821289","2.2328333854675293","2.2328333854675293","2.2328333854675293"
"398","2.1729519367218018","2.1729519367218018","2.1729519367218018","2.2183010578155518","2.2183010578155518","2.2183010578155518"
"399","2.165118455886841","2.165118455886841","2.165118455886841","2.2347097396850586","2.2347097396850586","2.2347097396850586"
"400","2.1727733612060547","2.1727733612060547","2.1727733612060547","2.2304210662841797","2.2304210662841797","2.2304210662841797"
"401","2.168041229248047","2.168041229248047","2.168041229248047","2.230534315109253","2.230534315109253","2.230534315109253"
"402","2.1770832538604736","2.1770832538604736","2.1770832538604736","2.230689764022827","2.230689764022827","2.230689764022827"
"403","2.1805033683776855","2.1805033683776855","2.1805033683776855","2.255228042602539","2.255228042602539","2.255228042602539"
"404","2.179511308670044","2.179511308670044","2.179511308670044","2.2323665618896484","2.2323665618896484","2.2323665618896484"
"405","2.180307388305664","2.180307388305664","2.180307388305664","2.227112054824829","2.227112054824829","2.227112054824829"
"406","2.178330421447754","2.178330421447754","2.178330421447754","2.225825786590576","2.225825786590576","2.225825786590576"
"407","2.1658027172088623","2.1658027172088623","2.1658027172088623","2.2107439041137695","2.2107439041137695","2.2107439041137695"
"408","2.178964614868164","2.178964614868164","2.178964614868164","2.2168796062469482","2.2168796062469482","2.2168796062469482"
"409","2.1700596809387207","2.1700596809387207","2.1700596809387207","2.214751958847046","2.214751958847046","2.214751958847046"
"410","2.1735875606536865","2.1735875606536865","2.1735875606536865","2.2256696224212646","2.2256696224212646","2.2256696224212646"
"411","2.170548677444458","2.170548677444458","2.170548677444458","2.256680727005005","2.256680727005005","2.256680727005005"
"412","2.170985460281372","2.170985460281372","2.170985460281372","2.2144813537597656","2.2144813537597656","2.2144813537597656"
"413","2.181516170501709","2.181516170501709","2.181516170501709","2.271475315093994","2.271475315093994","2.271475315093994"
"414","2.1729447841644287","2.1729447841644287","2.1729447841644287","2.2255403995513916","2.2255403995513916","2.2255403995513916"
"415","2.1716206073760986","2.1716206073760986","2.1716206073760986","2.223055124282837","2.223055124282837","2.223055124282837"
"416","2.1830804347991943","2.1830804347991943","2.1830804347991943","2.226306915283203","2.226306915283203","2.226306915283203"
"417","2.1759536266326904","2.1759536266326904","2.1759536266326904","2.2207508087158203","2.2207508087158203","2.2207508087158203"
"418","2.173448085784912","2.173448085784912","2.173448085784912","2.250760793685913","2.250760793685913","2.250760793685913"
"419","2.1822478771209717","2.1822478771209717","2.1822478771209717","2.238079309463501","2.238079309463501","2.238079309463501"
"420","2.1762807369232178","2.1762807369232178","2.1762807369232178","2.2239339351654053","2.2239339351654053","2.2239339351654053"
"421","2.17546010017395","2.17546010017395","2.17546010017395","2.251525640487671","2.251525640487671","2.251525640487671"
"422","2.180398941040039","2.180398941040039","2.180398941040039","2.21146821975708","2.21146821975708","2.21146821975708"
"423","2.180527687072754","2.180527687072754","2.180527687072754","2.246112585067749","2.246112585067749","2.246112585067749"
"424","2.1744656562805176","2.1744656562805176","2.1744656562805176","2.214632749557495","2.214632749557495","2.214632749557495"
"425","2.1747729778289795","2.1747729778289795","2.1747729778289795","2.21264910697937","2.21264910697937","2.21264910697937"
"426","2.1753692626953125","2.1753692626953125","2.1753692626953125","2.2273685932159424","2.2273685932159424","2.2273685932159424"
"427","2.179194688796997","2.179194688796997","2.179194688796997","2.2103357315063477","2.2103357315063477","2.2103357315063477"
"428","2.1751184463500977","2.1751184463500977","2.1751184463500977","2.2044363021850586","2.2044363021850586","2.2044363021850586"
"429","2.1843817234039307","2.1843817234039307","2.1843817234039307","2.2243154048919678","2.2243154048919678","2.2243154048919678"
"430","2.1753432750701904","2.1753432750701904","2.1753432750701904","2.2388646602630615","2.2388646602630615","2.2388646602630615"
"431","2.172044277191162","2.172044277191162","2.172044277191162","2.240882635116577","2.240882635116577","2.240882635116577"
"432","2.1814191341400146","2.1814191341400146","2.1814191341400146","2.211442708969116","2.211442708969116","2.211442708969116"
"433","2.1776206493377686","2.1776206493377686","2.1776206493377686","2.2280819416046143","2.2280819416046143","2.2280819416046143"
"434","2.1771128177642822","2.1771128177642822","2.1771128177642822","2.224348783493042","2.224348783493042","2.224348783493042"
"435","2.182934522628784","2.182934522628784","2.182934522628784","2.2095885276794434","2.2095885276794434","2.2095885276794434"
"436","2.186371088027954","2.186371088027954","2.186371088027954","2.23089337348938","2.23089337348938","2.23089337348938"
"437","2.1773390769958496","2.1773390769958496","2.1773390769958496","2.2506260871887207","2.2506260871887207","2.2506260871887207"
"438","2.175394296646118","2.175394296646118","2.175394296646118","2.22676157951355","2.22676157951355","2.22676157951355"
"439","2.176487445831299","2.176487445831299","2.176487445831299","2.233454704284668","2.233454704284668","2.233454704284668"
"440","2.173170804977417","2.173170804977417","2.173170804977417","2.2120578289031982","2.2120578289031982","2.2120578289031982"
"441","2.1760900020599365","2.1760900020599365","2.1760900020599365","2.2098498344421387","2.2098498344421387","2.2098498344421387"
"442","2.174539089202881","2.174539089202881","2.174539089202881","2.2417540550231934","2.2417540550231934","2.2417540550231934"
"443","2.180413007736206","2.180413007736206","2.180413007736206","2.215852737426758","2.215852737426758","2.215852737426758"
"444","2.1781833171844482","2.1781833171844482","2.1781833171844482","2.253080368041992","2.253080368041992","2.253080368041992"
"445","2.1834757328033447","2.1834757328033447","2.1834757328033447","2.220393180847168","2.220393180847168","2.220393180847168"
"446","2.186696767807007","2.186696767807007","2.186696767807007","2.219165802001953","2.219165802001953","2.219165802001953"
"447","2.180450201034546","2.180450201034546","2.180450201034546","2.2486679553985596","2.2486679553985596","2.2486679553985596"
"448","2.179229497909546","2.179229497909546","2.179229497909546","2.2133655548095703","2.2133655548095703","2.2133655548095703"
"449","2.1832292079925537","2.1832292079925537","2.1832292079925537","2.225640058517456","2.225640058517456","2.225640058517456"
"450","2.1815171241760254","2.1815171241760254","2.1815171241760254","2.219618797302246","2.219618797302246","2.219618797302246"
"451","2.179171085357666","2.179171085357666","2.179171085357666","2.243293285369873","2.243293285369873","2.243293285369873"
"452","2.1782140731811523","2.1782140731811523","2.1782140731811523","2.223040819168091","2.223040819168091","2.223040819168091"
"453","2.176936626434326","2.176936626434326","2.176936626434326","2.216549873352051","2.216549873352051","2.216549873352051"
"454","2.1832516193389893","2.1832516193389893","2.1832516193389893","2.2107527256011963","2.2107527256011963","2.2107527256011963"
"455","2.1727585792541504","2.1727585792541504","2.1727585792541504","2.2134640216827393","2.2134640216827393","2.2134640216827393"
"456","2.172072172164917","2.172072172164917","2.172072172164917","2.242229461669922","2.242229461669922","2.242229461669922"
"457","2.1736955642700195","2.1736955642700195","2.1736955642700195","2.210212469100952","2.210212469100952","2.210212469100952"
"458","2.174382448196411","2.174382448196411","2.174382448196411","2.216433048248291","2.216433048248291","2.216433048248291"
"459","2.170623779296875","2.170623779296875","2.170623779296875","2.2452468872070312","2.2452468872070312","2.2452468872070312"
"460","2.1808371543884277","2.1808371543884277","2.1808371543884277","2.2219412326812744","2.2219412326812744","2.2219412326812744"
"461","2.1792166233062744","2.1792166233062744","2.1792166233062744","2.2187392711639404","2.2187392711639404","2.2187392711639404"
"462","2.173353672027588","2.173353672027588","2.173353672027588","2.257199764251709","2.257199764251709","2.257199764251709"
"463","2.1811752319335938","2.1811752319335938","2.1811752319335938","2.222541332244873","2.222541332244873","2.222541332244873"
"464","2.1795434951782227","2.1795434951782227","2.1795434951782227","2.230686902999878","2.230686902999878","2.230686902999878"
"465","2.173576593399048","2.173576593399048","2.173576593399048","2.2291505336761475","2.2291505336761475","2.2291505336761475"
"466","2.177622079849243","2.177622079849243","2.177622079849243","2.2188217639923096","2.2188217639923096","2.2188217639923096"
"467","2.170135974884033","2.170135974884033","2.170135974884033","2.245032787322998","2.245032787322998","2.245032787322998"
"468","2.1723055839538574","2.1723055839538574","2.1723055839538574","2.2205939292907715","2.2205939292907715","2.2205939292907715"
"469","2.178252696990967","2.178252696990967","2.178252696990967","2.2125823497772217","2.2125823497772217","2.2125823497772217"
"470","2.1772944927215576","2.1772944927215576","2.1772944927215576","2.246203660964966","2.246203660964966","2.246203660964966"
"471","2.1715803146362305","2.1715803146362305","2.1715803146362305","2.220128059387207","2.220128059387207","2.220128059387207"
"472","2.171536922454834","2.171536922454834","2.171536922454834","2.2474663257598877","2.2474663257598877","2.2474663257598877"
"473","2.1737544536590576","2.1737544536590576","2.1737544536590576","2.2196462154388428","2.2196462154388428","2.2196462154388428"
"474","2.1805949211120605","2.1805949211120605","2.1805949211120605","2.2523341178894043","2.2523341178894043","2.2523341178894043"
"475","2.170003652572632","2.170003652572632","2.170003652572632","2.227898120880127","2.227898120880127","2.227898120880127"
"476","2.171712636947632","2.171712636947632","2.171712636947632","2.2511308193206787","2.2511308193206787","2.2511308193206787"
"477","2.1775078773498535","2.1775078773498535","2.1775078773498535","2.219991445541382","2.219991445541382","2.219991445541382"
"478","2.182680368423462","2.182680368423462","2.182680368423462","2.25504732131958","2.25504732131958","2.25504732131958"
"479","2.1767935752868652","2.1767935752868652","2.1767935752868652","2.1930625438690186","2.1930625438690186","2.1930625438690186"
"480","2.183151960372925","2.183151960372925","2.183151960372925","2.2129130363464355","2.2129130363464355","2.2129130363464355"
"481","2.1699535846710205","2.1699535846710205","2.1699535846710205","2.2389791011810303","2.2389791011810303","2.2389791011810303"
"482","2.181520462036133","2.181520462036133","2.181520462036133","2.2252068519592285","2.2252068519592285","2.2252068519592285"
"483","2.178410291671753","2.178410291671753","2.178410291671753","2.2417502403259277","2.2417502403259277","2.2417502403259277"
"484","2.177504539489746","2.177504539489746","2.177504539489746","2.2420623302459717","2.2420623302459717","2.2420623302459717"
"485","2.174842119216919","2.174842119216919","2.174842119216919","2.2419586181640625","2.2419586181640625","2.2419586181640625"
"486","2.1747686862945557","2.1747686862945557","2.1747686862945557","2.2655160427093506","2.2655160427093506","2.2655160427093506"
"487","2.167297601699829","2.167297601699829","2.167297601699829","2.2370269298553467","2.2370269298553467","2.2370269298553467"
"488","2.1788902282714844","2.1788902282714844","2.1788902282714844","2.2475030422210693","2.2475030422210693","2.2475030422210693"
"489","2.1855642795562744","2.1855642795562744","2.1855642795562744","2.2183287143707275","2.2183287143707275","2.2183287143707275"
"490","2.1870498657226562","2.1870498657226562","2.1870498657226562","2.2385904788970947","2.2385904788970947","2.2385904788970947"
"491","2.173099994659424","2.173099994659424","2.173099994659424","2.220261573791504","2.220261573791504","2.220261573791504"
"492","2.17976713180542","2.17976713180542","2.17976713180542","2.246237277984619","2.246237277984619","2.246237277984619"
"493","2.171869993209839","2.171869993209839","2.171869993209839","2.2398104667663574","2.2398104667663574","2.2398104667663574"
"494","2.1713056564331055","2.1713056564331055","2.1713056564331055","2.246882200241089","2.246882200241089","2.246882200241089"
"495","2.176252841949463","2.176252841949463","2.176252841949463","2.2307558059692383","2.2307558059692383","2.2307558059692383"
"496","2.178889274597168","2.178889274597168","2.178889274597168","2.2598719596862793","2.2598719596862793","2.2598719596862793"
"497","2.1853630542755127","2.1853630542755127","2.1853630542755127","2.196913957595825","2.196913957595825","2.196913957595825"
"498","2.177306652069092","2.177306652069092","2.177306652069092","2.2504048347473145","2.2504048347473145","2.2504048347473145"
"499","2.173776149749756","2.173776149749756","2.173776149749756","2.256283760070801","2.256283760070801","2.256283760070801"
"500","2.1792304515838623","2.1792304515838623","2.1792304515838623","2.233931303024292","2.233931303024292","2.233931303024292"
"501","2.1854310035705566","2.1854310035705566","2.1854310035705566","2.2488064765930176","2.2488064765930176","2.2488064765930176"
"502","2.1652774810791016","2.1652774810791016","2.1652774810791016","2.248173475265503","2.248173475265503","2.248173475265503"
"503","2.171725273132324","2.171725273132324","2.171725273132324","2.239274024963379","2.239274024963379","2.239274024963379"
"504","2.1692891120910645","2.1692891120910645","2.1692891120910645","2.2421393394470215","2.2421393394470215","2.2421393394470215"
"505","2.1714189052581787","2.1714189052581787","2.1714189052581787","2.2069427967071533","2.2069427967071533","2.2069427967071533"
"506","2.1828725337982178","2.1828725337982178","2.1828725337982178","2.2393879890441895","2.2393879890441895","2.2393879890441895"
"507","2.1724369525909424","2.1724369525909424","2.1724369525909424","2.251293420791626","2.251293420791626","2.251293420791626"
"508","2.173469305038452","2.173469305038452","2.173469305038452","2.2372021675109863","2.2372021675109863","2.2372021675109863"
"509","2.172581195831299","2.172581195831299","2.172581195831299","2.266291618347168","2.266291618347168","2.266291618347168"
"510","2.1726760864257812","2.1726760864257812","2.1726760864257812","2.249962329864502","2.249962329864502","2.249962329864502"
"511","2.170318365097046","2.170318365097046","2.170318365097046","2.247267484664917","2.247267484664917","2.247267484664917"
"512","2.176555871963501","2.176555871963501","2.176555871963501","2.2042198181152344","2.2042198181152344","2.2042198181152344"
"513","2.1774632930755615","2.1774632930755615","2.1774632930755615","2.2393388748168945","2.2393388748168945","2.2393388748168945"
"514","2.1714589595794678","2.1714589595794678","2.1714589595794678","2.2403838634490967","2.2403838634490967","2.2403838634490967"
"515","2.1721653938293457","2.1721653938293457","2.1721653938293457","2.230844497680664","2.230844497680664","2.230844497680664"
"516","2.1732137203216553","2.1732137203216553","2.1732137203216553","2.206458568572998","2.206458568572998","2.206458568572998"
"517","2.182983160018921","2.182983160018921","2.182983160018921","2.2450315952301025","2.2450315952301025","2.2450315952301025"
"518","2.174602746963501","2.174602746963501","2.174602746963501","2.2508771419525146","2.2508771419525146","2.2508771419525146"
"519","2.168877124786377","2.168877124786377","2.168877124786377","2.2290618419647217","2.2290618419647217","2.2290618419647217"
"520","2.1781349182128906","2.1781349182128906","2.1781349182128906","2.2474050521850586","2.2474050521850586","2.2474050521850586"
"521","2.168982982635498","2.168982982635498","2.168982982635498","2.213134288787842","2.213134288787842","2.213134288787842"
"522","2.1825804710388184","2.1825804710388184","2.1825804710388184","2.231229782104492","2.231229782104492","2.231229782104492"
"523","2.171318531036377","2.171318531036377","2.171318531036377","2.2594780921936035","2.2594780921936035","2.2594780921936035"
"524","2.170358180999756","2.170358180999756","2.170358180999756","2.252194404602051","2.252194404602051","2.252194404602051"
"525","2.1755995750427246","2.1755995750427246","2.1755995750427246","2.2516589164733887","2.2516589164733887","2.2516589164733887"
"526","2.172001600265503","2.172001600265503","2.172001600265503","2.245297908782959","2.245297908782959","2.245297908782959"
"527","2.175874710083008","2.175874710083008","2.175874710083008","2.248779773712158","2.248779773712158","2.248779773712158"
"528","2.174574613571167","2.174574613571167","2.174574613571167","2.2589364051818848","2.2589364051818848","2.2589364051818848"
"529","2.1710715293884277","2.1710715293884277","2.1710715293884277","2.258405923843384","2.258405923843384","2.258405923843384"
"530","2.1641271114349365","2.1641271114349365","2.1641271114349365","2.239943265914917","2.239943265914917","2.239943265914917"
"531","2.1764824390411377","2.1764824390411377","2.1764824390411377","2.240054130554199","2.240054130554199","2.240054130554199"
"532","2.1658337116241455","2.1658337116241455","2.1658337116241455","2.2516744136810303","2.2516744136810303","2.2516744136810303"
"533","2.175018310546875","2.175018310546875","2.175018310546875","2.2369401454925537","2.2369401454925537","2.2369401454925537"
"534","2.1677958965301514","2.1677958965301514","2.1677958965301514","2.242173194885254","2.242173194885254","2.242173194885254"
"535","2.1695127487182617","2.1695127487182617","2.1695127487182617","2.258436918258667","2.258436918258667","2.258436918258667"
"536","2.174431800842285","2.174431800842285","2.174431800842285","2.2354307174682617","2.2354307174682617","2.2354307174682617"
"537","2.179389238357544","2.179389238357544","2.179389238357544","2.2497479915618896","2.2497479915618896","2.2497479915618896"
"538","2.177304267883301","2.177304267883301","2.177304267883301","2.2243576049804688","2.2243576049804688","2.2243576049804688"
"539","2.179046392440796","2.179046392440796","2.179046392440796","2.2420217990875244","2.2420217990875244","2.2420217990875244"
"540","2.176501512527466","2.176501512527466","2.176501512527466","2.2449543476104736","2.2449543476104736","2.2449543476104736"
"541","2.180612325668335","2.180612325668335","2.180612325668335","2.236403226852417","2.236403226852417","2.236403226852417"
"542","2.1828742027282715","2.1828742027282715","2.1828742027282715","2.24143123626709","2.24143123626709","2.24143123626709"
"543","2.169438362121582","2.169438362121582","2.169438362121582","2.23402738571167","2.23402738571167","2.23402738571167"
"544","2.176182270050049","2.176182270050049","2.176182270050049","2.2434449195861816","2.2434449195861816","2.2434449195861816"
"545","2.175178050994873","2.175178050994873","2.175178050994873","2.215341329574585","2.215341329574585","2.215341329574585"
"546","2.178422451019287","2.178422451019287","2.178422451019287","2.2417280673980713","2.2417280673980713","2.2417280673980713"
"547","2.1713480949401855","2.1713480949401855","2.1713480949401855","2.254748582839966","2.254748582839966","2.254748582839966"
"548","2.1764907836914062","2.1764907836914062","2.1764907836914062","2.251091241836548","2.251091241836548","2.251091241836548"
"549","2.167959690093994","2.167959690093994","2.167959690093994","2.2502310276031494","2.2502310276031494","2.2502310276031494"
"550","2.185131549835205","2.185131549835205","2.185131549835205","2.2235970497131348","2.2235970497131348","2.2235970497131348"
"551","2.180819511413574","2.180819511413574","2.180819511413574","2.2334177494049072","2.2334177494049072","2.2334177494049072"
"552","2.177745819091797","2.177745819091797","2.177745819091797","2.233306407928467","2.233306407928467","2.233306407928467"
"553","2.174438953399658","2.174438953399658","2.174438953399658","2.242933511734009","2.242933511734009","2.242933511734009"
"554","2.176628351211548","2.176628351211548","2.176628351211548","2.208815574645996","2.208815574645996","2.208815574645996"
"555","2.180542469024658","2.180542469024658","2.180542469024658","2.2479238510131836","2.2479238510131836","2.2479238510131836"
"556","2.182178020477295","2.182178020477295","2.182178020477295","2.2249598503112793","2.2249598503112793","2.2249598503112793"
"557","2.1846868991851807","2.1846868991851807","2.1846868991851807","2.2495036125183105","2.2495036125183105","2.2495036125183105"
"558","2.1778383255004883","2.1778383255004883","2.1778383255004883","2.214334726333618","2.214334726333618","2.214334726333618"
"559","2.1808629035949707","2.1808629035949707","2.1808629035949707","2.254284620285034","2.254284620285034","2.254284620285034"
"560","2.1770451068878174","2.1770451068878174","2.1770451068878174","2.2355802059173584","2.2355802059173584","2.2355802059173584"
"561","2.1762278079986572","2.1762278079986572","2.1762278079986572","2.2272908687591553","2.2272908687591553","2.2272908687591553"
"562","2.181154489517212","2.181154489517212","2.181154489517212","2.244497060775757","2.244497060775757","2.244497060775757"
"563","2.1794049739837646","2.1794049739837646","2.1794049739837646","2.2132632732391357","2.2132632732391357","2.2132632732391357"
"564","2.177492380142212","2.177492380142212","2.177492380142212","2.259253978729248","2.259253978729248","2.259253978729248"
"565","2.1775405406951904","2.1775405406951904","2.1775405406951904","2.2312474250793457","2.2312474250793457","2.2312474250793457"
"566","2.182446241378784","2.182446241378784","2.182446241378784","2.2473886013031006","2.2473886013031006","2.2473886013031006"
"567","2.178781270980835","2.178781270980835","2.178781270980835","2.2136566638946533","2.2136566638946533","2.2136566638946533"
"568","2.1835408210754395","2.1835408210754395","2.1835408210754395","2.238223075866699","2.238223075866699","2.238223075866699"
"569","2.178597927093506","2.178597927093506","2.178597927093506","2.2101683616638184","2.2101683616638184","2.2101683616638184"
"570","2.1827571392059326","2.1827571392059326","2.1827571392059326","2.2581276893615723","2.2581276893615723","2.2581276893615723"
"571","2.1761667728424072","2.1761667728424072","2.1761667728424072","2.231060028076172","2.231060028076172","2.231060028076172"
"572","2.1752309799194336","2.1752309799194336","2.1752309799194336","2.220308542251587","2.220308542251587","2.220308542251587"
"573","2.17620587348938","2.17620587348938","2.17620587348938","2.242793083190918","2.242793083190918","2.242793083190918"
"574","2.18090558052063","2.18090558052063","2.18090558052063","2.2316999435424805","2.2316999435424805","2.2316999435424805"
"575","2.184065341949463","2.184065341949463","2.184065341949463","2.2138683795928955","2.2138683795928955","2.2138683795928955"
"576","2.185973882675171","2.185973882675171","2.185973882675171","2.2383744716644287","2.2383744716644287","2.2383744716644287"
"577","2.179647207260132","2.179647207260132","2.179647207260132","2.230980157852173","2.230980157852173","2.230980157852173"
"578","2.188638687133789","2.188638687133789","2.188638687133789","2.2393317222595215","2.2393317222595215","2.2393317222595215"
"579","2.17484450340271","2.17484450340271","2.17484450340271","2.196904182434082","2.196904182434082","2.196904182434082"
"580","2.178305149078369","2.178305149078369","2.178305149078369","2.2264347076416016","2.2264347076416016","2.2264347076416016"
"581","2.1795835494995117","2.1795835494995117","2.1795835494995117","2.243455171585083","2.243455171585083","2.243455171585083"
"582","2.184145450592041","2.184145450592041","2.184145450592041","2.2381865978240967","2.2381865978240967","2.2381865978240967"
"583","2.180302858352661","2.180302858352661","2.180302858352661","2.2335333824157715","2.2335333824157715","2.2335333824157715"
"584","2.180532217025757","2.180532217025757","2.180532217025757","2.2333974838256836","2.2333974838256836","2.2333974838256836"
"585","2.1895759105682373","2.1895759105682373","2.1895759105682373","2.2424705028533936","2.2424705028533936","2.2424705028533936"
"586","2.1808834075927734","2.1808834075927734","2.1808834075927734","2.2452142238616943","2.2452142238616943","2.2452142238616943"
"587","2.1782920360565186","2.1782920360565186","2.1782920360565186","2.24870228767395","2.24870228767395","2.24870228767395"
"588","2.1772303581237793","2.1772303581237793","2.1772303581237793","2.2309420108795166","2.2309420108795166","2.2309420108795166"
"589","2.1796343326568604","2.1796343326568604","2.1796343326568604","2.2184903621673584","2.2184903621673584","2.2184903621673584"
"590","2.182035446166992","2.182035446166992","2.182035446166992","2.2543187141418457","2.2543187141418457","2.2543187141418457"
"591","2.1794562339782715","2.1794562339782715","2.1794562339782715","2.1929407119750977","2.1929407119750977","2.1929407119750977"
"592","2.1895906925201416","2.1895906925201416","2.1895906925201416","2.2222671508789062","2.2222671508789062","2.2222671508789062"
"593","2.183548927307129","2.183548927307129","2.183548927307129","2.249890089035034","2.249890089035034","2.249890089035034"
"594","2.1880886554718018","2.1880886554718018","2.1880886554718018","2.2166435718536377","2.2166435718536377","2.2166435718536377"
"595","2.182234048843384","2.182234048843384","2.182234048843384","2.228511333465576","2.228511333465576","2.228511333465576"
"596","2.1832144260406494","2.1832144260406494","2.1832144260406494","2.2148869037628174","2.2148869037628174","2.2148869037628174"
"597","2.1795520782470703","2.1795520782470703","2.1795520782470703","2.217824697494507","2.217824697494507","2.217824697494507"
"598","2.1846764087677","2.1846764087677","2.1846764087677","2.2202565670013428","2.2202565670013428","2.2202565670013428"
"599","2.17899489402771","2.17899489402771","2.17899489402771","2.2015492916107178","2.2015492916107178","2.2015492916107178"
"600","2.17755389213562","2.17755389213562","2.17755389213562","2.2281880378723145","2.2281880378723145","2.2281880378723145"
"601","2.1768321990966797","2.1768321990966797","2.1768321990966797","2.1929643154144287","2.1929643154144287","2.1929643154144287"
"602","2.178086042404175","2.178086042404175","2.178086042404175","2.2526028156280518","2.2526028156280518","2.2526028156280518"
"603","2.1770007610321045","2.1770007610321045","2.1770007610321045","2.2252891063690186","2.2252891063690186","2.2252891063690186"
"604","2.1794116497039795","2.1794116497039795","2.1794116497039795","2.2270193099975586","2.2270193099975586","2.2270193099975586"
"605","2.1834347248077393","2.1834347248077393","2.1834347248077393","2.208834409713745","2.208834409713745","2.208834409713745"
"606","2.1870956420898438","2.1870956420898438","2.1870956420898438","2.224858045578003","2.224858045578003","2.224858045578003"
"607","2.186297655105591","2.186297655105591","2.186297655105591","2.209587335586548","2.209587335586548","2.209587335586548"
"608","2.178227424621582","2.178227424621582","2.178227424621582","2.2369346618652344","2.2369346618652344","2.2369346618652344"
"609","2.178816318511963","2.178816318511963","2.178816318511963","2.2192537784576416","2.2192537784576416","2.2192537784576416"
"610","2.183420181274414","2.183420181274414","2.183420181274414","2.2236006259918213","2.2236006259918213","2.2236006259918213"
"611","2.173881769180298","2.173881769180298","2.173881769180298","2.245563507080078","2.245563507080078","2.245563507080078"
"612","2.187312602996826","2.187312602996826","2.187312602996826","2.2224395275115967","2.2224395275115967","2.2224395275115967"
"613","2.177297353744507","2.177297353744507","2.177297353744507","2.238097667694092","2.238097667694092","2.238097667694092"
"614","2.1833128929138184","2.1833128929138184","2.1833128929138184","2.195713520050049","2.195713520050049","2.195713520050049"
"615","2.182950496673584","2.182950496673584","2.182950496673584","2.2285423278808594","2.2285423278808594","2.2285423278808594"
"616","2.1863067150115967","2.1863067150115967","2.1863067150115967","2.198904037475586","2.198904037475586","2.198904037475586"
"617","2.173962354660034","2.173962354660034","2.173962354660034","2.2435543537139893","2.2435543537139893","2.2435543537139893"
"618","2.1882989406585693","2.1882989406585693","2.1882989406585693","2.210554599761963","2.210554599761963","2.210554599761963"
"619","2.1784462928771973","2.1784462928771973","2.1784462928771973","2.260749578475952","2.260749578475952","2.260749578475952"
"620","2.1772749423980713","2.1772749423980713","2.1772749423980713","2.223992347717285","2.223992347717285","2.223992347717285"
"621","2.1814000606536865","2.1814000606536865","2.1814000606536865","2.241706609725952","2.241706609725952","2.241706609725952"
"622","2.179596424102783","2.179596424102783","2.179596424102783","","",""
"623","2.1822404861450195","2.1822404861450195","2.1822404861450195","","",""
"624","2.1828713417053223","2.1828713417053223","2.1828713417053223","","",""
"625","2.1862480640411377","2.1862480640411377","2.1862480640411377","","",""
"626","2.1848666667938232","2.1848666667938232","2.1848666667938232","","",""
"627","2.186706066131592","2.186706066131592","2.186706066131592","","",""
"628","2.17775297164917","2.17775297164917","2.17775297164917","","",""
"629","2.1778829097747803","2.1778829097747803","2.1778829097747803","","",""
"630","2.1824398040771484","2.1824398040771484","2.1824398040771484","","",""
"631","2.179161310195923","2.179161310195923","2.179161310195923","","",""
"632","2.179063320159912","2.179063320159912","2.179063320159912","","",""
"633","2.1768081188201904","2.1768081188201904","2.1768081188201904","","",""
"634","2.1785166263580322","2.1785166263580322","2.1785166263580322","","",""
"635","2.18209171295166","2.18209171295166","2.18209171295166","","",""
"636","2.1783463954925537","2.1783463954925537","2.1783463954925537","","",""
"637","2.1845133304595947","2.1845133304595947","2.1845133304595947","","",""
"638","2.178041458129883","2.178041458129883","2.178041458129883","","",""
"639","2.1865663528442383","2.1865663528442383","2.1865663528442383","","",""
"640","2.1916489601135254","2.1916489601135254","2.1916489601135254","","",""
"641","2.1800167560577393","2.1800167560577393","2.1800167560577393","","",""
"642","2.176969051361084","2.176969051361084","2.176969051361084","","",""
"643","2.1782002449035645","2.1782002449035645","2.1782002449035645","","",""
"644","2.179389238357544","2.179389238357544","2.179389238357544","","",""
"645","2.1784825325012207","2.1784825325012207","2.1784825325012207","","",""
"646","2.181875228881836","2.181875228881836","2.181875228881836","","",""
"647","2.1863648891448975","2.1863648891448975","2.1863648891448975","","",""
"648","2.1753554344177246","2.1753554344177246","2.1753554344177246","","",""
"649","2.1797754764556885","2.1797754764556885","2.1797754764556885","","",""
"650","2.1861326694488525","2.1861326694488525","2.1861326694488525","","",""
"651","2.1792714595794678","2.1792714595794678","2.1792714595794678","","",""
"652","2.1813876628875732","2.1813876628875732","2.1813876628875732","","",""
"653","2.1835453510284424","2.1835453510284424","2.1835453510284424","","",""
"654","2.183732748031616","2.183732748031616","2.183732748031616","","",""
"655","2.189452886581421","2.189452886581421","2.189452886581421","","",""
"656","2.185964584350586","2.185964584350586","2.185964584350586","","",""
"657","2.1760060787200928","2.1760060787200928","2.1760060787200928","","",""
"658","2.1822550296783447","2.1822550296783447","2.1822550296783447","","",""
"659","2.176924467086792","2.176924467086792","2.176924467086792","","",""
"660","2.1738269329071045","2.1738269329071045","2.1738269329071045","","",""
"661","2.1764519214630127","2.1764519214630127","2.1764519214630127","","",""
"662","2.1890060901641846","2.1890060901641846","2.1890060901641846","","",""
"663","2.175239324569702","2.175239324569702","2.175239324569702","","",""
"664","2.1863420009613037","2.1863420009613037","2.1863420009613037","","",""
"665","2.1855130195617676","2.1855130195617676","2.1855130195617676","","",""
"666","2.18110728263855","2.18110728263855","2.18110728263855","","",""
"667","2.1878888607025146","2.1878888607025146","2.1878888607025146","","",""
"668","2.1798012256622314","2.1798012256622314","2.1798012256622314","","",""
"669","2.1845710277557373","2.1845710277557373","2.1845710277557373","","",""
"670","2.180521011352539","2.180521011352539","2.180521011352539","","",""
"671","2.1811330318450928","2.1811330318450928","2.1811330318450928","","",""
"672","2.1953420639038086","2.1953420639038086","2.1953420639038086","","",""
"673","2.1810216903686523","2.1810216903686523","2.1810216903686523","","",""
"674","2.1813998222351074","2.1813998222351074","2.1813998222351074","","",""
"675","2.1846039295196533","2.1846039295196533","2.1846039295196533","","",""
"676","2.183413028717041","2.183413028717041","2.183413028717041","","",""
"677","2.1792383193969727","2.1792383193969727","2.1792383193969727","","",""
"678","2.1918599605560303","2.1918599605560303","2.1918599605560303","","",""
"679","2.1892528533935547","2.1892528533935547","2.1892528533935547","","",""
"680","2.179363965988159","2.179363965988159","2.179363965988159","","",""
"681","2.177553653717041","2.177553653717041","2.177553653717041","","",""
"682","2.1857597827911377","2.1857597827911377","2.1857597827911377","","",""
"683","2.1925477981567383","2.1925477981567383","2.1925477981567383","","",""
"684","2.1942615509033203","2.1942615509033203","2.1942615509033203","","",""
"685","2.181457281112671","2.181457281112671","2.181457281112671","","",""
"686","2.1778128147125244","2.1778128147125244","2.1778128147125244","","",""
"687","2.191805362701416","2.191805362701416","2.191805362701416","","",""
"688","2.183223247528076","2.183223247528076","2.183223247528076","","",""
"689","2.1904637813568115","2.1904637813568115","2.1904637813568115","","",""
"690","2.1764979362487793","2.1764979362487793","2.1764979362487793","","",""
"691","2.179981231689453","2.179981231689453","2.179981231689453","","",""
"692","2.184033155441284","2.184033155441284","2.184033155441284","","",""
"693","2.1876394748687744","2.1876394748687744","2.1876394748687744","","",""
"694","2.1816728115081787","2.1816728115081787","2.1816728115081787","","",""
"695","2.1832022666931152","2.1832022666931152","2.1832022666931152","","",""
"696","2.1844217777252197","2.1844217777252197","2.1844217777252197","","",""
"697","2.1905770301818848","2.1905770301818848","2.1905770301818848","","",""
"698","2.1834774017333984","2.1834774017333984","2.1834774017333984","","",""
"699","2.182035207748413","2.182035207748413","2.182035207748413","","",""
"700","2.180821657180786","2.180821657180786","2.180821657180786","","",""
"701","2.1802210807800293","2.1802210807800293","2.1802210807800293","","",""
"702","2.188913106918335","2.188913106918335","2.188913106918335","","",""
"703","2.1992862224578857","2.1992862224578857","2.1992862224578857","","",""
"704","2.186691999435425","2.186691999435425","2.186691999435425","","",""
"705","2.1813158988952637","2.1813158988952637","2.1813158988952637","","",""
"706","2.1822142601013184","2.1822142601013184","2.1822142601013184","","",""
"707","2.1862668991088867","2.1862668991088867","2.1862668991088867","","",""
"708","2.191615581512451","2.191615581512451","2.191615581512451","","",""
"709","2.1852996349334717","2.1852996349334717","2.1852996349334717","","",""
"710","2.1761972904205322","2.1761972904205322","2.1761972904205322","","",""
"711","2.1890721321105957","2.1890721321105957","2.1890721321105957","","",""
"712","2.1807587146759033","2.1807587146759033","2.1807587146759033","","",""
"713","2.1878864765167236","2.1878864765167236","2.1878864765167236","","",""